benchmark_version,source_data_version,benchmark_key,phase,indication_or_therapeutic_area,gbd_cause_id_3_ml,therapeutic_area,rare_disease_flag,benchmark_level_used,benchmark_n,benchmark_p25,benchmark_p50,benchmark_p75,benchmark_p90,low_confidence_flag,created_at,outlier_policy,calibration_notes
enrollment_benchmarks_v1,0a97519bd78f561a,phase_indication_rare|phase=PHASE1/PHASE2|indication=0|rare=0,PHASE1/PHASE2,0,0,,0,phase_indication_rare,2,138.0,240.0,342.0,403.2,True,2026-06-01T13:00:00+00:00,positive completed ACTUAL enrollment; percentiles used without winsorization,Deterministic v1 planned-enrollment benchmark; no enrollment ML model.
enrollment_benchmarks_v1,0a97519bd78f561a,phase_indication_rare|phase=PHASE1/PHASE2|indication=297|rare=0,PHASE1/PHASE2,297,297,,0,phase_indication_rare,2,71.0,88.0,105.0,115.2,True,2026-06-01T13:00:00+00:00,positive completed ACTUAL enrollment; percentiles used without winsorization,Deterministic v1 planned-enrollment benchmark; no enrollment ML model.
enrollment_benchmarks_v1,0a97519bd78f561a,phase_indication_rare|phase=PHASE1/PHASE2|indication=298|rare=0,PHASE1/PHASE2,298,298,,0,phase_indication_rare,26,26.25,36.0,52.0,178.0,True,2026-06-01T13:00:00+00:00,positive completed ACTUAL enrollment; percentiles used without winsorization,Deterministic v1 planned-enrollment benchmark; no enrollment ML model.
enrollment_benchmarks_v1,0a97519bd78f561a,phase_indication_rare|phase=PHASE1/PHASE2|indication=302|rare=0,PHASE1/PHASE2,302,302,,0,phase_indication_rare,3,116.0,132.0,356.0,490.4,True,2026-06-01T13:00:00+00:00,positive completed ACTUAL enrollment; percentiles used without winsorization,Deterministic v1 planned-enrollment benchmark; no enrollment ML model.
enrollment_benchmarks_v1,0a97519bd78f561a,phase_indication_rare|phase=PHASE1/PHASE2|indication=321|rare=0,PHASE1/PHASE2,321,321,,0,phase_indication_rare,7,69.0,102.0,358.5,569.6,True,2026-06-01T13:00:00+00:00,positive completed ACTUAL enrollment; percentiles used without winsorization,Deterministic v1 planned-enrollment benchmark; no enrollment ML model.
enrollment_benchmarks_v1,0a97519bd78f561a,phase_indication_rare|phase=PHASE1/PHASE2|indication=322|rare=0,PHASE1/PHASE2,322,322,,0,phase_indication_rare,37,48.0,183.0,600.0,682.8,True,2026-06-01T13:00:00+00:00,positive completed ACTUAL enrollment; percentiles used without winsorization,Deterministic v1 planned-enrollment benchmark; no enrollment ML model.
enrollment_benchmarks_v1,0a97519bd78f561a,phase_indication_rare|phase=PHASE1/PHASE2|indication=322|rare=1,PHASE1/PHASE2,322,322,,1,phase_indication_rare,2,32.5,36.0,39.5,41.6,True,2026-06-01T13:00:00+00:00,positive completed ACTUAL enrollment; percentiles used without winsorization,Deterministic v1 planned-enrollment benchmark; no enrollment ML model.
enrollment_benchmarks_v1,0a97519bd78f561a,phase_indication_rare|phase=PHASE1/PHASE2|indication=328|rare=0,PHASE1/PHASE2,328,328,,0,phase_indication_rare,43,105.0,276.0,534.0,847.6,True,2026-06-01T13:00:00+00:00,positive completed ACTUAL enrollment; percentiles used without winsorization,Deterministic v1 planned-enrollment benchmark; no enrollment ML model.
enrollment_benchmarks_v1,0a97519bd78f561a,phase_indication_rare|phase=PHASE1/PHASE2|indication=332|rare=0,PHASE1/PHASE2,332,332,,0,phase_indication_rare,4,166.0,696.5,1271.25,1372.5,True,2026-06-01T13:00:00+00:00,positive completed ACTUAL enrollment; percentiles used without winsorization,Deterministic v1 planned-enrollment benchmark; no enrollment ML model.
enrollment_benchmarks_v1,0a97519bd78f561a,phase_indication_rare|phase=PHASE1/PHASE2|indication=339|rare=0,PHASE1/PHASE2,339,339,,0,phase_indication_rare,2,373.0,703.0,1033.0,1231.0,True,2026-06-01T13:00:00+00:00,positive completed ACTUAL enrollment; percentiles used without winsorization,Deterministic v1 planned-enrollment benchmark; no enrollment ML model.
enrollment_benchmarks_v1,0a97519bd78f561a,phase_indication_rare|phase=PHASE1/PHASE2|indication=340|rare=0,PHASE1/PHASE2,340,340,,0,phase_indication_rare,1,202.0,202.0,202.0,202.0,True,2026-06-01T13:00:00+00:00,positive completed ACTUAL enrollment; percentiles used without winsorization,Deterministic v1 planned-enrollment benchmark; no enrollment ML model.
enrollment_benchmarks_v1,0a97519bd78f561a,phase_indication_rare|phase=PHASE1/PHASE2|indication=341|rare=0,PHASE1/PHASE2,341,341,,0,phase_indication_rare,1,281.0,281.0,281.0,281.0,True,2026-06-01T13:00:00+00:00,positive completed ACTUAL enrollment; percentiles used without winsorization,Deterministic v1 planned-enrollment benchmark; no enrollment ML model.
enrollment_benchmarks_v1,0a97519bd78f561a,phase_indication_rare|phase=PHASE1/PHASE2|indication=342|rare=0,PHASE1/PHASE2,342,342,,0,phase_indication_rare,1,522.0,522.0,522.0,522.0,True,2026-06-01T13:00:00+00:00,positive completed ACTUAL enrollment; percentiles used without winsorization,Deterministic v1 planned-enrollment benchmark; no enrollment ML model.
enrollment_benchmarks_v1,0a97519bd78f561a,phase_indication_rare|phase=PHASE1/PHASE2|indication=345|rare=0,PHASE1/PHASE2,345,345,,0,phase_indication_rare,3,99.5,163.0,250.0,302.2,True,2026-06-01T13:00:00+00:00,positive completed ACTUAL enrollment; percentiles used without winsorization,Deterministic v1 planned-enrollment benchmark; no enrollment ML model.
enrollment_benchmarks_v1,0a97519bd78f561a,phase_indication_rare|phase=PHASE1/PHASE2|indication=359|rare=0,PHASE1/PHASE2,359,359,,0,phase_indication_rare,2,65.75,98.5,131.25,150.9,True,2026-06-01T13:00:00+00:00,positive completed ACTUAL enrollment; percentiles used without winsorization,Deterministic v1 planned-enrollment benchmark; no enrollment ML model.
enrollment_benchmarks_v1,0a97519bd78f561a,phase_indication_rare|phase=PHASE1/PHASE2|indication=365|rare=1,PHASE1/PHASE2,365,365,,1,phase_indication_rare,1,96.0,96.0,96.0,96.0,True,2026-06-01T13:00:00+00:00,positive completed ACTUAL enrollment; percentiles used without winsorization,Deterministic v1 planned-enrollment benchmark; no enrollment ML model.
enrollment_benchmarks_v1,0a97519bd78f561a,phase_indication_rare|phase=PHASE1/PHASE2|indication=366|rare=0,PHASE1/PHASE2,366,366,,0,phase_indication_rare,1,230.0,230.0,230.0,230.0,True,2026-06-01T13:00:00+00:00,positive completed ACTUAL enrollment; percentiles used without winsorization,Deterministic v1 planned-enrollment benchmark; no enrollment ML model.
enrollment_benchmarks_v1,0a97519bd78f561a,phase_indication_rare|phase=PHASE1/PHASE2|indication=393|rare=0,PHASE1/PHASE2,393,393,,0,phase_indication_rare,8,58.5,154.0,400.0,654.7,True,2026-06-01T13:00:00+00:00,positive completed ACTUAL enrollment; percentiles used without winsorization,Deterministic v1 planned-enrollment benchmark; no enrollment ML model.
enrollment_benchmarks_v1,0a97519bd78f561a,phase_indication_rare|phase=PHASE1/PHASE2|indication=400|rare=0,PHASE1/PHASE2,400,400,,0,phase_indication_rare,4,32.75,40.5,54.75,66.9,True,2026-06-01T13:00:00+00:00,positive completed ACTUAL enrollment; percentiles used without winsorization,Deterministic v1 planned-enrollment benchmark; no enrollment ML model.
enrollment_benchmarks_v1,0a97519bd78f561a,phase_indication_rare|phase=PHASE1/PHASE2|indication=408|rare=0,PHASE1/PHASE2,408,408,,0,phase_indication_rare,25,27.0,60.0,351.0,824.4,True,2026-06-01T13:00:00+00:00,positive completed ACTUAL enrollment; percentiles used without winsorization,Deterministic v1 planned-enrollment benchmark; no enrollment ML model.
enrollment_benchmarks_v1,0a97519bd78f561a,phase_indication_rare|phase=PHASE1/PHASE2|indication=408|rare=1,PHASE1/PHASE2,408,408,,1,phase_indication_rare,2,38.25,68.5,98.75,116.9,True,2026-06-01T13:00:00+00:00,positive completed ACTUAL enrollment; percentiles used without winsorization,Deterministic v1 planned-enrollment benchmark; no enrollment ML model.
enrollment_benchmarks_v1,0a97519bd78f561a,phase_indication_rare|phase=PHASE1/PHASE2|indication=411|rare=0,PHASE1/PHASE2,411,411,,0,phase_indication_rare,2,83.25,85.5,87.75,89.1,True,2026-06-01T13:00:00+00:00,positive completed ACTUAL enrollment; percentiles used without winsorization,Deterministic v1 planned-enrollment benchmark; no enrollment ML model.
enrollment_benchmarks_v1,0a97519bd78f561a,phase_indication_rare|phase=PHASE1/PHASE2|indication=414|rare=0,PHASE1/PHASE2,414,414,,0,phase_indication_rare,11,31.0,62.0,104.5,130.0,True,2026-06-01T13:00:00+00:00,positive completed ACTUAL enrollment; percentiles used without winsorization,Deterministic v1 planned-enrollment benchmark; no enrollment ML model.
enrollment_benchmarks_v1,0a97519bd78f561a,phase_indication_rare|phase=PHASE1/PHASE2|indication=417|rare=0,PHASE1/PHASE2,417,417,,0,phase_indication_rare,28,25.25,60.5,103.0,140.5,True,2026-06-01T13:00:00+00:00,positive completed ACTUAL enrollment; percentiles used without winsorization,Deterministic v1 planned-enrollment benchmark; no enrollment ML model.
enrollment_benchmarks_v1,0a97519bd78f561a,phase_indication_rare|phase=PHASE1/PHASE2|indication=417|rare=1,PHASE1/PHASE2,417,417,,1,phase_indication_rare,1,490.0,490.0,490.0,490.0,True,2026-06-01T13:00:00+00:00,positive completed ACTUAL enrollment; percentiles used without winsorization,Deterministic v1 planned-enrollment benchmark; no enrollment ML model.
enrollment_benchmarks_v1,0a97519bd78f561a,phase_indication_rare|phase=PHASE1/PHASE2|indication=426|rare=0,PHASE1/PHASE2,426,426,,0,phase_indication_rare,65,40.0,100.0,140.0,224.6,False,2026-06-01T13:00:00+00:00,positive completed ACTUAL enrollment; percentiles used without winsorization,Deterministic v1 planned-enrollment benchmark; no enrollment ML model.
enrollment_benchmarks_v1,0a97519bd78f561a,phase_indication_rare|phase=PHASE1/PHASE2|indication=429|rare=0,PHASE1/PHASE2,429,429,,0,phase_indication_rare,38,48.25,93.5,147.0,182.9,True,2026-06-01T13:00:00+00:00,positive completed ACTUAL enrollment; percentiles used without winsorization,Deterministic v1 planned-enrollment benchmark; no enrollment ML model.
enrollment_benchmarks_v1,0a97519bd78f561a,phase_indication_rare|phase=PHASE1/PHASE2|indication=432|rare=0,PHASE1/PHASE2,432,432,,0,phase_indication_rare,11,33.0,93.0,177.0,211.0,True,2026-06-01T13:00:00+00:00,positive completed ACTUAL enrollment; percentiles used without winsorization,Deterministic v1 planned-enrollment benchmark; no enrollment ML model.
enrollment_benchmarks_v1,0a97519bd78f561a,phase_indication_rare|phase=PHASE1/PHASE2|indication=435|rare=0,PHASE1/PHASE2,435,435,,0,phase_indication_rare,1,103.0,103.0,103.0,103.0,True,2026-06-01T13:00:00+00:00,positive completed ACTUAL enrollment; percentiles used without winsorization,Deterministic v1 planned-enrollment benchmark; no enrollment ML model.
enrollment_benchmarks_v1,0a97519bd78f561a,phase_indication_rare|phase=PHASE1/PHASE2|indication=438|rare=0,PHASE1/PHASE2,438,438,,0,phase_indication_rare,37,24.0,45.0,75.0,151.4,True,2026-06-01T13:00:00+00:00,positive completed ACTUAL enrollment; percentiles used without winsorization,Deterministic v1 planned-enrollment benchmark; no enrollment ML model.
enrollment_benchmarks_v1,0a97519bd78f561a,phase_indication_rare|phase=PHASE1/PHASE2|indication=441|rare=0,PHASE1/PHASE2,441,441,,0,phase_indication_rare,34,29.75,54.5,124.5,230.5,True,2026-06-01T13:00:00+00:00,positive completed ACTUAL enrollment; percentiles used without winsorization,Deterministic v1 planned-enrollment benchmark; no enrollment ML model.
enrollment_benchmarks_v1,0a97519bd78f561a,phase_indication_rare|phase=PHASE1/PHASE2|indication=444|rare=0,PHASE1/PHASE2,444,444,,0,phase_indication_rare,8,19.75,29.0,47.25,160.8,True,2026-06-01T13:00:00+00:00,positive completed ACTUAL enrollment; percentiles used without winsorization,Deterministic v1 planned-enrollment benchmark; no enrollment ML model.
enrollment_benchmarks_v1,0a97519bd78f561a,phase_indication_rare|phase=PHASE1/PHASE2|indication=447|rare=0,PHASE1/PHASE2,447,447,,0,phase_indication_rare,1,6.0,6.0,6.0,6.0,True,2026-06-01T13:00:00+00:00,positive completed ACTUAL enrollment; percentiles used without winsorization,Deterministic v1 planned-enrollment benchmark; no enrollment ML model.
enrollment_benchmarks_v1,0a97519bd78f561a,phase_indication_rare|phase=PHASE1/PHASE2|indication=450|rare=0,PHASE1/PHASE2,450,450,,0,phase_indication_rare,3,25.5,29.0,62.0,81.8,True,2026-06-01T13:00:00+00:00,positive completed ACTUAL enrollment; percentiles used without winsorization,Deterministic v1 planned-enrollment benchmark; no enrollment ML model.
enrollment_benchmarks_v1,0a97519bd78f561a,phase_indication_rare|phase=PHASE1/PHASE2|indication=453|rare=0,PHASE1/PHASE2,453,453,,0,phase_indication_rare,2,61.75,83.5,105.25,118.3,True,2026-06-01T13:00:00+00:00,positive completed ACTUAL enrollment; percentiles used without winsorization,Deterministic v1 planned-enrollment benchmark; no enrollment ML model.
enrollment_benchmarks_v1,0a97519bd78f561a,phase_indication_rare|phase=PHASE1/PHASE2|indication=456|rare=0,PHASE1/PHASE2,456,456,,0,phase_indication_rare,35,28.5,47.0,131.5,178.4,True,2026-06-01T13:00:00+00:00,positive completed ACTUAL enrollment; percentiles used without winsorization,Deterministic v1 planned-enrollment benchmark; no enrollment ML model.
enrollment_benchmarks_v1,0a97519bd78f561a,phase_indication_rare|phase=PHASE1/PHASE2|indication=456|rare=1,PHASE1/PHASE2,456,456,,1,phase_indication_rare,1,51.0,51.0,51.0,51.0,True,2026-06-01T13:00:00+00:00,positive completed ACTUAL enrollment; percentiles used without winsorization,Deterministic v1 planned-enrollment benchmark; no enrollment ML model.
enrollment_benchmarks_v1,0a97519bd78f561a,phase_indication_rare|phase=PHASE1/PHASE2|indication=459|rare=0,PHASE1/PHASE2,459,459,,0,phase_indication_rare,20,26.0,41.5,104.0,153.1,True,2026-06-01T13:00:00+00:00,positive completed ACTUAL enrollment; percentiles used without winsorization,Deterministic v1 planned-enrollment benchmark; no enrollment ML model.
enrollment_benchmarks_v1,0a97519bd78f561a,phase_indication_rare|phase=PHASE1/PHASE2|indication=462|rare=0,PHASE1/PHASE2,462,462,,0,phase_indication_rare,9,25.0,37.0,224.0,335.0,True,2026-06-01T13:00:00+00:00,positive completed ACTUAL enrollment; percentiles used without winsorization,Deterministic v1 planned-enrollment benchmark; no enrollment ML model.
enrollment_benchmarks_v1,0a97519bd78f561a,phase_indication_rare|phase=PHASE1/PHASE2|indication=465|rare=0,PHASE1/PHASE2,465,465,,0,phase_indication_rare,14,19.75,88.5,139.0,218.5,True,2026-06-01T13:00:00+00:00,positive completed ACTUAL enrollment; percentiles used without winsorization,Deterministic v1 planned-enrollment benchmark; no enrollment ML model.
enrollment_benchmarks_v1,0a97519bd78f561a,phase_indication_rare|phase=PHASE1/PHASE2|indication=465|rare=1,PHASE1/PHASE2,465,465,,1,phase_indication_rare,1,117.0,117.0,117.0,117.0,True,2026-06-01T13:00:00+00:00,positive completed ACTUAL enrollment; percentiles used without winsorization,Deterministic v1 planned-enrollment benchmark; no enrollment ML model.
enrollment_benchmarks_v1,0a97519bd78f561a,phase_indication_rare|phase=PHASE1/PHASE2|indication=471|rare=0,PHASE1/PHASE2,471,471,,0,phase_indication_rare,6,21.25,51.0,91.25,135.0,True,2026-06-01T13:00:00+00:00,positive completed ACTUAL enrollment; percentiles used without winsorization,Deterministic v1 planned-enrollment benchmark; no enrollment ML model.
enrollment_benchmarks_v1,0a97519bd78f561a,phase_indication_rare|phase=PHASE1/PHASE2|indication=474|rare=0,PHASE1/PHASE2,474,474,,0,phase_indication_rare,7,18.0,35.0,81.5,165.8,True,2026-06-01T13:00:00+00:00,positive completed ACTUAL enrollment; percentiles used without winsorization,Deterministic v1 planned-enrollment benchmark; no enrollment ML model.
enrollment_benchmarks_v1,0a97519bd78f561a,phase_indication_rare|phase=PHASE1/PHASE2|indication=477|rare=0,PHASE1/PHASE2,477,477,,0,phase_indication_rare,24,21.75,57.0,77.25,119.5,True,2026-06-01T13:00:00+00:00,positive completed ACTUAL enrollment; percentiles used without winsorization,Deterministic v1 planned-enrollment benchmark; no enrollment ML model.
enrollment_benchmarks_v1,0a97519bd78f561a,phase_indication_rare|phase=PHASE1/PHASE2|indication=477|rare=1,PHASE1/PHASE2,477,477,,1,phase_indication_rare,3,15.5,18.0,23.0,26.0,True,2026-06-01T13:00:00+00:00,positive completed ACTUAL enrollment; percentiles used without winsorization,Deterministic v1 planned-enrollment benchmark; no enrollment ML model.
enrollment_benchmarks_v1,0a97519bd78f561a,phase_indication_rare|phase=PHASE1/PHASE2|indication=480|rare=0,PHASE1/PHASE2,480,480,,0,phase_indication_rare,4,12.5,23.5,40.75,54.7,True,2026-06-01T13:00:00+00:00,positive completed ACTUAL enrollment; percentiles used without winsorization,Deterministic v1 planned-enrollment benchmark; no enrollment ML model.
enrollment_benchmarks_v1,0a97519bd78f561a,phase_indication_rare|phase=PHASE1/PHASE2|indication=483|rare=0,PHASE1/PHASE2,483,483,,0,phase_indication_rare,1,40.0,40.0,40.0,40.0,True,2026-06-01T13:00:00+00:00,positive completed ACTUAL enrollment; percentiles used without winsorization,Deterministic v1 planned-enrollment benchmark; no enrollment ML model.
enrollment_benchmarks_v1,0a97519bd78f561a,phase_indication_rare|phase=PHASE1/PHASE2|indication=483|rare=1,PHASE1/PHASE2,483,483,,1,phase_indication_rare,2,16.0,20.0,24.0,26.4,True,2026-06-01T13:00:00+00:00,positive completed ACTUAL enrollment; percentiles used without winsorization,Deterministic v1 planned-enrollment benchmark; no enrollment ML model.
enrollment_benchmarks_v1,0a97519bd78f561a,phase_indication_rare|phase=PHASE1/PHASE2|indication=484|rare=0,PHASE1/PHASE2,484,484,,0,phase_indication_rare,3,74.0,93.0,93.5,93.8,True,2026-06-01T13:00:00+00:00,positive completed ACTUAL enrollment; percentiles used without winsorization,Deterministic v1 planned-enrollment benchmark; no enrollment ML model.
enrollment_benchmarks_v1,0a97519bd78f561a,phase_indication_rare|phase=PHASE1/PHASE2|indication=485|rare=0,PHASE1/PHASE2,485,485,,0,phase_indication_rare,51,36.5,71.0,137.5,267.0,False,2026-06-01T13:00:00+00:00,positive completed ACTUAL enrollment; percentiles used without winsorization,Deterministic v1 planned-enrollment benchmark; no enrollment ML model.
enrollment_benchmarks_v1,0a97519bd78f561a,phase_indication_rare|phase=PHASE1/PHASE2|indication=485|rare=1,PHASE1/PHASE2,485,485,,1,phase_indication_rare,7,29.0,42.0,73.0,125.4,True,2026-06-01T13:00:00+00:00,positive completed ACTUAL enrollment; percentiles used without winsorization,Deterministic v1 planned-enrollment benchmark; no enrollment ML model.
enrollment_benchmarks_v1,0a97519bd78f561a,phase_indication_rare|phase=PHASE1/PHASE2|indication=486|rare=0,PHASE1/PHASE2,486,486,,0,phase_indication_rare,31,37.5,50.0,80.0,116.0,True,2026-06-01T13:00:00+00:00,positive completed ACTUAL enrollment; percentiles used without winsorization,Deterministic v1 planned-enrollment benchmark; no enrollment ML model.
enrollment_benchmarks_v1,0a97519bd78f561a,phase_indication_rare|phase=PHASE1/PHASE2|indication=486|rare=1,PHASE1/PHASE2,486,486,,1,phase_indication_rare,1,19.0,19.0,19.0,19.0,True,2026-06-01T13:00:00+00:00,positive completed ACTUAL enrollment; percentiles used without winsorization,Deterministic v1 planned-enrollment benchmark; no enrollment ML model.
enrollment_benchmarks_v1,0a97519bd78f561a,phase_indication_rare|phase=PHASE1/PHASE2|indication=487|rare=0,PHASE1/PHASE2,487,487,,0,phase_indication_rare,49,22.0,38.0,69.0,126.6,True,2026-06-01T13:00:00+00:00,positive completed ACTUAL enrollment; percentiles used without winsorization,Deterministic v1 planned-enrollment benchmark; no enrollment ML model.
enrollment_benchmarks_v1,0a97519bd78f561a,phase_indication_rare|phase=PHASE1/PHASE2|indication=487|rare=1,PHASE1/PHASE2,487,487,,1,phase_indication_rare,4,58.5,79.5,104.25,124.5,True,2026-06-01T13:00:00+00:00,positive completed ACTUAL enrollment; percentiles used without winsorization,Deterministic v1 planned-enrollment benchmark; no enrollment ML model.
enrollment_benchmarks_v1,0a97519bd78f561a,phase_indication_rare|phase=PHASE1/PHASE2|indication=489|rare=0,PHASE1/PHASE2,489,489,,0,phase_indication_rare,242,38.25,73.0,148.75,280.5,False,2026-06-01T13:00:00+00:00,positive completed ACTUAL enrollment; percentiles used without winsorization,Deterministic v1 planned-enrollment benchmark; no enrollment ML model.
enrollment_benchmarks_v1,0a97519bd78f561a,phase_indication_rare|phase=PHASE1/PHASE2|indication=489|rare=1,PHASE1/PHASE2,489,489,,1,phase_indication_rare,13,40.0,51.0,65.0,106.8,True,2026-06-01T13:00:00+00:00,positive completed ACTUAL enrollment; percentiles used without winsorization,Deterministic v1 planned-enrollment benchmark; no enrollment ML model.
enrollment_benchmarks_v1,0a97519bd78f561a,phase_indication_rare|phase=PHASE1/PHASE2|indication=490|rare=0,PHASE1/PHASE2,490,490,,0,phase_indication_rare,9,31.0,48.0,96.0,108.4,True,2026-06-01T13:00:00+00:00,positive completed ACTUAL enrollment; percentiles used without winsorization,Deterministic v1 planned-enrollment benchmark; no enrollment ML model.
enrollment_benchmarks_v1,0a97519bd78f561a,phase_indication_rare|phase=PHASE1/PHASE2|indication=490|rare=1,PHASE1/PHASE2,490,490,,1,phase_indication_rare,9,50.0,82.0,113.0,161.2,True,2026-06-01T13:00:00+00:00,positive completed ACTUAL enrollment; percentiles used without winsorization,Deterministic v1 planned-enrollment benchmark; no enrollment ML model.
enrollment_benchmarks_v1,0a97519bd78f561a,phase_indication_rare|phase=PHASE1/PHASE2|indication=493|rare=0,PHASE1/PHASE2,493,493,,0,phase_indication_rare,11,13.5,20.0,72.5,126.0,True,2026-06-01T13:00:00+00:00,positive completed ACTUAL enrollment; percentiles used without winsorization,Deterministic v1 planned-enrollment benchmark; no enrollment ML model.
enrollment_benchmarks_v1,0a97519bd78f561a,phase_indication_rare|phase=PHASE1/PHASE2|indication=494|rare=0,PHASE1/PHASE2,494,494,,0,phase_indication_rare,10,23.0,56.5,99.25,151.9,True,2026-06-01T13:00:00+00:00,positive completed ACTUAL enrollment; percentiles used without winsorization,Deterministic v1 planned-enrollment benchmark; no enrollment ML model.
enrollment_benchmarks_v1,0a97519bd78f561a,phase_indication_rare|phase=PHASE1/PHASE2|indication=498|rare=0,PHASE1/PHASE2,498,498,,0,phase_indication_rare,7,34.5,39.0,46.0,54.4,True,2026-06-01T13:00:00+00:00,positive completed ACTUAL enrollment; percentiles used without winsorization,Deterministic v1 planned-enrollment benchmark; no enrollment ML model.
enrollment_benchmarks_v1,0a97519bd78f561a,phase_indication_rare|phase=PHASE1/PHASE2|indication=499|rare=0,PHASE1/PHASE2,499,499,,0,phase_indication_rare,1,28.0,28.0,28.0,28.0,True,2026-06-01T13:00:00+00:00,positive completed ACTUAL enrollment; percentiles used without winsorization,Deterministic v1 planned-enrollment benchmark; no enrollment ML model.
enrollment_benchmarks_v1,0a97519bd78f561a,phase_indication_rare|phase=PHASE1/PHASE2|indication=499|rare=1,PHASE1/PHASE2,499,499,,1,phase_indication_rare,1,1.0,1.0,1.0,1.0,True,2026-06-01T13:00:00+00:00,positive completed ACTUAL enrollment; percentiles used without winsorization,Deterministic v1 planned-enrollment benchmark; no enrollment ML model.
enrollment_benchmarks_v1,0a97519bd78f561a,phase_indication_rare|phase=PHASE1/PHASE2|indication=502|rare=0,PHASE1/PHASE2,502,502,,0,phase_indication_rare,4,20.0,20.5,22.0,23.8,True,2026-06-01T13:00:00+00:00,positive completed ACTUAL enrollment; percentiles used without winsorization,Deterministic v1 planned-enrollment benchmark; no enrollment ML model.
enrollment_benchmarks_v1,0a97519bd78f561a,phase_indication_rare|phase=PHASE1/PHASE2|indication=507|rare=0,PHASE1/PHASE2,507,507,,0,phase_indication_rare,13,10.0,20.0,36.0,56.0,True,2026-06-01T13:00:00+00:00,positive completed ACTUAL enrollment; percentiles used without winsorization,Deterministic v1 planned-enrollment benchmark; no enrollment ML model.
enrollment_benchmarks_v1,0a97519bd78f561a,phase_indication_rare|phase=PHASE1/PHASE2|indication=509|rare=0,PHASE1/PHASE2,509,509,,0,phase_indication_rare,9,26.0,33.0,65.0,110.0,True,2026-06-01T13:00:00+00:00,positive completed ACTUAL enrollment; percentiles used without winsorization,Deterministic v1 planned-enrollment benchmark; no enrollment ML model.
enrollment_benchmarks_v1,0a97519bd78f561a,phase_indication_rare|phase=PHASE1/PHASE2|indication=515|rare=0,PHASE1/PHASE2,515,515,,0,phase_indication_rare,12,23.75,33.5,61.0,84.7,True,2026-06-01T13:00:00+00:00,positive completed ACTUAL enrollment; percentiles used without winsorization,Deterministic v1 planned-enrollment benchmark; no enrollment ML model.
enrollment_benchmarks_v1,0a97519bd78f561a,phase_indication_rare|phase=PHASE1/PHASE2|indication=516|rare=0,PHASE1/PHASE2,516,516,,0,phase_indication_rare,4,31.5,48.5,71.25,91.5,True,2026-06-01T13:00:00+00:00,positive completed ACTUAL enrollment; percentiles used without winsorization,Deterministic v1 planned-enrollment benchmark; no enrollment ML model.
enrollment_benchmarks_v1,0a97519bd78f561a,phase_indication_rare|phase=PHASE1/PHASE2|indication=516|rare=1,PHASE1/PHASE2,516,516,,1,phase_indication_rare,2,29.75,35.5,41.25,44.7,True,2026-06-01T13:00:00+00:00,positive completed ACTUAL enrollment; percentiles used without winsorization,Deterministic v1 planned-enrollment benchmark; no enrollment ML model.
enrollment_benchmarks_v1,0a97519bd78f561a,phase_indication_rare|phase=PHASE1/PHASE2|indication=520|rare=0,PHASE1/PHASE2,520,520,,0,phase_indication_rare,18,39.0,59.5,79.0,88.3,True,2026-06-01T13:00:00+00:00,positive completed ACTUAL enrollment; percentiles used without winsorization,Deterministic v1 planned-enrollment benchmark; no enrollment ML model.
enrollment_benchmarks_v1,0a97519bd78f561a,phase_indication_rare|phase=PHASE1/PHASE2|indication=520|rare=1,PHASE1/PHASE2,520,520,,1,phase_indication_rare,9,12.0,32.0,70.0,188.2,True,2026-06-01T13:00:00+00:00,positive completed ACTUAL enrollment; percentiles used without winsorization,Deterministic v1 planned-enrollment benchmark; no enrollment ML model.
enrollment_benchmarks_v1,0a97519bd78f561a,phase_indication_rare|phase=PHASE1/PHASE2|indication=521|rare=0,PHASE1/PHASE2,521,521,,0,phase_indication_rare,30,24.0,37.5,54.75,102.3,True,2026-06-01T13:00:00+00:00,positive completed ACTUAL enrollment; percentiles used without winsorization,Deterministic v1 planned-enrollment benchmark; no enrollment ML model.
enrollment_benchmarks_v1,0a97519bd78f561a,phase_indication_rare|phase=PHASE1/PHASE2|indication=521|rare=1,PHASE1/PHASE2,521,521,,1,phase_indication_rare,1,42.0,42.0,42.0,42.0,True,2026-06-01T13:00:00+00:00,positive completed ACTUAL enrollment; percentiles used without winsorization,Deterministic v1 planned-enrollment benchmark; no enrollment ML model.
enrollment_benchmarks_v1,0a97519bd78f561a,phase_indication_rare|phase=PHASE1/PHASE2|indication=530|rare=0,PHASE1/PHASE2,530,530,,0,phase_indication_rare,3,81.0,102.0,111.0,116.4,True,2026-06-01T13:00:00+00:00,positive completed ACTUAL enrollment; percentiles used without winsorization,Deterministic v1 planned-enrollment benchmark; no enrollment ML model.
enrollment_benchmarks_v1,0a97519bd78f561a,phase_indication_rare|phase=PHASE1/PHASE2|indication=531|rare=0,PHASE1/PHASE2,531,531,,0,phase_indication_rare,1,65.0,65.0,65.0,65.0,True,2026-06-01T13:00:00+00:00,positive completed ACTUAL enrollment; percentiles used without winsorization,Deterministic v1 planned-enrollment benchmark; no enrollment ML model.
enrollment_benchmarks_v1,0a97519bd78f561a,phase_indication_rare|phase=PHASE1/PHASE2|indication=532|rare=0,PHASE1/PHASE2,532,532,,0,phase_indication_rare,7,22.0,28.0,33.5,48.2,True,2026-06-01T13:00:00+00:00,positive completed ACTUAL enrollment; percentiles used without winsorization,Deterministic v1 planned-enrollment benchmark; no enrollment ML model.
enrollment_benchmarks_v1,0a97519bd78f561a,phase_indication_rare|phase=PHASE1/PHASE2|indication=535|rare=0,PHASE1/PHASE2,535,535,,0,phase_indication_rare,3,24.0,36.0,150.0,218.4,True,2026-06-01T13:00:00+00:00,positive completed ACTUAL enrollment; percentiles used without winsorization,Deterministic v1 planned-enrollment benchmark; no enrollment ML model.
enrollment_benchmarks_v1,0a97519bd78f561a,phase_indication_rare|phase=PHASE1/PHASE2|indication=535|rare=1,PHASE1/PHASE2,535,535,,1,phase_indication_rare,1,35.0,35.0,35.0,35.0,True,2026-06-01T13:00:00+00:00,positive completed ACTUAL enrollment; percentiles used without winsorization,Deterministic v1 planned-enrollment benchmark; no enrollment ML model.
enrollment_benchmarks_v1,0a97519bd78f561a,phase_indication_rare|phase=PHASE1/PHASE2|indication=543|rare=0,PHASE1/PHASE2,543,543,,0,phase_indication_rare,22,23.25,37.5,63.0,106.3,True,2026-06-01T13:00:00+00:00,positive completed ACTUAL enrollment; percentiles used without winsorization,Deterministic v1 planned-enrollment benchmark; no enrollment ML model.
enrollment_benchmarks_v1,0a97519bd78f561a,phase_indication_rare|phase=PHASE1/PHASE2|indication=544|rare=0,PHASE1/PHASE2,544,544,,0,phase_indication_rare,14,14.0,16.0,36.0,53.7,True,2026-06-01T13:00:00+00:00,positive completed ACTUAL enrollment; percentiles used without winsorization,Deterministic v1 planned-enrollment benchmark; no enrollment ML model.
enrollment_benchmarks_v1,0a97519bd78f561a,phase_indication_rare|phase=PHASE1/PHASE2|indication=545|rare=0,PHASE1/PHASE2,545,545,,0,phase_indication_rare,6,26.25,30.5,34.0,48.0,True,2026-06-01T13:00:00+00:00,positive completed ACTUAL enrollment; percentiles used without winsorization,Deterministic v1 planned-enrollment benchmark; no enrollment ML model.
enrollment_benchmarks_v1,0a97519bd78f561a,phase_indication_rare|phase=PHASE1/PHASE2|indication=545|rare=1,PHASE1/PHASE2,545,545,,1,phase_indication_rare,1,62.0,62.0,62.0,62.0,True,2026-06-01T13:00:00+00:00,positive completed ACTUAL enrollment; percentiles used without winsorization,Deterministic v1 planned-enrollment benchmark; no enrollment ML model.
enrollment_benchmarks_v1,0a97519bd78f561a,phase_indication_rare|phase=PHASE1/PHASE2|indication=546|rare=0,PHASE1/PHASE2,546,546,,0,phase_indication_rare,4,23.75,28.5,32.5,33.4,True,2026-06-01T13:00:00+00:00,positive completed ACTUAL enrollment; percentiles used without winsorization,Deterministic v1 planned-enrollment benchmark; no enrollment ML model.
enrollment_benchmarks_v1,0a97519bd78f561a,phase_indication_rare|phase=PHASE1/PHASE2|indication=554|rare=1,PHASE1/PHASE2,554,554,,1,phase_indication_rare,8,17.5,25.5,36.25,49.6,True,2026-06-01T13:00:00+00:00,positive completed ACTUAL enrollment; percentiles used without winsorization,Deterministic v1 planned-enrollment benchmark; no enrollment ML model.
enrollment_benchmarks_v1,0a97519bd78f561a,phase_indication_rare|phase=PHASE1/PHASE2|indication=557|rare=0,PHASE1/PHASE2,557,557,,0,phase_indication_rare,13,24.0,34.0,50.0,58.4,True,2026-06-01T13:00:00+00:00,positive completed ACTUAL enrollment; percentiles used without winsorization,Deterministic v1 planned-enrollment benchmark; no enrollment ML model.
enrollment_benchmarks_v1,0a97519bd78f561a,phase_indication_rare|phase=PHASE1/PHASE2|indication=557|rare=1,PHASE1/PHASE2,557,557,,1,phase_indication_rare,9,8.0,18.0,46.0,48.0,True,2026-06-01T13:00:00+00:00,positive completed ACTUAL enrollment; percentiles used without winsorization,Deterministic v1 planned-enrollment benchmark; no enrollment ML model.
enrollment_benchmarks_v1,0a97519bd78f561a,phase_indication_rare|phase=PHASE1/PHASE2|indication=559|rare=0,PHASE1/PHASE2,559,559,,0,phase_indication_rare,6,62.0,69.0,78.25,173.5,True,2026-06-01T13:00:00+00:00,positive completed ACTUAL enrollment; percentiles used without winsorization,Deterministic v1 planned-enrollment benchmark; no enrollment ML model.
enrollment_benchmarks_v1,0a97519bd78f561a,phase_indication_rare|phase=PHASE1/PHASE2|indication=560|rare=0,PHASE1/PHASE2,560,560,,0,phase_indication_rare,2,25.25,25.5,25.75,25.9,True,2026-06-01T13:00:00+00:00,positive completed ACTUAL enrollment; percentiles used without winsorization,Deterministic v1 planned-enrollment benchmark; no enrollment ML model.
enrollment_benchmarks_v1,0a97519bd78f561a,phase_indication_rare|phase=PHASE1/PHASE2|indication=561|rare=0,PHASE1/PHASE2,561,561,,0,phase_indication_rare,5,51.0,77.0,116.0,181.4,True,2026-06-01T13:00:00+00:00,positive completed ACTUAL enrollment; percentiles used without winsorization,Deterministic v1 planned-enrollment benchmark; no enrollment ML model.
enrollment_benchmarks_v1,0a97519bd78f561a,phase_indication_rare|phase=PHASE1/PHASE2|indication=567|rare=0,PHASE1/PHASE2,567,567,,0,phase_indication_rare,7,33.0,42.0,61.5,130.0,True,2026-06-01T13:00:00+00:00,positive completed ACTUAL enrollment; percentiles used without winsorization,Deterministic v1 planned-enrollment benchmark; no enrollment ML model.
enrollment_benchmarks_v1,0a97519bd78f561a,phase_indication_rare|phase=PHASE1/PHASE2|indication=571|rare=0,PHASE1/PHASE2,571,571,,0,phase_indication_rare,3,72.5,79.0,132.5,164.6,True,2026-06-01T13:00:00+00:00,positive completed ACTUAL enrollment; percentiles used without winsorization,Deterministic v1 planned-enrollment benchmark; no enrollment ML model.
enrollment_benchmarks_v1,0a97519bd78f561a,phase_indication_rare|phase=PHASE1/PHASE2|indication=575|rare=0,PHASE1/PHASE2,575,575,,0,phase_indication_rare,3,18.5,20.0,28.5,33.6,True,2026-06-01T13:00:00+00:00,positive completed ACTUAL enrollment; percentiles used without winsorization,Deterministic v1 planned-enrollment benchmark; no enrollment ML model.
enrollment_benchmarks_v1,0a97519bd78f561a,phase_indication_rare|phase=PHASE1/PHASE2|indication=578|rare=0,PHASE1/PHASE2,578,578,,0,phase_indication_rare,4,37.75,42.5,46.75,49.9,True,2026-06-01T13:00:00+00:00,positive completed ACTUAL enrollment; percentiles used without winsorization,Deterministic v1 planned-enrollment benchmark; no enrollment ML model.
enrollment_benchmarks_v1,0a97519bd78f561a,phase_indication_rare|phase=PHASE1/PHASE2|indication=582|rare=1,PHASE1/PHASE2,582,582,,1,phase_indication_rare,1,74.0,74.0,74.0,74.0,True,2026-06-01T13:00:00+00:00,positive completed ACTUAL enrollment; percentiles used without winsorization,Deterministic v1 planned-enrollment benchmark; no enrollment ML model.
enrollment_benchmarks_v1,0a97519bd78f561a,phase_indication_rare|phase=PHASE1/PHASE2|indication=585|rare=0,PHASE1/PHASE2,585,585,,0,phase_indication_rare,5,12.0,30.0,65.0,84.2,True,2026-06-01T13:00:00+00:00,positive completed ACTUAL enrollment; percentiles used without winsorization,Deterministic v1 planned-enrollment benchmark; no enrollment ML model.
enrollment_benchmarks_v1,0a97519bd78f561a,phase_indication_rare|phase=PHASE1/PHASE2|indication=587|rare=0,PHASE1/PHASE2,587,587,,0,phase_indication_rare,46,24.0,41.0,74.25,140.0,True,2026-06-01T13:00:00+00:00,positive completed ACTUAL enrollment; percentiles used without winsorization,Deterministic v1 planned-enrollment benchmark; no enrollment ML model.
enrollment_benchmarks_v1,0a97519bd78f561a,phase_indication_rare|phase=PHASE1/PHASE2|indication=589|rare=0,PHASE1/PHASE2,589,589,,0,phase_indication_rare,27,20.0,31.0,51.0,71.6,True,2026-06-01T13:00:00+00:00,positive completed ACTUAL enrollment; percentiles used without winsorization,Deterministic v1 planned-enrollment benchmark; no enrollment ML model.
enrollment_benchmarks_v1,0a97519bd78f561a,phase_indication_rare|phase=PHASE1/PHASE2|indication=589|rare=1,PHASE1/PHASE2,589,589,,1,phase_indication_rare,3,24.0,28.0,45.0,55.2,True,2026-06-01T13:00:00+00:00,positive completed ACTUAL enrollment; percentiles used without winsorization,Deterministic v1 planned-enrollment benchmark; no enrollment ML model.
enrollment_benchmarks_v1,0a97519bd78f561a,phase_indication_rare|phase=PHASE1/PHASE2|indication=594|rare=0,PHASE1/PHASE2,594,594,,0,phase_indication_rare,13,24.0,33.0,42.0,79.4,True,2026-06-01T13:00:00+00:00,positive completed ACTUAL enrollment; percentiles used without winsorization,Deterministic v1 planned-enrollment benchmark; no enrollment ML model.
enrollment_benchmarks_v1,0a97519bd78f561a,phase_indication_rare|phase=PHASE1/PHASE2|indication=594|rare=1,PHASE1/PHASE2,594,594,,1,phase_indication_rare,2,56.25,60.5,64.75,67.3,True,2026-06-01T13:00:00+00:00,positive completed ACTUAL enrollment; percentiles used without winsorization,Deterministic v1 planned-enrollment benchmark; no enrollment ML model.
enrollment_benchmarks_v1,0a97519bd78f561a,phase_indication_rare|phase=PHASE1/PHASE2|indication=603|rare=0,PHASE1/PHASE2,603,603,,0,phase_indication_rare,13,36.0,49.0,52.0,96.0,True,2026-06-01T13:00:00+00:00,positive completed ACTUAL enrollment; percentiles used without winsorization,Deterministic v1 planned-enrollment benchmark; no enrollment ML model.
enrollment_benchmarks_v1,0a97519bd78f561a,phase_indication_rare|phase=PHASE1/PHASE2|indication=613|rare=0,PHASE1/PHASE2,613,613,,0,phase_indication_rare,3,19.5,24.0,39.0,48.0,True,2026-06-01T13:00:00+00:00,positive completed ACTUAL enrollment; percentiles used without winsorization,Deterministic v1 planned-enrollment benchmark; no enrollment ML model.
enrollment_benchmarks_v1,0a97519bd78f561a,phase_indication_rare|phase=PHASE1/PHASE2|indication=613|rare=1,PHASE1/PHASE2,613,613,,1,phase_indication_rare,8,7.0,17.5,24.0,41.7,True,2026-06-01T13:00:00+00:00,positive completed ACTUAL enrollment; percentiles used without winsorization,Deterministic v1 planned-enrollment benchmark; no enrollment ML model.
enrollment_benchmarks_v1,0a97519bd78f561a,phase_indication_rare|phase=PHASE1/PHASE2|indication=619|rare=0,PHASE1/PHASE2,619,619,,0,phase_indication_rare,37,30.0,55.0,73.0,115.8,True,2026-06-01T13:00:00+00:00,positive completed ACTUAL enrollment; percentiles used without winsorization,Deterministic v1 planned-enrollment benchmark; no enrollment ML model.
enrollment_benchmarks_v1,0a97519bd78f561a,phase_indication_rare|phase=PHASE1/PHASE2|indication=619|rare=1,PHASE1/PHASE2,619,619,,1,phase_indication_rare,101,12.0,18.0,30.0,59.0,False,2026-06-01T13:00:00+00:00,positive completed ACTUAL enrollment; percentiles used without winsorization,Deterministic v1 planned-enrollment benchmark; no enrollment ML model.
enrollment_benchmarks_v1,0a97519bd78f561a,phase_indication_rare|phase=PHASE1/PHASE2|indication=627|rare=0,PHASE1/PHASE2,627,627,,0,phase_indication_rare,20,22.5,46.5,102.0,254.4,True,2026-06-01T13:00:00+00:00,positive completed ACTUAL enrollment; percentiles used without winsorization,Deterministic v1 planned-enrollment benchmark; no enrollment ML model.
enrollment_benchmarks_v1,0a97519bd78f561a,phase_indication_rare|phase=PHASE1/PHASE2|indication=628|rare=0,PHASE1/PHASE2,628,628,,0,phase_indication_rare,20,28.75,52.0,85.75,154.3,True,2026-06-01T13:00:00+00:00,positive completed ACTUAL enrollment; percentiles used without winsorization,Deterministic v1 planned-enrollment benchmark; no enrollment ML model.
enrollment_benchmarks_v1,0a97519bd78f561a,phase_indication_rare|phase=PHASE1/PHASE2|indication=630|rare=0,PHASE1/PHASE2,630,630,,0,phase_indication_rare,10,26.5,30.5,41.25,100.2,True,2026-06-01T13:00:00+00:00,positive completed ACTUAL enrollment; percentiles used without winsorization,Deterministic v1 planned-enrollment benchmark; no enrollment ML model.
enrollment_benchmarks_v1,0a97519bd78f561a,phase_indication_rare|phase=PHASE1/PHASE2|indication=632|rare=0,PHASE1/PHASE2,632,632,,0,phase_indication_rare,3,65.0,110.0,115.5,118.8,True,2026-06-01T13:00:00+00:00,positive completed ACTUAL enrollment; percentiles used without winsorization,Deterministic v1 planned-enrollment benchmark; no enrollment ML model.
enrollment_benchmarks_v1,0a97519bd78f561a,phase_indication_rare|phase=PHASE1/PHASE2|indication=639|rare=0,PHASE1/PHASE2,639,639,,0,phase_indication_rare,19,22.0,40.0,54.0,64.2,True,2026-06-01T13:00:00+00:00,positive completed ACTUAL enrollment; percentiles used without winsorization,Deterministic v1 planned-enrollment benchmark; no enrollment ML model.
enrollment_benchmarks_v1,0a97519bd78f561a,phase_indication_rare|phase=PHASE1/PHASE2|indication=639|rare=1,PHASE1/PHASE2,639,639,,1,phase_indication_rare,19,8.5,19.0,39.0,52.4,True,2026-06-01T13:00:00+00:00,positive completed ACTUAL enrollment; percentiles used without winsorization,Deterministic v1 planned-enrollment benchmark; no enrollment ML model.
enrollment_benchmarks_v1,0a97519bd78f561a,phase_indication_rare|phase=PHASE1/PHASE2|indication=641|rare=0,PHASE1/PHASE2,641,641,,0,phase_indication_rare,1,40.0,40.0,40.0,40.0,True,2026-06-01T13:00:00+00:00,positive completed ACTUAL enrollment; percentiles used without winsorization,Deterministic v1 planned-enrollment benchmark; no enrollment ML model.
enrollment_benchmarks_v1,0a97519bd78f561a,phase_indication_rare|phase=PHASE1/PHASE2|indication=641|rare=1,PHASE1/PHASE2,641,641,,1,phase_indication_rare,4,17.75,29.0,37.5,40.2,True,2026-06-01T13:00:00+00:00,positive completed ACTUAL enrollment; percentiles used without winsorization,Deterministic v1 planned-enrollment benchmark; no enrollment ML model.
enrollment_benchmarks_v1,0a97519bd78f561a,phase_indication_rare|phase=PHASE1/PHASE2|indication=654|rare=0,PHASE1/PHASE2,654,654,,0,phase_indication_rare,29,34.0,56.0,107.0,238.6,True,2026-06-01T13:00:00+00:00,positive completed ACTUAL enrollment; percentiles used without winsorization,Deterministic v1 planned-enrollment benchmark; no enrollment ML model.
enrollment_benchmarks_v1,0a97519bd78f561a,phase_indication_rare|phase=PHASE1/PHASE2|indication=655|rare=0,PHASE1/PHASE2,655,655,,0,phase_indication_rare,14,14.25,26.0,86.75,101.6,True,2026-06-01T13:00:00+00:00,positive completed ACTUAL enrollment; percentiles used without winsorization,Deterministic v1 planned-enrollment benchmark; no enrollment ML model.
enrollment_benchmarks_v1,0a97519bd78f561a,phase_indication_rare|phase=PHASE1/PHASE2|indication=659|rare=0,PHASE1/PHASE2,659,659,,0,phase_indication_rare,2,65.0,106.0,147.0,171.6,True,2026-06-01T13:00:00+00:00,positive completed ACTUAL enrollment; percentiles used without winsorization,Deterministic v1 planned-enrollment benchmark; no enrollment ML model.
enrollment_benchmarks_v1,0a97519bd78f561a,phase_indication_rare|phase=PHASE1/PHASE2|indication=660|rare=0,PHASE1/PHASE2,660,660,,0,phase_indication_rare,4,43.5,96.5,147.0,161.4,True,2026-06-01T13:00:00+00:00,positive completed ACTUAL enrollment; percentiles used without winsorization,Deterministic v1 planned-enrollment benchmark; no enrollment ML model.
enrollment_benchmarks_v1,0a97519bd78f561a,phase_indication_rare|phase=PHASE1/PHASE2|indication=661|rare=0,PHASE1/PHASE2,661,661,,0,phase_indication_rare,10,44.0,71.0,125.25,216.2,True,2026-06-01T13:00:00+00:00,positive completed ACTUAL enrollment; percentiles used without winsorization,Deterministic v1 planned-enrollment benchmark; no enrollment ML model.
enrollment_benchmarks_v1,0a97519bd78f561a,phase_indication_rare|phase=PHASE1/PHASE2|indication=662|rare=0,PHASE1/PHASE2,662,662,,0,phase_indication_rare,2,36.75,44.5,52.25,56.9,True,2026-06-01T13:00:00+00:00,positive completed ACTUAL enrollment; percentiles used without winsorization,Deterministic v1 planned-enrollment benchmark; no enrollment ML model.
enrollment_benchmarks_v1,0a97519bd78f561a,phase_indication_rare|phase=PHASE1/PHASE2|indication=665|rare=0,PHASE1/PHASE2,665,665,,0,phase_indication_rare,3,59.5,93.0,126.0,145.8,True,2026-06-01T13:00:00+00:00,positive completed ACTUAL enrollment; percentiles used without winsorization,Deterministic v1 planned-enrollment benchmark; no enrollment ML model.
enrollment_benchmarks_v1,0a97519bd78f561a,phase_indication_rare|phase=PHASE1/PHASE2|indication=668|rare=0,PHASE1/PHASE2,668,668,,0,phase_indication_rare,23,23.5,40.0,58.5,69.6,True,2026-06-01T13:00:00+00:00,positive completed ACTUAL enrollment; percentiles used without winsorization,Deterministic v1 planned-enrollment benchmark; no enrollment ML model.
enrollment_benchmarks_v1,0a97519bd78f561a,phase_indication_rare|phase=PHASE1/PHASE2|indication=668|rare=1,PHASE1/PHASE2,668,668,,1,phase_indication_rare,6,11.25,12.0,15.0,33.0,True,2026-06-01T13:00:00+00:00,positive completed ACTUAL enrollment; percentiles used without winsorization,Deterministic v1 planned-enrollment benchmark; no enrollment ML model.
enrollment_benchmarks_v1,0a97519bd78f561a,phase_indication_rare|phase=PHASE1/PHASE2|indication=674|rare=0,PHASE1/PHASE2,674,674,,0,phase_indication_rare,4,22.75,25.5,48.5,85.4,True,2026-06-01T13:00:00+00:00,positive completed ACTUAL enrollment; percentiles used without winsorization,Deterministic v1 planned-enrollment benchmark; no enrollment ML model.
enrollment_benchmarks_v1,0a97519bd78f561a,phase_indication_rare|phase=PHASE1/PHASE2|indication=679|rare=0,PHASE1/PHASE2,679,679,,0,phase_indication_rare,32,31.0,60.0,104.25,148.8,True,2026-06-01T13:00:00+00:00,positive completed ACTUAL enrollment; percentiles used without winsorization,Deterministic v1 planned-enrollment benchmark; no enrollment ML model.
enrollment_benchmarks_v1,0a97519bd78f561a,phase_indication_rare|phase=PHASE1/PHASE2|indication=679|rare=1,PHASE1/PHASE2,679,679,,1,phase_indication_rare,9,23.0,38.0,75.0,180.0,True,2026-06-01T13:00:00+00:00,positive completed ACTUAL enrollment; percentiles used without winsorization,Deterministic v1 planned-enrollment benchmark; no enrollment ML model.
enrollment_benchmarks_v1,0a97519bd78f561a,phase_indication_rare|phase=PHASE1/PHASE2|indication=680|rare=0,PHASE1/PHASE2,680,680,,0,phase_indication_rare,5,27.0,39.0,40.0,92.2,True,2026-06-01T13:00:00+00:00,positive completed ACTUAL enrollment; percentiles used without winsorization,Deterministic v1 planned-enrollment benchmark; no enrollment ML model.
enrollment_benchmarks_v1,0a97519bd78f561a,phase_indication_rare|phase=PHASE1/PHASE2|indication=716|rare=0,PHASE1/PHASE2,716,716,,0,phase_indication_rare,2,15.25,18.5,21.75,23.7,True,2026-06-01T13:00:00+00:00,positive completed ACTUAL enrollment; percentiles used without winsorization,Deterministic v1 planned-enrollment benchmark; no enrollment ML model.
enrollment_benchmarks_v1,0a97519bd78f561a,phase_indication_rare|phase=PHASE1/PHASE2|indication=959|rare=0,PHASE1/PHASE2,959,959,,0,phase_indication_rare,1,155.0,155.0,155.0,155.0,True,2026-06-01T13:00:00+00:00,positive completed ACTUAL enrollment; percentiles used without winsorization,Deterministic v1 planned-enrollment benchmark; no enrollment ML model.
enrollment_benchmarks_v1,0a97519bd78f561a,phase_indication_rare|phase=PHASE1/PHASE2|indication=972|rare=0,PHASE1/PHASE2,972,972,,0,phase_indication_rare,3,35.0,47.0,47.5,47.8,True,2026-06-01T13:00:00+00:00,positive completed ACTUAL enrollment; percentiles used without winsorization,Deterministic v1 planned-enrollment benchmark; no enrollment ML model.
enrollment_benchmarks_v1,0a97519bd78f561a,phase_indication_rare|phase=PHASE1/PHASE2|indication=980|rare=0,PHASE1/PHASE2,980,980,,0,phase_indication_rare,4,62.5,73.5,75.75,78.9,True,2026-06-01T13:00:00+00:00,positive completed ACTUAL enrollment; percentiles used without winsorization,Deterministic v1 planned-enrollment benchmark; no enrollment ML model.
enrollment_benchmarks_v1,0a97519bd78f561a,phase_indication_rare|phase=PHASE1/PHASE2|indication=981|rare=0,PHASE1/PHASE2,981,981,,0,phase_indication_rare,56,25.0,47.0,102.25,164.5,False,2026-06-01T13:00:00+00:00,positive completed ACTUAL enrollment; percentiles used without winsorization,Deterministic v1 planned-enrollment benchmark; no enrollment ML model.
enrollment_benchmarks_v1,0a97519bd78f561a,phase_indication_rare|phase=PHASE1/PHASE2|indication=981|rare=1,PHASE1/PHASE2,981,981,,1,phase_indication_rare,15,12.0,14.0,19.5,40.2,True,2026-06-01T13:00:00+00:00,positive completed ACTUAL enrollment; percentiles used without winsorization,Deterministic v1 planned-enrollment benchmark; no enrollment ML model.
enrollment_benchmarks_v1,0a97519bd78f561a,phase_indication_rare|phase=PHASE1/PHASE2|indication=992|rare=0,PHASE1/PHASE2,992,992,,0,phase_indication_rare,4,173.0,231.0,281.0,322.4,True,2026-06-01T13:00:00+00:00,positive completed ACTUAL enrollment; percentiles used without winsorization,Deterministic v1 planned-enrollment benchmark; no enrollment ML model.
enrollment_benchmarks_v1,0a97519bd78f561a,phase_indication_rare|phase=PHASE1/PHASE2|indication=1004|rare=1,PHASE1/PHASE2,1004,1004,,1,phase_indication_rare,2,21.75,23.5,25.25,26.3,True,2026-06-01T13:00:00+00:00,positive completed ACTUAL enrollment; percentiles used without winsorization,Deterministic v1 planned-enrollment benchmark; no enrollment ML model.
enrollment_benchmarks_v1,0a97519bd78f561a,phase_indication_rare|phase=PHASE1/PHASE2|indication=1008|rare=0,PHASE1/PHASE2,1008,1008,,0,phase_indication_rare,1,57.0,57.0,57.0,57.0,True,2026-06-01T13:00:00+00:00,positive completed ACTUAL enrollment; percentiles used without winsorization,Deterministic v1 planned-enrollment benchmark; no enrollment ML model.
enrollment_benchmarks_v1,0a97519bd78f561a,phase_indication_rare|phase=PHASE1/PHASE2|indication=1008|rare=1,PHASE1/PHASE2,1008,1008,,1,phase_indication_rare,2,47.75,80.5,113.25,132.9,True,2026-06-01T13:00:00+00:00,positive completed ACTUAL enrollment; percentiles used without winsorization,Deterministic v1 planned-enrollment benchmark; no enrollment ML model.
enrollment_benchmarks_v1,0a97519bd78f561a,phase_indication_rare|phase=PHASE1/PHASE2|indication=1011|rare=0,PHASE1/PHASE2,1011,1011,,0,phase_indication_rare,5,70.0,111.0,245.0,284.0,True,2026-06-01T13:00:00+00:00,positive completed ACTUAL enrollment; percentiles used without winsorization,Deterministic v1 planned-enrollment benchmark; no enrollment ML model.
enrollment_benchmarks_v1,0a97519bd78f561a,phase_indication_rare|phase=PHASE1/PHASE2|indication=1011|rare=1,PHASE1/PHASE2,1011,1011,,1,phase_indication_rare,3,12.0,16.0,82.0,121.6,True,2026-06-01T13:00:00+00:00,positive completed ACTUAL enrollment; percentiles used without winsorization,Deterministic v1 planned-enrollment benchmark; no enrollment ML model.
enrollment_benchmarks_v1,0a97519bd78f561a,phase_indication_rare|phase=PHASE1/PHASE2|indication=1012|rare=1,PHASE1/PHASE2,1012,1012,,1,phase_indication_rare,1,18.0,18.0,18.0,18.0,True,2026-06-01T13:00:00+00:00,positive completed ACTUAL enrollment; percentiles used without winsorization,Deterministic v1 planned-enrollment benchmark; no enrollment ML model.
enrollment_benchmarks_v1,0a97519bd78f561a,phase_indication_rare|phase=PHASE1/PHASE2|indication=1013|rare=1,PHASE1/PHASE2,1013,1013,,1,phase_indication_rare,2,22.0,24.0,26.0,27.2,True,2026-06-01T13:00:00+00:00,positive completed ACTUAL enrollment; percentiles used without winsorization,Deterministic v1 planned-enrollment benchmark; no enrollment ML model.
enrollment_benchmarks_v1,0a97519bd78f561a,phase_indication_rare|phase=PHASE1/PHASE2|indication=1048|rare=0,PHASE1/PHASE2,1048,1048,,0,phase_indication_rare,66,61.5,166.5,479.5,915.5,False,2026-06-01T13:00:00+00:00,positive completed ACTUAL enrollment; percentiles used without winsorization,Deterministic v1 planned-enrollment benchmark; no enrollment ML model.
enrollment_benchmarks_v1,0a97519bd78f561a,phase_indication_rare|phase=PHASE1/PHASE2|indication=1161|rare=0,PHASE1/PHASE2,1161,1161,,0,phase_indication_rare,17,27.0,45.0,66.0,86.4,True,2026-06-01T13:00:00+00:00,positive completed ACTUAL enrollment; percentiles used without winsorization,Deterministic v1 planned-enrollment benchmark; no enrollment ML model.
enrollment_benchmarks_v1,0a97519bd78f561a,phase_indication_rare|phase=PHASE1/PHASE2|indication=1161|rare=1,PHASE1/PHASE2,1161,1161,,1,phase_indication_rare,6,8.25,10.5,21.0,33.5,True,2026-06-01T13:00:00+00:00,positive completed ACTUAL enrollment; percentiles used without winsorization,Deterministic v1 planned-enrollment benchmark; no enrollment ML model.
enrollment_benchmarks_v1,0a97519bd78f561a,phase_indication_rare|phase=PHASE2|indication=0|rare=0,PHASE2,0,0,,0,phase_indication_rare,7,70.0,126.0,182.0,282.0,True,2026-06-01T13:00:00+00:00,positive completed ACTUAL enrollment; percentiles used without winsorization,Deterministic v1 planned-enrollment benchmark; no enrollment ML model.
enrollment_benchmarks_v1,0a97519bd78f561a,phase_indication_rare|phase=PHASE2|indication=297|rare=0,PHASE2,297,297,,0,phase_indication_rare,27,60.0,99.0,216.5,347.0,True,2026-06-01T13:00:00+00:00,positive completed ACTUAL enrollment; percentiles used without winsorization,Deterministic v1 planned-enrollment benchmark; no enrollment ML model.
enrollment_benchmarks_v1,0a97519bd78f561a,phase_indication_rare|phase=PHASE2|indication=298|rare=0,PHASE2,298,298,,0,phase_indication_rare,66,31.25,54.0,139.5,225.0,False,2026-06-01T13:00:00+00:00,positive completed ACTUAL enrollment; percentiles used without winsorization,Deterministic v1 planned-enrollment benchmark; no enrollment ML model.
enrollment_benchmarks_v1,0a97519bd78f561a,phase_indication_rare|phase=PHASE2|indication=302|rare=0,PHASE2,302,302,,0,phase_indication_rare,23,70.5,145.0,564.0,821.8,True,2026-06-01T13:00:00+00:00,positive completed ACTUAL enrollment; percentiles used without winsorization,Deterministic v1 planned-enrollment benchmark; no enrollment ML model.
enrollment_benchmarks_v1,0a97519bd78f561a,phase_indication_rare|phase=PHASE2|indication=321|rare=0,PHASE2,321,321,,0,phase_indication_rare,32,58.25,101.5,180.75,269.6,True,2026-06-01T13:00:00+00:00,positive completed ACTUAL enrollment; percentiles used without winsorization,Deterministic v1 planned-enrollment benchmark; no enrollment ML model.
enrollment_benchmarks_v1,0a97519bd78f561a,phase_indication_rare|phase=PHASE2|indication=322|rare=0,PHASE2,322,322,,0,phase_indication_rare,120,69.0,159.0,409.5,755.2,False,2026-06-01T13:00:00+00:00,positive completed ACTUAL enrollment; percentiles used without winsorization,Deterministic v1 planned-enrollment benchmark; no enrollment ML model.
enrollment_benchmarks_v1,0a97519bd78f561a,phase_indication_rare|phase=PHASE2|indication=328|rare=0,PHASE2,328,328,,0,phase_indication_rare,159,115.0,188.0,409.0,751.2,False,2026-06-01T13:00:00+00:00,positive completed ACTUAL enrollment; percentiles used without winsorization,Deterministic v1 planned-enrollment benchmark; no enrollment ML model.
enrollment_benchmarks_v1,0a97519bd78f561a,phase_indication_rare|phase=PHASE2|indication=329|rare=0,PHASE2,329,329,,0,phase_indication_rare,8,58.5,82.0,105.25,620.2,True,2026-06-01T13:00:00+00:00,positive completed ACTUAL enrollment; percentiles used without winsorization,Deterministic v1 planned-enrollment benchmark; no enrollment ML model.
enrollment_benchmarks_v1,0a97519bd78f561a,phase_indication_rare|phase=PHASE2|indication=332|rare=0,PHASE2,332,332,,0,phase_indication_rare,38,207.5,462.0,813.75,1567.0,True,2026-06-01T13:00:00+00:00,positive completed ACTUAL enrollment; percentiles used without winsorization,Deterministic v1 planned-enrollment benchmark; no enrollment ML model.
enrollment_benchmarks_v1,0a97519bd78f561a,phase_indication_rare|phase=PHASE2|indication=337|rare=0,PHASE2,337,337,,0,phase_indication_rare,1,23.0,23.0,23.0,23.0,True,2026-06-01T13:00:00+00:00,positive completed ACTUAL enrollment; percentiles used without winsorization,Deterministic v1 planned-enrollment benchmark; no enrollment ML model.
enrollment_benchmarks_v1,0a97519bd78f561a,phase_indication_rare|phase=PHASE2|indication=338|rare=0,PHASE2,338,338,,0,phase_indication_rare,2,398.5,406.0,413.5,418.0,True,2026-06-01T13:00:00+00:00,positive completed ACTUAL enrollment; percentiles used without winsorization,Deterministic v1 planned-enrollment benchmark; no enrollment ML model.
enrollment_benchmarks_v1,0a97519bd78f561a,phase_indication_rare|phase=PHASE2|indication=339|rare=0,PHASE2,339,339,,0,phase_indication_rare,3,76.5,100.0,234.0,314.4,True,2026-06-01T13:00:00+00:00,positive completed ACTUAL enrollment; percentiles used without winsorization,Deterministic v1 planned-enrollment benchmark; no enrollment ML model.
enrollment_benchmarks_v1,0a97519bd78f561a,phase_indication_rare|phase=PHASE2|indication=340|rare=0,PHASE2,340,340,,0,phase_indication_rare,1,240.0,240.0,240.0,240.0,True,2026-06-01T13:00:00+00:00,positive completed ACTUAL enrollment; percentiles used without winsorization,Deterministic v1 planned-enrollment benchmark; no enrollment ML model.
enrollment_benchmarks_v1,0a97519bd78f561a,phase_indication_rare|phase=PHASE2|indication=341|rare=0,PHASE2,341,341,,0,phase_indication_rare,4,398.25,651.0,915.5,1121.6,True,2026-06-01T13:00:00+00:00,positive completed ACTUAL enrollment; percentiles used without winsorization,Deterministic v1 planned-enrollment benchmark; no enrollment ML model.
enrollment_benchmarks_v1,0a97519bd78f561a,phase_indication_rare|phase=PHASE2|indication=342|rare=0,PHASE2,342,342,,0,phase_indication_rare,8,122.5,251.0,368.0,527.0,True,2026-06-01T13:00:00+00:00,positive completed ACTUAL enrollment; percentiles used without winsorization,Deterministic v1 planned-enrollment benchmark; no enrollment ML model.
enrollment_benchmarks_v1,0a97519bd78f561a,phase_indication_rare|phase=PHASE2|indication=345|rare=0,PHASE2,345,345,,0,phase_indication_rare,30,54.0,147.0,298.75,620.0,True,2026-06-01T13:00:00+00:00,positive completed ACTUAL enrollment; percentiles used without winsorization,Deterministic v1 planned-enrollment benchmark; no enrollment ML model.
enrollment_benchmarks_v1,0a97519bd78f561a,phase_indication_rare|phase=PHASE2|indication=346|rare=0,PHASE2,346,346,,0,phase_indication_rare,1,120.0,120.0,120.0,120.0,True,2026-06-01T13:00:00+00:00,positive completed ACTUAL enrollment; percentiles used without winsorization,Deterministic v1 planned-enrollment benchmark; no enrollment ML model.
enrollment_benchmarks_v1,0a97519bd78f561a,phase_indication_rare|phase=PHASE2|indication=347|rare=0,PHASE2,347,347,,0,phase_indication_rare,1,4.0,4.0,4.0,4.0,True,2026-06-01T13:00:00+00:00,positive completed ACTUAL enrollment; percentiles used without winsorization,Deterministic v1 planned-enrollment benchmark; no enrollment ML model.
enrollment_benchmarks_v1,0a97519bd78f561a,phase_indication_rare|phase=PHASE2|indication=351|rare=0,PHASE2,351,351,,0,phase_indication_rare,1,444.0,444.0,444.0,444.0,True,2026-06-01T13:00:00+00:00,positive completed ACTUAL enrollment; percentiles used without winsorization,Deterministic v1 planned-enrollment benchmark; no enrollment ML model.
enrollment_benchmarks_v1,0a97519bd78f561a,phase_indication_rare|phase=PHASE2|indication=357|rare=0,PHASE2,357,357,,0,phase_indication_rare,28,88.75,205.0,442.5,1219.9,True,2026-06-01T13:00:00+00:00,positive completed ACTUAL enrollment; percentiles used without winsorization,Deterministic v1 planned-enrollment benchmark; no enrollment ML model.
enrollment_benchmarks_v1,0a97519bd78f561a,phase_indication_rare|phase=PHASE2|indication=359|rare=0,PHASE2,359,359,,0,phase_indication_rare,8,300.0,342.0,390.0,420.0,True,2026-06-01T13:00:00+00:00,positive completed ACTUAL enrollment; percentiles used without winsorization,Deterministic v1 planned-enrollment benchmark; no enrollment ML model.
enrollment_benchmarks_v1,0a97519bd78f561a,phase_indication_rare|phase=PHASE2|indication=365|rare=0,PHASE2,365,365,,0,phase_indication_rare,7,45.0,264.0,457.5,542.4,True,2026-06-01T13:00:00+00:00,positive completed ACTUAL enrollment; percentiles used without winsorization,Deterministic v1 planned-enrollment benchmark; no enrollment ML model.
enrollment_benchmarks_v1,0a97519bd78f561a,phase_indication_rare|phase=PHASE2|indication=366|rare=0,PHASE2,366,366,,0,phase_indication_rare,7,43.5,75.0,367.5,707.6,True,2026-06-01T13:00:00+00:00,positive completed ACTUAL enrollment; percentiles used without winsorization,Deterministic v1 planned-enrollment benchmark; no enrollment ML model.
enrollment_benchmarks_v1,0a97519bd78f561a,phase_indication_rare|phase=PHASE2|indication=380|rare=0,PHASE2,380,380,,0,phase_indication_rare,7,85.5,123.0,241.0,265.0,True,2026-06-01T13:00:00+00:00,positive completed ACTUAL enrollment; percentiles used without winsorization,Deterministic v1 planned-enrollment benchmark; no enrollment ML model.
enrollment_benchmarks_v1,0a97519bd78f561a,phase_indication_rare|phase=PHASE2|indication=390|rare=0,PHASE2,390,390,,0,phase_indication_rare,3,42.0,49.0,65.0,74.6,True,2026-06-01T13:00:00+00:00,positive completed ACTUAL enrollment; percentiles used without winsorization,Deterministic v1 planned-enrollment benchmark; no enrollment ML model.
enrollment_benchmarks_v1,0a97519bd78f561a,phase_indication_rare|phase=PHASE2|indication=393|rare=0,PHASE2,393,393,,0,phase_indication_rare,23,85.0,132.0,282.0,456.4,True,2026-06-01T13:00:00+00:00,positive completed ACTUAL enrollment; percentiles used without winsorization,Deterministic v1 planned-enrollment benchmark; no enrollment ML model.
enrollment_benchmarks_v1,0a97519bd78f561a,phase_indication_rare|phase=PHASE2|indication=400|rare=0,PHASE2,400,400,,0,phase_indication_rare,9,26.0,60.0,67.0,87.8,True,2026-06-01T13:00:00+00:00,positive completed ACTUAL enrollment; percentiles used without winsorization,Deterministic v1 planned-enrollment benchmark; no enrollment ML model.
enrollment_benchmarks_v1,0a97519bd78f561a,phase_indication_rare|phase=PHASE2|indication=405|rare=1,PHASE2,405,405,,1,phase_indication_rare,1,11.0,11.0,11.0,11.0,True,2026-06-01T13:00:00+00:00,positive completed ACTUAL enrollment; percentiles used without winsorization,Deterministic v1 planned-enrollment benchmark; no enrollment ML model.
enrollment_benchmarks_v1,0a97519bd78f561a,phase_indication_rare|phase=PHASE2|indication=408|rare=0,PHASE2,408,408,,0,phase_indication_rare,117,65.0,148.0,257.0,488.0,False,2026-06-01T13:00:00+00:00,positive completed ACTUAL enrollment; percentiles used without winsorization,Deterministic v1 planned-enrollment benchmark; no enrollment ML model.
enrollment_benchmarks_v1,0a97519bd78f561a,phase_indication_rare|phase=PHASE2|indication=408|rare=1,PHASE2,408,408,,1,phase_indication_rare,6,46.5,129.0,173.25,192.5,True,2026-06-01T13:00:00+00:00,positive completed ACTUAL enrollment; percentiles used without winsorization,Deterministic v1 planned-enrollment benchmark; no enrollment ML model.
enrollment_benchmarks_v1,0a97519bd78f561a,phase_indication_rare|phase=PHASE2|indication=411|rare=0,PHASE2,411,411,,0,phase_indication_rare,11,46.5,70.0,144.5,190.0,True,2026-06-01T13:00:00+00:00,positive completed ACTUAL enrollment; percentiles used without winsorization,Deterministic v1 planned-enrollment benchmark; no enrollment ML model.
enrollment_benchmarks_v1,0a97519bd78f561a,phase_indication_rare|phase=PHASE2|indication=414|rare=0,PHASE2,414,414,,0,phase_indication_rare,34,40.5,87.5,150.75,220.4,True,2026-06-01T13:00:00+00:00,positive completed ACTUAL enrollment; percentiles used without winsorization,Deterministic v1 planned-enrollment benchmark; no enrollment ML model.
enrollment_benchmarks_v1,0a97519bd78f561a,phase_indication_rare|phase=PHASE2|indication=414|rare=1,PHASE2,414,414,,1,phase_indication_rare,1,8.0,8.0,8.0,8.0,True,2026-06-01T13:00:00+00:00,positive completed ACTUAL enrollment; percentiles used without winsorization,Deterministic v1 planned-enrollment benchmark; no enrollment ML model.
enrollment_benchmarks_v1,0a97519bd78f561a,phase_indication_rare|phase=PHASE2|indication=417|rare=0,PHASE2,417,417,,0,phase_indication_rare,59,31.5,70.0,145.0,207.2,False,2026-06-01T13:00:00+00:00,positive completed ACTUAL enrollment; percentiles used without winsorization,Deterministic v1 planned-enrollment benchmark; no enrollment ML model.
enrollment_benchmarks_v1,0a97519bd78f561a,phase_indication_rare|phase=PHASE2|indication=417|rare=1,PHASE2,417,417,,1,phase_indication_rare,2,36.25,37.5,38.75,39.5,True,2026-06-01T13:00:00+00:00,positive completed ACTUAL enrollment; percentiles used without winsorization,Deterministic v1 planned-enrollment benchmark; no enrollment ML model.
enrollment_benchmarks_v1,0a97519bd78f561a,phase_indication_rare|phase=PHASE2|indication=426|rare=0,PHASE2,426,426,,0,phase_indication_rare,237,52.0,100.0,153.0,226.0,False,2026-06-01T13:00:00+00:00,positive completed ACTUAL enrollment; percentiles used without winsorization,Deterministic v1 planned-enrollment benchmark; no enrollment ML model.
enrollment_benchmarks_v1,0a97519bd78f561a,phase_indication_rare|phase=PHASE2|indication=429|rare=0,PHASE2,429,429,,0,phase_indication_rare,147,50.0,103.0,184.0,301.8,False,2026-06-01T13:00:00+00:00,positive completed ACTUAL enrollment; percentiles used without winsorization,Deterministic v1 planned-enrollment benchmark; no enrollment ML model.
enrollment_benchmarks_v1,0a97519bd78f561a,phase_indication_rare|phase=PHASE2|indication=432|rare=0,PHASE2,432,432,,0,phase_indication_rare,25,52.0,119.0,194.0,239.6,True,2026-06-01T13:00:00+00:00,positive completed ACTUAL enrollment; percentiles used without winsorization,Deterministic v1 planned-enrollment benchmark; no enrollment ML model.
enrollment_benchmarks_v1,0a97519bd78f561a,phase_indication_rare|phase=PHASE2|indication=435|rare=0,PHASE2,435,435,,0,phase_indication_rare,9,64.0,70.0,133.0,184.2,True,2026-06-01T13:00:00+00:00,positive completed ACTUAL enrollment; percentiles used without winsorization,Deterministic v1 planned-enrollment benchmark; no enrollment ML model.
enrollment_benchmarks_v1,0a97519bd78f561a,phase_indication_rare|phase=PHASE2|indication=435|rare=1,PHASE2,435,435,,1,phase_indication_rare,2,96.25,100.5,104.75,107.3,True,2026-06-01T13:00:00+00:00,positive completed ACTUAL enrollment; percentiles used without winsorization,Deterministic v1 planned-enrollment benchmark; no enrollment ML model.
enrollment_benchmarks_v1,0a97519bd78f561a,phase_indication_rare|phase=PHASE2|indication=438|rare=0,PHASE2,438,438,,0,phase_indication_rare,99,40.0,62.0,108.5,184.6,False,2026-06-01T13:00:00+00:00,positive completed ACTUAL enrollment; percentiles used without winsorization,Deterministic v1 planned-enrollment benchmark; no enrollment ML model.
enrollment_benchmarks_v1,0a97519bd78f561a,phase_indication_rare|phase=PHASE2|indication=441|rare=0,PHASE2,441,441,,0,phase_indication_rare,77,41.0,75.0,154.0,245.6,False,2026-06-01T13:00:00+00:00,positive completed ACTUAL enrollment; percentiles used without winsorization,Deterministic v1 planned-enrollment benchmark; no enrollment ML model.
enrollment_benchmarks_v1,0a97519bd78f561a,phase_indication_rare|phase=PHASE2|indication=444|rare=0,PHASE2,444,444,,0,phase_indication_rare,13,55.0,80.0,123.0,217.0,True,2026-06-01T13:00:00+00:00,positive completed ACTUAL enrollment; percentiles used without winsorization,Deterministic v1 planned-enrollment benchmark; no enrollment ML model.
enrollment_benchmarks_v1,0a97519bd78f561a,phase_indication_rare|phase=PHASE2|indication=447|rare=0,PHASE2,447,447,,0,phase_indication_rare,8,32.5,90.0,135.75,153.9,True,2026-06-01T13:00:00+00:00,positive completed ACTUAL enrollment; percentiles used without winsorization,Deterministic v1 planned-enrollment benchmark; no enrollment ML model.
enrollment_benchmarks_v1,0a97519bd78f561a,phase_indication_rare|phase=PHASE2|indication=447|rare=1,PHASE2,447,447,,1,phase_indication_rare,1,47.0,47.0,47.0,47.0,True,2026-06-01T13:00:00+00:00,positive completed ACTUAL enrollment; percentiles used without winsorization,Deterministic v1 planned-enrollment benchmark; no enrollment ML model.
enrollment_benchmarks_v1,0a97519bd78f561a,phase_indication_rare|phase=PHASE2|indication=450|rare=0,PHASE2,450,450,,0,phase_indication_rare,14,23.25,56.0,99.75,156.3,True,2026-06-01T13:00:00+00:00,positive completed ACTUAL enrollment; percentiles used without winsorization,Deterministic v1 planned-enrollment benchmark; no enrollment ML model.
enrollment_benchmarks_v1,0a97519bd78f561a,phase_indication_rare|phase=PHASE2|indication=453|rare=0,PHASE2,453,453,,0,phase_indication_rare,4,26.75,34.0,42.0,47.4,True,2026-06-01T13:00:00+00:00,positive completed ACTUAL enrollment; percentiles used without winsorization,Deterministic v1 planned-enrollment benchmark; no enrollment ML model.
enrollment_benchmarks_v1,0a97519bd78f561a,phase_indication_rare|phase=PHASE2|indication=453|rare=1,PHASE2,453,453,,1,phase_indication_rare,3,48.5,63.0,111.0,139.8,True,2026-06-01T13:00:00+00:00,positive completed ACTUAL enrollment; percentiles used without winsorization,Deterministic v1 planned-enrollment benchmark; no enrollment ML model.
enrollment_benchmarks_v1,0a97519bd78f561a,phase_indication_rare|phase=PHASE2|indication=456|rare=0,PHASE2,456,456,,0,phase_indication_rare,47,35.0,65.0,138.5,209.8,True,2026-06-01T13:00:00+00:00,positive completed ACTUAL enrollment; percentiles used without winsorization,Deterministic v1 planned-enrollment benchmark; no enrollment ML model.
enrollment_benchmarks_v1,0a97519bd78f561a,phase_indication_rare|phase=PHASE2|indication=456|rare=1,PHASE2,456,456,,1,phase_indication_rare,1,12.0,12.0,12.0,12.0,True,2026-06-01T13:00:00+00:00,positive completed ACTUAL enrollment; percentiles used without winsorization,Deterministic v1 planned-enrollment benchmark; no enrollment ML model.
enrollment_benchmarks_v1,0a97519bd78f561a,phase_indication_rare|phase=PHASE2|indication=459|rare=0,PHASE2,459,459,,0,phase_indication_rare,63,42.5,80.0,153.0,215.2,False,2026-06-01T13:00:00+00:00,positive completed ACTUAL enrollment; percentiles used without winsorization,Deterministic v1 planned-enrollment benchmark; no enrollment ML model.
enrollment_benchmarks_v1,0a97519bd78f561a,phase_indication_rare|phase=PHASE2|indication=459|rare=1,PHASE2,459,459,,1,phase_indication_rare,2,38.25,56.5,74.75,85.7,True,2026-06-01T13:00:00+00:00,positive completed ACTUAL enrollment; percentiles used without winsorization,Deterministic v1 planned-enrollment benchmark; no enrollment ML model.
enrollment_benchmarks_v1,0a97519bd78f561a,phase_indication_rare|phase=PHASE2|indication=462|rare=0,PHASE2,462,462,,0,phase_indication_rare,40,35.25,84.5,160.75,230.5,True,2026-06-01T13:00:00+00:00,positive completed ACTUAL enrollment; percentiles used without winsorization,Deterministic v1 planned-enrollment benchmark; no enrollment ML model.
enrollment_benchmarks_v1,0a97519bd78f561a,phase_indication_rare|phase=PHASE2|indication=462|rare=1,PHASE2,462,462,,1,phase_indication_rare,5,17.0,18.0,21.0,52.2,True,2026-06-01T13:00:00+00:00,positive completed ACTUAL enrollment; percentiles used without winsorization,Deterministic v1 planned-enrollment benchmark; no enrollment ML model.
enrollment_benchmarks_v1,0a97519bd78f561a,phase_indication_rare|phase=PHASE2|indication=465|rare=0,PHASE2,465,465,,0,phase_indication_rare,63,35.0,93.0,138.5,190.8,False,2026-06-01T13:00:00+00:00,positive completed ACTUAL enrollment; percentiles used without winsorization,Deterministic v1 planned-enrollment benchmark; no enrollment ML model.
enrollment_benchmarks_v1,0a97519bd78f561a,phase_indication_rare|phase=PHASE2|indication=465|rare=1,PHASE2,465,465,,1,phase_indication_rare,2,133.75,214.5,295.25,343.7,True,2026-06-01T13:00:00+00:00,positive completed ACTUAL enrollment; percentiles used without winsorization,Deterministic v1 planned-enrollment benchmark; no enrollment ML model.
enrollment_benchmarks_v1,0a97519bd78f561a,phase_indication_rare|phase=PHASE2|indication=468|rare=1,PHASE2,468,468,,1,phase_indication_rare,1,19.0,19.0,19.0,19.0,True,2026-06-01T13:00:00+00:00,positive completed ACTUAL enrollment; percentiles used without winsorization,Deterministic v1 planned-enrollment benchmark; no enrollment ML model.
enrollment_benchmarks_v1,0a97519bd78f561a,phase_indication_rare|phase=PHASE2|indication=471|rare=0,PHASE2,471,471,,0,phase_indication_rare,28,85.0,108.0,189.75,350.2,True,2026-06-01T13:00:00+00:00,positive completed ACTUAL enrollment; percentiles used without winsorization,Deterministic v1 planned-enrollment benchmark; no enrollment ML model.
enrollment_benchmarks_v1,0a97519bd78f561a,phase_indication_rare|phase=PHASE2|indication=471|rare=1,PHASE2,471,471,,1,phase_indication_rare,3,22.5,41.0,84.0,109.8,True,2026-06-01T13:00:00+00:00,positive completed ACTUAL enrollment; percentiles used without winsorization,Deterministic v1 planned-enrollment benchmark; no enrollment ML model.
enrollment_benchmarks_v1,0a97519bd78f561a,phase_indication_rare|phase=PHASE2|indication=474|rare=0,PHASE2,474,474,,0,phase_indication_rare,29,40.0,50.0,107.0,207.6,True,2026-06-01T13:00:00+00:00,positive completed ACTUAL enrollment; percentiles used without winsorization,Deterministic v1 planned-enrollment benchmark; no enrollment ML model.
enrollment_benchmarks_v1,0a97519bd78f561a,phase_indication_rare|phase=PHASE2|indication=477|rare=0,PHASE2,477,477,,0,phase_indication_rare,40,25.75,56.5,121.75,160.4,True,2026-06-01T13:00:00+00:00,positive completed ACTUAL enrollment; percentiles used without winsorization,Deterministic v1 planned-enrollment benchmark; no enrollment ML model.
enrollment_benchmarks_v1,0a97519bd78f561a,phase_indication_rare|phase=PHASE2|indication=477|rare=1,PHASE2,477,477,,1,phase_indication_rare,2,26.5,31.0,35.5,38.2,True,2026-06-01T13:00:00+00:00,positive completed ACTUAL enrollment; percentiles used without winsorization,Deterministic v1 planned-enrollment benchmark; no enrollment ML model.
enrollment_benchmarks_v1,0a97519bd78f561a,phase_indication_rare|phase=PHASE2|indication=480|rare=0,PHASE2,480,480,,0,phase_indication_rare,5,48.0,51.0,51.0,165.0,True,2026-06-01T13:00:00+00:00,positive completed ACTUAL enrollment; percentiles used without winsorization,Deterministic v1 planned-enrollment benchmark; no enrollment ML model.
enrollment_benchmarks_v1,0a97519bd78f561a,phase_indication_rare|phase=PHASE2|indication=480|rare=1,PHASE2,480,480,,1,phase_indication_rare,4,30.75,46.5,60.0,63.6,True,2026-06-01T13:00:00+00:00,positive completed ACTUAL enrollment; percentiles used without winsorization,Deterministic v1 planned-enrollment benchmark; no enrollment ML model.
enrollment_benchmarks_v1,0a97519bd78f561a,phase_indication_rare|phase=PHASE2|indication=483|rare=0,PHASE2,483,483,,0,phase_indication_rare,2,65.0,89.0,113.0,127.4,True,2026-06-01T13:00:00+00:00,positive completed ACTUAL enrollment; percentiles used without winsorization,Deterministic v1 planned-enrollment benchmark; no enrollment ML model.
enrollment_benchmarks_v1,0a97519bd78f561a,phase_indication_rare|phase=PHASE2|indication=483|rare=1,PHASE2,483,483,,1,phase_indication_rare,4,80.0,92.0,138.5,204.2,True,2026-06-01T13:00:00+00:00,positive completed ACTUAL enrollment; percentiles used without winsorization,Deterministic v1 planned-enrollment benchmark; no enrollment ML model.
enrollment_benchmarks_v1,0a97519bd78f561a,phase_indication_rare|phase=PHASE2|indication=484|rare=0,PHASE2,484,484,,0,phase_indication_rare,19,42.5,75.0,113.0,159.0,True,2026-06-01T13:00:00+00:00,positive completed ACTUAL enrollment; percentiles used without winsorization,Deterministic v1 planned-enrollment benchmark; no enrollment ML model.
enrollment_benchmarks_v1,0a97519bd78f561a,phase_indication_rare|phase=PHASE2|indication=484|rare=1,PHASE2,484,484,,1,phase_indication_rare,1,203.0,203.0,203.0,203.0,True,2026-06-01T13:00:00+00:00,positive completed ACTUAL enrollment; percentiles used without winsorization,Deterministic v1 planned-enrollment benchmark; no enrollment ML model.
enrollment_benchmarks_v1,0a97519bd78f561a,phase_indication_rare|phase=PHASE2|indication=485|rare=0,PHASE2,485,485,,0,phase_indication_rare,87,42.0,64.0,103.5,163.4,False,2026-06-01T13:00:00+00:00,positive completed ACTUAL enrollment; percentiles used without winsorization,Deterministic v1 planned-enrollment benchmark; no enrollment ML model.
enrollment_benchmarks_v1,0a97519bd78f561a,phase_indication_rare|phase=PHASE2|indication=485|rare=1,PHASE2,485,485,,1,phase_indication_rare,38,29.0,51.5,85.0,116.5,True,2026-06-01T13:00:00+00:00,positive completed ACTUAL enrollment; percentiles used without winsorization,Deterministic v1 planned-enrollment benchmark; no enrollment ML model.
enrollment_benchmarks_v1,0a97519bd78f561a,phase_indication_rare|phase=PHASE2|indication=486|rare=0,PHASE2,486,486,,0,phase_indication_rare,62,30.25,74.0,121.0,193.2,False,2026-06-01T13:00:00+00:00,positive completed ACTUAL enrollment; percentiles used without winsorization,Deterministic v1 planned-enrollment benchmark; no enrollment ML model.
enrollment_benchmarks_v1,0a97519bd78f561a,phase_indication_rare|phase=PHASE2|indication=486|rare=1,PHASE2,486,486,,1,phase_indication_rare,4,57.75,76.5,142.5,244.2,True,2026-06-01T13:00:00+00:00,positive completed ACTUAL enrollment; percentiles used without winsorization,Deterministic v1 planned-enrollment benchmark; no enrollment ML model.
enrollment_benchmarks_v1,0a97519bd78f561a,phase_indication_rare|phase=PHASE2|indication=487|rare=0,PHASE2,487,487,,0,phase_indication_rare,94,35.25,66.5,121.75,177.3,False,2026-06-01T13:00:00+00:00,positive completed ACTUAL enrollment; percentiles used without winsorization,Deterministic v1 planned-enrollment benchmark; no enrollment ML model.
enrollment_benchmarks_v1,0a97519bd78f561a,phase_indication_rare|phase=PHASE2|indication=487|rare=1,PHASE2,487,487,,1,phase_indication_rare,8,29.75,39.0,86.25,151.5,True,2026-06-01T13:00:00+00:00,positive completed ACTUAL enrollment; percentiles used without winsorization,Deterministic v1 planned-enrollment benchmark; no enrollment ML model.
enrollment_benchmarks_v1,0a97519bd78f561a,phase_indication_rare|phase=PHASE2|indication=489|rare=0,PHASE2,489,489,,0,phase_indication_rare,150,27.5,60.0,111.75,217.7,False,2026-06-01T13:00:00+00:00,positive completed ACTUAL enrollment; percentiles used without winsorization,Deterministic v1 planned-enrollment benchmark; no enrollment ML model.
enrollment_benchmarks_v1,0a97519bd78f561a,phase_indication_rare|phase=PHASE2|indication=489|rare=1,PHASE2,489,489,,1,phase_indication_rare,51,20.0,39.0,89.0,116.0,False,2026-06-01T13:00:00+00:00,positive completed ACTUAL enrollment; percentiles used without winsorization,Deterministic v1 planned-enrollment benchmark; no enrollment ML model.
enrollment_benchmarks_v1,0a97519bd78f561a,phase_indication_rare|phase=PHASE2|indication=490|rare=0,PHASE2,490,490,,0,phase_indication_rare,20,42.5,81.5,98.75,177.1,True,2026-06-01T13:00:00+00:00,positive completed ACTUAL enrollment; percentiles used without winsorization,Deterministic v1 planned-enrollment benchmark; no enrollment ML model.
enrollment_benchmarks_v1,0a97519bd78f561a,phase_indication_rare|phase=PHASE2|indication=490|rare=1,PHASE2,490,490,,1,phase_indication_rare,43,28.5,45.0,74.5,119.6,True,2026-06-01T13:00:00+00:00,positive completed ACTUAL enrollment; percentiles used without winsorization,Deterministic v1 planned-enrollment benchmark; no enrollment ML model.
enrollment_benchmarks_v1,0a97519bd78f561a,phase_indication_rare|phase=PHASE2|indication=493|rare=0,PHASE2,493,493,,0,phase_indication_rare,105,51.0,129.0,324.0,533.8,False,2026-06-01T13:00:00+00:00,positive completed ACTUAL enrollment; percentiles used without winsorization,Deterministic v1 planned-enrollment benchmark; no enrollment ML model.
enrollment_benchmarks_v1,0a97519bd78f561a,phase_indication_rare|phase=PHASE2|indication=494|rare=0,PHASE2,494,494,,0,phase_indication_rare,42,34.5,84.5,154.25,300.4,True,2026-06-01T13:00:00+00:00,positive completed ACTUAL enrollment; percentiles used without winsorization,Deterministic v1 planned-enrollment benchmark; no enrollment ML model.
enrollment_benchmarks_v1,0a97519bd78f561a,phase_indication_rare|phase=PHASE2|indication=498|rare=0,PHASE2,498,498,,0,phase_indication_rare,40,55.75,83.5,248.25,398.2,True,2026-06-01T13:00:00+00:00,positive completed ACTUAL enrollment; percentiles used without winsorization,Deterministic v1 planned-enrollment benchmark; no enrollment ML model.
enrollment_benchmarks_v1,0a97519bd78f561a,phase_indication_rare|phase=PHASE2|indication=499|rare=0,PHASE2,499,499,,0,phase_indication_rare,16,29.0,47.5,99.25,363.5,True,2026-06-01T13:00:00+00:00,positive completed ACTUAL enrollment; percentiles used without winsorization,Deterministic v1 planned-enrollment benchmark; no enrollment ML model.
enrollment_benchmarks_v1,0a97519bd78f561a,phase_indication_rare|phase=PHASE2|indication=499|rare=1,PHASE2,499,499,,1,phase_indication_rare,7,16.5,25.0,47.5,71.4,True,2026-06-01T13:00:00+00:00,positive completed ACTUAL enrollment; percentiles used without winsorization,Deterministic v1 planned-enrollment benchmark; no enrollment ML model.
enrollment_benchmarks_v1,0a97519bd78f561a,phase_indication_rare|phase=PHASE2|indication=500|rare=0,PHASE2,500,500,,0,phase_indication_rare,19,85.0,176.0,254.0,430.2,True,2026-06-01T13:00:00+00:00,positive completed ACTUAL enrollment; percentiles used without winsorization,Deterministic v1 planned-enrollment benchmark; no enrollment ML model.
enrollment_benchmarks_v1,0a97519bd78f561a,phase_indication_rare|phase=PHASE2|indication=501|rare=0,PHASE2,501,501,,0,phase_indication_rare,1,57.0,57.0,57.0,57.0,True,2026-06-01T13:00:00+00:00,positive completed ACTUAL enrollment; percentiles used without winsorization,Deterministic v1 planned-enrollment benchmark; no enrollment ML model.
enrollment_benchmarks_v1,0a97519bd78f561a,phase_indication_rare|phase=PHASE2|indication=502|rare=0,PHASE2,502,502,,0,phase_indication_rare,18,35.5,53.5,95.0,200.9,True,2026-06-01T13:00:00+00:00,positive completed ACTUAL enrollment; percentiles used without winsorization,Deterministic v1 planned-enrollment benchmark; no enrollment ML model.
enrollment_benchmarks_v1,0a97519bd78f561a,phase_indication_rare|phase=PHASE2|indication=502|rare=1,PHASE2,502,502,,1,phase_indication_rare,1,90.0,90.0,90.0,90.0,True,2026-06-01T13:00:00+00:00,positive completed ACTUAL enrollment; percentiles used without winsorization,Deterministic v1 planned-enrollment benchmark; no enrollment ML model.
enrollment_benchmarks_v1,0a97519bd78f561a,phase_indication_rare|phase=PHASE2|indication=503|rare=0,PHASE2,503,503,,0,phase_indication_rare,1,121.0,121.0,121.0,121.0,True,2026-06-01T13:00:00+00:00,positive completed ACTUAL enrollment; percentiles used without winsorization,Deterministic v1 planned-enrollment benchmark; no enrollment ML model.
enrollment_benchmarks_v1,0a97519bd78f561a,phase_indication_rare|phase=PHASE2|indication=504|rare=0,PHASE2,504,504,,0,phase_indication_rare,1,228.0,228.0,228.0,228.0,True,2026-06-01T13:00:00+00:00,positive completed ACTUAL enrollment; percentiles used without winsorization,Deterministic v1 planned-enrollment benchmark; no enrollment ML model.
enrollment_benchmarks_v1,0a97519bd78f561a,phase_indication_rare|phase=PHASE2|indication=507|rare=0,PHASE2,507,507,,0,phase_indication_rare,145,60.0,159.0,270.0,423.0,False,2026-06-01T13:00:00+00:00,positive completed ACTUAL enrollment; percentiles used without winsorization,Deterministic v1 planned-enrollment benchmark; no enrollment ML model.
enrollment_benchmarks_v1,0a97519bd78f561a,phase_indication_rare|phase=PHASE2|indication=507|rare=1,PHASE2,507,507,,1,phase_indication_rare,16,22.25,27.0,53.75,85.5,True,2026-06-01T13:00:00+00:00,positive completed ACTUAL enrollment; percentiles used without winsorization,Deterministic v1 planned-enrollment benchmark; no enrollment ML model.
enrollment_benchmarks_v1,0a97519bd78f561a,phase_indication_rare|phase=PHASE2|indication=509|rare=0,PHASE2,509,509,,0,phase_indication_rare,142,49.0,106.0,281.75,435.4,False,2026-06-01T13:00:00+00:00,positive completed ACTUAL enrollment; percentiles used without winsorization,Deterministic v1 planned-enrollment benchmark; no enrollment ML model.
enrollment_benchmarks_v1,0a97519bd78f561a,phase_indication_rare|phase=PHASE2|indication=509|rare=1,PHASE2,509,509,,1,phase_indication_rare,4,75.75,95.0,99.0,99.0,True,2026-06-01T13:00:00+00:00,positive completed ACTUAL enrollment; percentiles used without winsorization,Deterministic v1 planned-enrollment benchmark; no enrollment ML model.
enrollment_benchmarks_v1,0a97519bd78f561a,phase_indication_rare|phase=PHASE2|indication=515|rare=0,PHASE2,515,515,,0,phase_indication_rare,225,36.0,79.0,243.0,527.2,False,2026-06-01T13:00:00+00:00,positive completed ACTUAL enrollment; percentiles used without winsorization,Deterministic v1 planned-enrollment benchmark; no enrollment ML model.
enrollment_benchmarks_v1,0a97519bd78f561a,phase_indication_rare|phase=PHASE2|indication=516|rare=0,PHASE2,516,516,,0,phase_indication_rare,39,38.0,63.0,153.5,223.4,True,2026-06-01T13:00:00+00:00,positive completed ACTUAL enrollment; percentiles used without winsorization,Deterministic v1 planned-enrollment benchmark; no enrollment ML model.
enrollment_benchmarks_v1,0a97519bd78f561a,phase_indication_rare|phase=PHASE2|indication=516|rare=1,PHASE2,516,516,,1,phase_indication_rare,13,49.0,117.0,165.0,239.6,True,2026-06-01T13:00:00+00:00,positive completed ACTUAL enrollment; percentiles used without winsorization,Deterministic v1 planned-enrollment benchmark; no enrollment ML model.
enrollment_benchmarks_v1,0a97519bd78f561a,phase_indication_rare|phase=PHASE2|indication=520|rare=0,PHASE2,520,520,,0,phase_indication_rare,159,40.0,70.0,180.0,300.0,False,2026-06-01T13:00:00+00:00,positive completed ACTUAL enrollment; percentiles used without winsorization,Deterministic v1 planned-enrollment benchmark; no enrollment ML model.
enrollment_benchmarks_v1,0a97519bd78f561a,phase_indication_rare|phase=PHASE2|indication=520|rare=1,PHASE2,520,520,,1,phase_indication_rare,25,40.0,85.0,123.0,158.4,True,2026-06-01T13:00:00+00:00,positive completed ACTUAL enrollment; percentiles used without winsorization,Deterministic v1 planned-enrollment benchmark; no enrollment ML model.
enrollment_benchmarks_v1,0a97519bd78f561a,phase_indication_rare|phase=PHASE2|indication=521|rare=0,PHASE2,521,521,,0,phase_indication_rare,399,45.5,91.0,179.0,297.0,False,2026-06-01T13:00:00+00:00,positive completed ACTUAL enrollment; percentiles used without winsorization,Deterministic v1 planned-enrollment benchmark; no enrollment ML model.
enrollment_benchmarks_v1,0a97519bd78f561a,phase_indication_rare|phase=PHASE2|indication=521|rare=1,PHASE2,521,521,,1,phase_indication_rare,21,23.0,36.0,68.0,120.0,True,2026-06-01T13:00:00+00:00,positive completed ACTUAL enrollment; percentiles used without winsorization,Deterministic v1 planned-enrollment benchmark; no enrollment ML model.
enrollment_benchmarks_v1,0a97519bd78f561a,phase_indication_rare|phase=PHASE2|indication=530|rare=0,PHASE2,530,530,,0,phase_indication_rare,18,45.25,69.0,129.0,209.4,True,2026-06-01T13:00:00+00:00,positive completed ACTUAL enrollment; percentiles used without winsorization,Deterministic v1 planned-enrollment benchmark; no enrollment ML model.
enrollment_benchmarks_v1,0a97519bd78f561a,phase_indication_rare|phase=PHASE2|indication=531|rare=0,PHASE2,531,531,,0,phase_indication_rare,5,50.0,64.0,105.0,319.8,True,2026-06-01T13:00:00+00:00,positive completed ACTUAL enrollment; percentiles used without winsorization,Deterministic v1 planned-enrollment benchmark; no enrollment ML model.
enrollment_benchmarks_v1,0a97519bd78f561a,phase_indication_rare|phase=PHASE2|indication=532|rare=0,PHASE2,532,532,,0,phase_indication_rare,125,50.0,112.0,195.0,266.8,False,2026-06-01T13:00:00+00:00,positive completed ACTUAL enrollment; percentiles used without winsorization,Deterministic v1 planned-enrollment benchmark; no enrollment ML model.
enrollment_benchmarks_v1,0a97519bd78f561a,phase_indication_rare|phase=PHASE2|indication=532|rare=1,PHASE2,532,532,,1,phase_indication_rare,1,7.0,7.0,7.0,7.0,True,2026-06-01T13:00:00+00:00,positive completed ACTUAL enrollment; percentiles used without winsorization,Deterministic v1 planned-enrollment benchmark; no enrollment ML model.
enrollment_benchmarks_v1,0a97519bd78f561a,phase_indication_rare|phase=PHASE2|indication=533|rare=0,PHASE2,533,533,,0,phase_indication_rare,1,10.0,10.0,10.0,10.0,True,2026-06-01T13:00:00+00:00,positive completed ACTUAL enrollment; percentiles used without winsorization,Deterministic v1 planned-enrollment benchmark; no enrollment ML model.
enrollment_benchmarks_v1,0a97519bd78f561a,phase_indication_rare|phase=PHASE2|indication=534|rare=0,PHASE2,534,534,,0,phase_indication_rare,6,49.25,62.0,89.0,166.5,True,2026-06-01T13:00:00+00:00,positive completed ACTUAL enrollment; percentiles used without winsorization,Deterministic v1 planned-enrollment benchmark; no enrollment ML model.
enrollment_benchmarks_v1,0a97519bd78f561a,phase_indication_rare|phase=PHASE2|indication=534|rare=1,PHASE2,534,534,,1,phase_indication_rare,5,24.0,52.0,59.0,95.0,True,2026-06-01T13:00:00+00:00,positive completed ACTUAL enrollment; percentiles used without winsorization,Deterministic v1 planned-enrollment benchmark; no enrollment ML model.
enrollment_benchmarks_v1,0a97519bd78f561a,phase_indication_rare|phase=PHASE2|indication=535|rare=0,PHASE2,535,535,,0,phase_indication_rare,5,11.0,21.0,33.0,142.8,True,2026-06-01T13:00:00+00:00,positive completed ACTUAL enrollment; percentiles used without winsorization,Deterministic v1 planned-enrollment benchmark; no enrollment ML model.
enrollment_benchmarks_v1,0a97519bd78f561a,phase_indication_rare|phase=PHASE2|indication=535|rare=1,PHASE2,535,535,,1,phase_indication_rare,3,30.5,41.0,55.5,64.2,True,2026-06-01T13:00:00+00:00,positive completed ACTUAL enrollment; percentiles used without winsorization,Deterministic v1 planned-enrollment benchmark; no enrollment ML model.
enrollment_benchmarks_v1,0a97519bd78f561a,phase_indication_rare|phase=PHASE2|indication=543|rare=0,PHASE2,543,543,,0,phase_indication_rare,155,61.0,124.0,251.0,366.6,False,2026-06-01T13:00:00+00:00,positive completed ACTUAL enrollment; percentiles used without winsorization,Deterministic v1 planned-enrollment benchmark; no enrollment ML model.
enrollment_benchmarks_v1,0a97519bd78f561a,phase_indication_rare|phase=PHASE2|indication=543|rare=1,PHASE2,543,543,,1,phase_indication_rare,9,49.0,109.0,189.0,322.4,True,2026-06-01T13:00:00+00:00,positive completed ACTUAL enrollment; percentiles used without winsorization,Deterministic v1 planned-enrollment benchmark; no enrollment ML model.
enrollment_benchmarks_v1,0a97519bd78f561a,phase_indication_rare|phase=PHASE2|indication=544|rare=0,PHASE2,544,544,,0,phase_indication_rare,79,26.0,64.0,113.5,170.2,False,2026-06-01T13:00:00+00:00,positive completed ACTUAL enrollment; percentiles used without winsorization,Deterministic v1 planned-enrollment benchmark; no enrollment ML model.
enrollment_benchmarks_v1,0a97519bd78f561a,phase_indication_rare|phase=PHASE2|indication=544|rare=1,PHASE2,544,544,,1,phase_indication_rare,2,106.75,107.5,108.25,108.7,True,2026-06-01T13:00:00+00:00,positive completed ACTUAL enrollment; percentiles used without winsorization,Deterministic v1 planned-enrollment benchmark; no enrollment ML model.
enrollment_benchmarks_v1,0a97519bd78f561a,phase_indication_rare|phase=PHASE2|indication=545|rare=0,PHASE2,545,545,,0,phase_indication_rare,41,21.0,35.0,93.0,156.0,True,2026-06-01T13:00:00+00:00,positive completed ACTUAL enrollment; percentiles used without winsorization,Deterministic v1 planned-enrollment benchmark; no enrollment ML model.
enrollment_benchmarks_v1,0a97519bd78f561a,phase_indication_rare|phase=PHASE2|indication=545|rare=1,PHASE2,545,545,,1,phase_indication_rare,7,26.5,30.0,37.5,81.0,True,2026-06-01T13:00:00+00:00,positive completed ACTUAL enrollment; percentiles used without winsorization,Deterministic v1 planned-enrollment benchmark; no enrollment ML model.
enrollment_benchmarks_v1,0a97519bd78f561a,phase_indication_rare|phase=PHASE2|indication=546|rare=0,PHASE2,546,546,,0,phase_indication_rare,51,54.5,130.0,257.5,407.0,False,2026-06-01T13:00:00+00:00,positive completed ACTUAL enrollment; percentiles used without winsorization,Deterministic v1 planned-enrollment benchmark; no enrollment ML model.
enrollment_benchmarks_v1,0a97519bd78f561a,phase_indication_rare|phase=PHASE2|indication=546|rare=1,PHASE2,546,546,,1,phase_indication_rare,2,164.5,200.0,235.5,256.8,True,2026-06-01T13:00:00+00:00,positive completed ACTUAL enrollment; percentiles used without winsorization,Deterministic v1 planned-enrollment benchmark; no enrollment ML model.
enrollment_benchmarks_v1,0a97519bd78f561a,phase_indication_rare|phase=PHASE2|indication=554|rare=0,PHASE2,554,554,,0,phase_indication_rare,9,27.0,66.0,70.0,334.8,True,2026-06-01T13:00:00+00:00,positive completed ACTUAL enrollment; percentiles used without winsorization,Deterministic v1 planned-enrollment benchmark; no enrollment ML model.
enrollment_benchmarks_v1,0a97519bd78f561a,phase_indication_rare|phase=PHASE2|indication=554|rare=1,PHASE2,554,554,,1,phase_indication_rare,31,18.0,49.0,73.5,138.0,True,2026-06-01T13:00:00+00:00,positive completed ACTUAL enrollment; percentiles used without winsorization,Deterministic v1 planned-enrollment benchmark; no enrollment ML model.
enrollment_benchmarks_v1,0a97519bd78f561a,phase_indication_rare|phase=PHASE2|indication=557|rare=0,PHASE2,557,557,,0,phase_indication_rare,161,46.0,100.0,174.0,294.0,False,2026-06-01T13:00:00+00:00,positive completed ACTUAL enrollment; percentiles used without winsorization,Deterministic v1 planned-enrollment benchmark; no enrollment ML model.
enrollment_benchmarks_v1,0a97519bd78f561a,phase_indication_rare|phase=PHASE2|indication=557|rare=1,PHASE2,557,557,,1,phase_indication_rare,88,29.75,44.5,78.75,140.5,False,2026-06-01T13:00:00+00:00,positive completed ACTUAL enrollment; percentiles used without winsorization,Deterministic v1 planned-enrollment benchmark; no enrollment ML model.
enrollment_benchmarks_v1,0a97519bd78f561a,phase_indication_rare|phase=PHASE2|indication=559|rare=0,PHASE2,559,559,,0,phase_indication_rare,69,90.0,207.0,300.0,408.8,False,2026-06-01T13:00:00+00:00,positive completed ACTUAL enrollment; percentiles used without winsorization,Deterministic v1 planned-enrollment benchmark; no enrollment ML model.
enrollment_benchmarks_v1,0a97519bd78f561a,phase_indication_rare|phase=PHASE2|indication=560|rare=0,PHASE2,560,560,,0,phase_indication_rare,8,22.5,64.0,138.0,268.8,True,2026-06-01T13:00:00+00:00,positive completed ACTUAL enrollment; percentiles used without winsorization,Deterministic v1 planned-enrollment benchmark; no enrollment ML model.
enrollment_benchmarks_v1,0a97519bd78f561a,phase_indication_rare|phase=PHASE2|indication=561|rare=0,PHASE2,561,561,,0,phase_indication_rare,39,44.5,123.0,214.0,303.6,True,2026-06-01T13:00:00+00:00,positive completed ACTUAL enrollment; percentiles used without winsorization,Deterministic v1 planned-enrollment benchmark; no enrollment ML model.
enrollment_benchmarks_v1,0a97519bd78f561a,phase_indication_rare|phase=PHASE2|indication=567|rare=0,PHASE2,567,567,,0,phase_indication_rare,117,84.0,164.0,251.0,381.2,False,2026-06-01T13:00:00+00:00,positive completed ACTUAL enrollment; percentiles used without winsorization,Deterministic v1 planned-enrollment benchmark; no enrollment ML model.
enrollment_benchmarks_v1,0a97519bd78f561a,phase_indication_rare|phase=PHASE2|indication=570|rare=0,PHASE2,570,570,,0,phase_indication_rare,9,35.0,116.0,234.0,392.0,True,2026-06-01T13:00:00+00:00,positive completed ACTUAL enrollment; percentiles used without winsorization,Deterministic v1 planned-enrollment benchmark; no enrollment ML model.
enrollment_benchmarks_v1,0a97519bd78f561a,phase_indication_rare|phase=PHASE2|indication=571|rare=0,PHASE2,571,571,,0,phase_indication_rare,23,39.5,83.0,150.5,223.6,True,2026-06-01T13:00:00+00:00,positive completed ACTUAL enrollment; percentiles used without winsorization,Deterministic v1 planned-enrollment benchmark; no enrollment ML model.
enrollment_benchmarks_v1,0a97519bd78f561a,phase_indication_rare|phase=PHASE2|indication=571|rare=1,PHASE2,571,571,,1,phase_indication_rare,1,12.0,12.0,12.0,12.0,True,2026-06-01T13:00:00+00:00,positive completed ACTUAL enrollment; percentiles used without winsorization,Deterministic v1 planned-enrollment benchmark; no enrollment ML model.
enrollment_benchmarks_v1,0a97519bd78f561a,phase_indication_rare|phase=PHASE2|indication=572|rare=0,PHASE2,572,572,,0,phase_indication_rare,7,26.0,69.0,141.5,196.6,True,2026-06-01T13:00:00+00:00,positive completed ACTUAL enrollment; percentiles used without winsorization,Deterministic v1 planned-enrollment benchmark; no enrollment ML model.
enrollment_benchmarks_v1,0a97519bd78f561a,phase_indication_rare|phase=PHASE2|indication=575|rare=0,PHASE2,575,575,,0,phase_indication_rare,15,55.0,103.0,153.0,376.6,True,2026-06-01T13:00:00+00:00,positive completed ACTUAL enrollment; percentiles used without winsorization,Deterministic v1 planned-enrollment benchmark; no enrollment ML model.
enrollment_benchmarks_v1,0a97519bd78f561a,phase_indication_rare|phase=PHASE2|indication=578|rare=0,PHASE2,578,578,,0,phase_indication_rare,29,53.0,109.0,222.0,304.2,True,2026-06-01T13:00:00+00:00,positive completed ACTUAL enrollment; percentiles used without winsorization,Deterministic v1 planned-enrollment benchmark; no enrollment ML model.
enrollment_benchmarks_v1,0a97519bd78f561a,phase_indication_rare|phase=PHASE2|indication=582|rare=1,PHASE2,582,582,,1,phase_indication_rare,12,39.75,53.5,88.75,171.4,True,2026-06-01T13:00:00+00:00,positive completed ACTUAL enrollment; percentiles used without winsorization,Deterministic v1 planned-enrollment benchmark; no enrollment ML model.
enrollment_benchmarks_v1,0a97519bd78f561a,phase_indication_rare|phase=PHASE2|indication=585|rare=0,PHASE2,585,585,,0,phase_indication_rare,34,38.0,105.5,209.5,327.8,True,2026-06-01T13:00:00+00:00,positive completed ACTUAL enrollment; percentiles used without winsorization,Deterministic v1 planned-enrollment benchmark; no enrollment ML model.
enrollment_benchmarks_v1,0a97519bd78f561a,phase_indication_rare|phase=PHASE2|indication=585|rare=1,PHASE2,585,585,,1,phase_indication_rare,3,17.5,18.0,27.0,32.4,True,2026-06-01T13:00:00+00:00,positive completed ACTUAL enrollment; percentiles used without winsorization,Deterministic v1 planned-enrollment benchmark; no enrollment ML model.
enrollment_benchmarks_v1,0a97519bd78f561a,phase_indication_rare|phase=PHASE2|indication=587|rare=0,PHASE2,587,587,,0,phase_indication_rare,352,51.0,108.5,234.5,382.2,False,2026-06-01T13:00:00+00:00,positive completed ACTUAL enrollment; percentiles used without winsorization,Deterministic v1 planned-enrollment benchmark; no enrollment ML model.
enrollment_benchmarks_v1,0a97519bd78f561a,phase_indication_rare|phase=PHASE2|indication=587|rare=1,PHASE2,587,587,,1,phase_indication_rare,1,18.0,18.0,18.0,18.0,True,2026-06-01T13:00:00+00:00,positive completed ACTUAL enrollment; percentiles used without winsorization,Deterministic v1 planned-enrollment benchmark; no enrollment ML model.
enrollment_benchmarks_v1,0a97519bd78f561a,phase_indication_rare|phase=PHASE2|indication=588|rare=0,PHASE2,588,588,,0,phase_indication_rare,4,134.25,202.0,260.75,308.9,True,2026-06-01T13:00:00+00:00,positive completed ACTUAL enrollment; percentiles used without winsorization,Deterministic v1 planned-enrollment benchmark; no enrollment ML model.
enrollment_benchmarks_v1,0a97519bd78f561a,phase_indication_rare|phase=PHASE2|indication=589|rare=0,PHASE2,589,589,,0,phase_indication_rare,197,49.0,97.0,183.0,312.6,False,2026-06-01T13:00:00+00:00,positive completed ACTUAL enrollment; percentiles used without winsorization,Deterministic v1 planned-enrollment benchmark; no enrollment ML model.
enrollment_benchmarks_v1,0a97519bd78f561a,phase_indication_rare|phase=PHASE2|indication=589|rare=1,PHASE2,589,589,,1,phase_indication_rare,33,22.0,43.0,103.0,172.6,True,2026-06-01T13:00:00+00:00,positive completed ACTUAL enrollment; percentiles used without winsorization,Deterministic v1 planned-enrollment benchmark; no enrollment ML model.
enrollment_benchmarks_v1,0a97519bd78f561a,phase_indication_rare|phase=PHASE2|indication=594|rare=0,PHASE2,594,594,,0,phase_indication_rare,119,51.0,119.0,231.5,363.0,False,2026-06-01T13:00:00+00:00,positive completed ACTUAL enrollment; percentiles used without winsorization,Deterministic v1 planned-enrollment benchmark; no enrollment ML model.
enrollment_benchmarks_v1,0a97519bd78f561a,phase_indication_rare|phase=PHASE2|indication=594|rare=1,PHASE2,594,594,,1,phase_indication_rare,5,15.0,55.0,112.0,148.0,True,2026-06-01T13:00:00+00:00,positive completed ACTUAL enrollment; percentiles used without winsorization,Deterministic v1 planned-enrollment benchmark; no enrollment ML model.
enrollment_benchmarks_v1,0a97519bd78f561a,phase_indication_rare|phase=PHASE2|indication=603|rare=0,PHASE2,603,603,,0,phase_indication_rare,119,66.5,132.0,243.0,367.0,False,2026-06-01T13:00:00+00:00,positive completed ACTUAL enrollment; percentiles used without winsorization,Deterministic v1 planned-enrollment benchmark; no enrollment ML model.
enrollment_benchmarks_v1,0a97519bd78f561a,phase_indication_rare|phase=PHASE2|indication=613|rare=0,PHASE2,613,613,,0,phase_indication_rare,14,50.0,73.5,132.75,165.5,True,2026-06-01T13:00:00+00:00,positive completed ACTUAL enrollment; percentiles used without winsorization,Deterministic v1 planned-enrollment benchmark; no enrollment ML model.
enrollment_benchmarks_v1,0a97519bd78f561a,phase_indication_rare|phase=PHASE2|indication=613|rare=1,PHASE2,613,613,,1,phase_indication_rare,43,14.0,33.0,52.5,87.6,True,2026-06-01T13:00:00+00:00,positive completed ACTUAL enrollment; percentiles used without winsorization,Deterministic v1 planned-enrollment benchmark; no enrollment ML model.
enrollment_benchmarks_v1,0a97519bd78f561a,phase_indication_rare|phase=PHASE2|indication=619|rare=0,PHASE2,619,619,,0,phase_indication_rare,265,54.0,119.0,264.0,404.0,False,2026-06-01T13:00:00+00:00,positive completed ACTUAL enrollment; percentiles used without winsorization,Deterministic v1 planned-enrollment benchmark; no enrollment ML model.
enrollment_benchmarks_v1,0a97519bd78f561a,phase_indication_rare|phase=PHASE2|indication=619|rare=1,PHASE2,619,619,,1,phase_indication_rare,279,13.0,26.0,49.5,102.6,False,2026-06-01T13:00:00+00:00,positive completed ACTUAL enrollment; percentiles used without winsorization,Deterministic v1 planned-enrollment benchmark; no enrollment ML model.
enrollment_benchmarks_v1,0a97519bd78f561a,phase_indication_rare|phase=PHASE2|indication=627|rare=0,PHASE2,627,627,,0,phase_indication_rare,153,77.0,145.0,251.0,375.0,False,2026-06-01T13:00:00+00:00,positive completed ACTUAL enrollment; percentiles used without winsorization,Deterministic v1 planned-enrollment benchmark; no enrollment ML model.
enrollment_benchmarks_v1,0a97519bd78f561a,phase_indication_rare|phase=PHASE2|indication=628|rare=0,PHASE2,628,628,,0,phase_indication_rare,129,60.0,122.0,246.0,390.6,False,2026-06-01T13:00:00+00:00,positive completed ACTUAL enrollment; percentiles used without winsorization,Deterministic v1 planned-enrollment benchmark; no enrollment ML model.
enrollment_benchmarks_v1,0a97519bd78f561a,phase_indication_rare|phase=PHASE2|indication=630|rare=0,PHASE2,630,630,,0,phase_indication_rare,37,82.0,149.0,236.0,449.8,True,2026-06-01T13:00:00+00:00,positive completed ACTUAL enrollment; percentiles used without winsorization,Deterministic v1 planned-enrollment benchmark; no enrollment ML model.
enrollment_benchmarks_v1,0a97519bd78f561a,phase_indication_rare|phase=PHASE2|indication=631|rare=0,PHASE2,631,631,,0,phase_indication_rare,1,180.0,180.0,180.0,180.0,True,2026-06-01T13:00:00+00:00,positive completed ACTUAL enrollment; percentiles used without winsorization,Deterministic v1 planned-enrollment benchmark; no enrollment ML model.
enrollment_benchmarks_v1,0a97519bd78f561a,phase_indication_rare|phase=PHASE2|indication=632|rare=0,PHASE2,632,632,,0,phase_indication_rare,47,62.0,100.0,167.5,235.4,True,2026-06-01T13:00:00+00:00,positive completed ACTUAL enrollment; percentiles used without winsorization,Deterministic v1 planned-enrollment benchmark; no enrollment ML model.
enrollment_benchmarks_v1,0a97519bd78f561a,phase_indication_rare|phase=PHASE2|indication=639|rare=0,PHASE2,639,639,,0,phase_indication_rare,140,66.75,137.0,205.75,303.2,False,2026-06-01T13:00:00+00:00,positive completed ACTUAL enrollment; percentiles used without winsorization,Deterministic v1 planned-enrollment benchmark; no enrollment ML model.
enrollment_benchmarks_v1,0a97519bd78f561a,phase_indication_rare|phase=PHASE2|indication=639|rare=1,PHASE2,639,639,,1,phase_indication_rare,46,14.25,32.5,50.25,60.5,True,2026-06-01T13:00:00+00:00,positive completed ACTUAL enrollment; percentiles used without winsorization,Deterministic v1 planned-enrollment benchmark; no enrollment ML model.
enrollment_benchmarks_v1,0a97519bd78f561a,phase_indication_rare|phase=PHASE2|indication=641|rare=0,PHASE2,641,641,,0,phase_indication_rare,4,32.75,73.0,125.75,154.1,True,2026-06-01T13:00:00+00:00,positive completed ACTUAL enrollment; percentiles used without winsorization,Deterministic v1 planned-enrollment benchmark; no enrollment ML model.
enrollment_benchmarks_v1,0a97519bd78f561a,phase_indication_rare|phase=PHASE2|indication=641|rare=1,PHASE2,641,641,,1,phase_indication_rare,18,18.5,36.0,52.75,77.7,True,2026-06-01T13:00:00+00:00,positive completed ACTUAL enrollment; percentiles used without winsorization,Deterministic v1 planned-enrollment benchmark; no enrollment ML model.
enrollment_benchmarks_v1,0a97519bd78f561a,phase_indication_rare|phase=PHASE2|indication=654|rare=0,PHASE2,654,654,,0,phase_indication_rare,210,53.25,105.0,196.75,269.0,False,2026-06-01T13:00:00+00:00,positive completed ACTUAL enrollment; percentiles used without winsorization,Deterministic v1 planned-enrollment benchmark; no enrollment ML model.
enrollment_benchmarks_v1,0a97519bd78f561a,phase_indication_rare|phase=PHASE2|indication=655|rare=0,PHASE2,655,655,,0,phase_indication_rare,176,43.0,96.0,202.75,284.0,False,2026-06-01T13:00:00+00:00,positive completed ACTUAL enrollment; percentiles used without winsorization,Deterministic v1 planned-enrollment benchmark; no enrollment ML model.
enrollment_benchmarks_v1,0a97519bd78f561a,phase_indication_rare|phase=PHASE2|indication=655|rare=1,PHASE2,655,655,,1,phase_indication_rare,3,30.5,53.0,88.0,109.0,True,2026-06-01T13:00:00+00:00,positive completed ACTUAL enrollment; percentiles used without winsorization,Deterministic v1 planned-enrollment benchmark; no enrollment ML model.
enrollment_benchmarks_v1,0a97519bd78f561a,phase_indication_rare|phase=PHASE2|indication=658|rare=0,PHASE2,658,658,,0,phase_indication_rare,5,78.0,120.0,130.0,137.2,True,2026-06-01T13:00:00+00:00,positive completed ACTUAL enrollment; percentiles used without winsorization,Deterministic v1 planned-enrollment benchmark; no enrollment ML model.
enrollment_benchmarks_v1,0a97519bd78f561a,phase_indication_rare|phase=PHASE2|indication=659|rare=0,PHASE2,659,659,,0,phase_indication_rare,29,34.0,111.0,184.0,242.8,True,2026-06-01T13:00:00+00:00,positive completed ACTUAL enrollment; percentiles used without winsorization,Deterministic v1 planned-enrollment benchmark; no enrollment ML model.
enrollment_benchmarks_v1,0a97519bd78f561a,phase_indication_rare|phase=PHASE2|indication=660|rare=0,PHASE2,660,660,,0,phase_indication_rare,18,57.75,155.0,203.25,314.5,True,2026-06-01T13:00:00+00:00,positive completed ACTUAL enrollment; percentiles used without winsorization,Deterministic v1 planned-enrollment benchmark; no enrollment ML model.
enrollment_benchmarks_v1,0a97519bd78f561a,phase_indication_rare|phase=PHASE2|indication=661|rare=0,PHASE2,661,661,,0,phase_indication_rare,57,66.0,153.0,304.0,437.0,False,2026-06-01T13:00:00+00:00,positive completed ACTUAL enrollment; percentiles used without winsorization,Deterministic v1 planned-enrollment benchmark; no enrollment ML model.
enrollment_benchmarks_v1,0a97519bd78f561a,phase_indication_rare|phase=PHASE2|indication=662|rare=0,PHASE2,662,662,,0,phase_indication_rare,31,41.5,87.0,159.0,244.0,True,2026-06-01T13:00:00+00:00,positive completed ACTUAL enrollment; percentiles used without winsorization,Deterministic v1 planned-enrollment benchmark; no enrollment ML model.
enrollment_benchmarks_v1,0a97519bd78f561a,phase_indication_rare|phase=PHASE2|indication=663|rare=0,PHASE2,663,663,,0,phase_indication_rare,20,85.25,133.5,241.75,269.0,True,2026-06-01T13:00:00+00:00,positive completed ACTUAL enrollment; percentiles used without winsorization,Deterministic v1 planned-enrollment benchmark; no enrollment ML model.
enrollment_benchmarks_v1,0a97519bd78f561a,phase_indication_rare|phase=PHASE2|indication=664|rare=0,PHASE2,664,664,,0,phase_indication_rare,17,32.0,90.0,208.0,261.8,True,2026-06-01T13:00:00+00:00,positive completed ACTUAL enrollment; percentiles used without winsorization,Deterministic v1 planned-enrollment benchmark; no enrollment ML model.
enrollment_benchmarks_v1,0a97519bd78f561a,phase_indication_rare|phase=PHASE2|indication=665|rare=0,PHASE2,665,665,,0,phase_indication_rare,8,13.0,44.5,103.5,152.4,True,2026-06-01T13:00:00+00:00,positive completed ACTUAL enrollment; percentiles used without winsorization,Deterministic v1 planned-enrollment benchmark; no enrollment ML model.
enrollment_benchmarks_v1,0a97519bd78f561a,phase_indication_rare|phase=PHASE2|indication=668|rare=0,PHASE2,668,668,,0,phase_indication_rare,196,34.0,75.0,161.25,248.0,False,2026-06-01T13:00:00+00:00,positive completed ACTUAL enrollment; percentiles used without winsorization,Deterministic v1 planned-enrollment benchmark; no enrollment ML model.
enrollment_benchmarks_v1,0a97519bd78f561a,phase_indication_rare|phase=PHASE2|indication=668|rare=1,PHASE2,668,668,,1,phase_indication_rare,30,10.25,33.5,48.75,153.1,True,2026-06-01T13:00:00+00:00,positive completed ACTUAL enrollment; percentiles used without winsorization,Deterministic v1 planned-enrollment benchmark; no enrollment ML model.
enrollment_benchmarks_v1,0a97519bd78f561a,phase_indication_rare|phase=PHASE2|indication=674|rare=0,PHASE2,674,674,,0,phase_indication_rare,3,53.0,78.0,110.0,129.2,True,2026-06-01T13:00:00+00:00,positive completed ACTUAL enrollment; percentiles used without winsorization,Deterministic v1 planned-enrollment benchmark; no enrollment ML model.
enrollment_benchmarks_v1,0a97519bd78f561a,phase_indication_rare|phase=PHASE2|indication=674|rare=1,PHASE2,674,674,,1,phase_indication_rare,1,40.0,40.0,40.0,40.0,True,2026-06-01T13:00:00+00:00,positive completed ACTUAL enrollment; percentiles used without winsorization,Deterministic v1 planned-enrollment benchmark; no enrollment ML model.
enrollment_benchmarks_v1,0a97519bd78f561a,phase_indication_rare|phase=PHASE2|indication=679|rare=0,PHASE2,679,679,,0,phase_indication_rare,222,59.25,104.0,172.0,269.4,False,2026-06-01T13:00:00+00:00,positive completed ACTUAL enrollment; percentiles used without winsorization,Deterministic v1 planned-enrollment benchmark; no enrollment ML model.
enrollment_benchmarks_v1,0a97519bd78f561a,phase_indication_rare|phase=PHASE2|indication=679|rare=1,PHASE2,679,679,,1,phase_indication_rare,10,32.5,41.0,78.0,115.7,True,2026-06-01T13:00:00+00:00,positive completed ACTUAL enrollment; percentiles used without winsorization,Deterministic v1 planned-enrollment benchmark; no enrollment ML model.
enrollment_benchmarks_v1,0a97519bd78f561a,phase_indication_rare|phase=PHASE2|indication=680|rare=0,PHASE2,680,680,,0,phase_indication_rare,85,59.0,111.0,191.0,274.6,False,2026-06-01T13:00:00+00:00,positive completed ACTUAL enrollment; percentiles used without winsorization,Deterministic v1 planned-enrollment benchmark; no enrollment ML model.
enrollment_benchmarks_v1,0a97519bd78f561a,phase_indication_rare|phase=PHASE2|indication=680|rare=1,PHASE2,680,680,,1,phase_indication_rare,1,41.0,41.0,41.0,41.0,True,2026-06-01T13:00:00+00:00,positive completed ACTUAL enrollment; percentiles used without winsorization,Deterministic v1 planned-enrollment benchmark; no enrollment ML model.
enrollment_benchmarks_v1,0a97519bd78f561a,phase_indication_rare|phase=PHASE2|indication=699|rare=0,PHASE2,699,699,,0,phase_indication_rare,1,20.0,20.0,20.0,20.0,True,2026-06-01T13:00:00+00:00,positive completed ACTUAL enrollment; percentiles used without winsorization,Deterministic v1 planned-enrollment benchmark; no enrollment ML model.
enrollment_benchmarks_v1,0a97519bd78f561a,phase_indication_rare|phase=PHASE2|indication=700|rare=0,PHASE2,700,700,,0,phase_indication_rare,1,36.0,36.0,36.0,36.0,True,2026-06-01T13:00:00+00:00,positive completed ACTUAL enrollment; percentiles used without winsorization,Deterministic v1 planned-enrollment benchmark; no enrollment ML model.
enrollment_benchmarks_v1,0a97519bd78f561a,phase_indication_rare|phase=PHASE2|indication=708|rare=0,PHASE2,708,708,,0,phase_indication_rare,23,51.0,92.0,178.5,231.0,True,2026-06-01T13:00:00+00:00,positive completed ACTUAL enrollment; percentiles used without winsorization,Deterministic v1 planned-enrollment benchmark; no enrollment ML model.
enrollment_benchmarks_v1,0a97519bd78f561a,phase_indication_rare|phase=PHASE2|indication=709|rare=0,PHASE2,709,709,,0,phase_indication_rare,2,106.25,117.5,128.75,135.5,True,2026-06-01T13:00:00+00:00,positive completed ACTUAL enrollment; percentiles used without winsorization,Deterministic v1 planned-enrollment benchmark; no enrollment ML model.
enrollment_benchmarks_v1,0a97519bd78f561a,phase_indication_rare|phase=PHASE2|indication=716|rare=0,PHASE2,716,716,,0,phase_indication_rare,6,34.5,57.0,215.25,304.5,True,2026-06-01T13:00:00+00:00,positive completed ACTUAL enrollment; percentiles used without winsorization,Deterministic v1 planned-enrollment benchmark; no enrollment ML model.
enrollment_benchmarks_v1,0a97519bd78f561a,phase_indication_rare|phase=PHASE2|indication=729|rare=1,PHASE2,729,729,,1,phase_indication_rare,1,131.0,131.0,131.0,131.0,True,2026-06-01T13:00:00+00:00,positive completed ACTUAL enrollment; percentiles used without winsorization,Deterministic v1 planned-enrollment benchmark; no enrollment ML model.
enrollment_benchmarks_v1,0a97519bd78f561a,phase_indication_rare|phase=PHASE2|indication=843|rare=0,PHASE2,843,843,,0,phase_indication_rare,1,423.0,423.0,423.0,423.0,True,2026-06-01T13:00:00+00:00,positive completed ACTUAL enrollment; percentiles used without winsorization,Deterministic v1 planned-enrollment benchmark; no enrollment ML model.
enrollment_benchmarks_v1,0a97519bd78f561a,phase_indication_rare|phase=PHASE2|indication=843|rare=1,PHASE2,843,843,,1,phase_indication_rare,5,578.0,600.0,1075.0,2244.4,True,2026-06-01T13:00:00+00:00,positive completed ACTUAL enrollment; percentiles used without winsorization,Deterministic v1 planned-enrollment benchmark; no enrollment ML model.
enrollment_benchmarks_v1,0a97519bd78f561a,phase_indication_rare|phase=PHASE2|indication=935|rare=0,PHASE2,935,935,,0,phase_indication_rare,1,808.0,808.0,808.0,808.0,True,2026-06-01T13:00:00+00:00,positive completed ACTUAL enrollment; percentiles used without winsorization,Deterministic v1 planned-enrollment benchmark; no enrollment ML model.
enrollment_benchmarks_v1,0a97519bd78f561a,phase_indication_rare|phase=PHASE2|indication=958|rare=0,PHASE2,958,958,,0,phase_indication_rare,5,88.0,120.0,200.0,440.0,True,2026-06-01T13:00:00+00:00,positive completed ACTUAL enrollment; percentiles used without winsorization,Deterministic v1 planned-enrollment benchmark; no enrollment ML model.
enrollment_benchmarks_v1,0a97519bd78f561a,phase_indication_rare|phase=PHASE2|indication=972|rare=0,PHASE2,972,972,,0,phase_indication_rare,44,87.5,238.0,475.0,666.4,True,2026-06-01T13:00:00+00:00,positive completed ACTUAL enrollment; percentiles used without winsorization,Deterministic v1 planned-enrollment benchmark; no enrollment ML model.
enrollment_benchmarks_v1,0a97519bd78f561a,phase_indication_rare|phase=PHASE2|indication=980|rare=0,PHASE2,980,980,,0,phase_indication_rare,32,63.5,127.5,200.0,215.0,True,2026-06-01T13:00:00+00:00,positive completed ACTUAL enrollment; percentiles used without winsorization,Deterministic v1 planned-enrollment benchmark; no enrollment ML model.
enrollment_benchmarks_v1,0a97519bd78f561a,phase_indication_rare|phase=PHASE2|indication=981|rare=0,PHASE2,981,981,,0,phase_indication_rare,238,51.25,99.0,159.5,267.9,False,2026-06-01T13:00:00+00:00,positive completed ACTUAL enrollment; percentiles used without winsorization,Deterministic v1 planned-enrollment benchmark; no enrollment ML model.
enrollment_benchmarks_v1,0a97519bd78f561a,phase_indication_rare|phase=PHASE2|indication=981|rare=1,PHASE2,981,981,,1,phase_indication_rare,15,11.0,23.0,66.5,103.2,True,2026-06-01T13:00:00+00:00,positive completed ACTUAL enrollment; percentiles used without winsorization,Deterministic v1 planned-enrollment benchmark; no enrollment ML model.
enrollment_benchmarks_v1,0a97519bd78f561a,phase_indication_rare|phase=PHASE2|indication=992|rare=0,PHASE2,992,992,,0,phase_indication_rare,59,49.5,100.0,226.5,346.8,False,2026-06-01T13:00:00+00:00,positive completed ACTUAL enrollment; percentiles used without winsorization,Deterministic v1 planned-enrollment benchmark; no enrollment ML model.
enrollment_benchmarks_v1,0a97519bd78f561a,phase_indication_rare|phase=PHASE2|indication=992|rare=1,PHASE2,992,992,,1,phase_indication_rare,2,42.0,59.0,76.0,86.2,True,2026-06-01T13:00:00+00:00,positive completed ACTUAL enrollment; percentiles used without winsorization,Deterministic v1 planned-enrollment benchmark; no enrollment ML model.
enrollment_benchmarks_v1,0a97519bd78f561a,phase_indication_rare|phase=PHASE2|indication=1004|rare=0,PHASE2,1004,1004,,0,phase_indication_rare,32,33.0,47.5,85.5,147.2,True,2026-06-01T13:00:00+00:00,positive completed ACTUAL enrollment; percentiles used without winsorization,Deterministic v1 planned-enrollment benchmark; no enrollment ML model.
enrollment_benchmarks_v1,0a97519bd78f561a,phase_indication_rare|phase=PHASE2|indication=1004|rare=1,PHASE2,1004,1004,,1,phase_indication_rare,8,20.75,27.5,67.25,109.4,True,2026-06-01T13:00:00+00:00,positive completed ACTUAL enrollment; percentiles used without winsorization,Deterministic v1 planned-enrollment benchmark; no enrollment ML model.
enrollment_benchmarks_v1,0a97519bd78f561a,phase_indication_rare|phase=PHASE2|indication=1008|rare=0,PHASE2,1008,1008,,0,phase_indication_rare,2,56.0,67.0,78.0,84.6,True,2026-06-01T13:00:00+00:00,positive completed ACTUAL enrollment; percentiles used without winsorization,Deterministic v1 planned-enrollment benchmark; no enrollment ML model.
enrollment_benchmarks_v1,0a97519bd78f561a,phase_indication_rare|phase=PHASE2|indication=1008|rare=1,PHASE2,1008,1008,,1,phase_indication_rare,3,3.5,4.0,13.0,18.4,True,2026-06-01T13:00:00+00:00,positive completed ACTUAL enrollment; percentiles used without winsorization,Deterministic v1 planned-enrollment benchmark; no enrollment ML model.
enrollment_benchmarks_v1,0a97519bd78f561a,phase_indication_rare|phase=PHASE2|indication=1011|rare=0,PHASE2,1011,1011,,0,phase_indication_rare,3,146.0,166.0,187.5,200.4,True,2026-06-01T13:00:00+00:00,positive completed ACTUAL enrollment; percentiles used without winsorization,Deterministic v1 planned-enrollment benchmark; no enrollment ML model.
enrollment_benchmarks_v1,0a97519bd78f561a,phase_indication_rare|phase=PHASE2|indication=1011|rare=1,PHASE2,1011,1011,,1,phase_indication_rare,12,22.0,32.0,56.25,129.3,True,2026-06-01T13:00:00+00:00,positive completed ACTUAL enrollment; percentiles used without winsorization,Deterministic v1 planned-enrollment benchmark; no enrollment ML model.
enrollment_benchmarks_v1,0a97519bd78f561a,phase_indication_rare|phase=PHASE2|indication=1012|rare=1,PHASE2,1012,1012,,1,phase_indication_rare,6,28.25,38.0,72.5,93.0,True,2026-06-01T13:00:00+00:00,positive completed ACTUAL enrollment; percentiles used without winsorization,Deterministic v1 planned-enrollment benchmark; no enrollment ML model.
enrollment_benchmarks_v1,0a97519bd78f561a,phase_indication_rare|phase=PHASE2|indication=1048|rare=0,PHASE2,1048,1048,,0,phase_indication_rare,201,63.0,137.0,306.0,644.0,False,2026-06-01T13:00:00+00:00,positive completed ACTUAL enrollment; percentiles used without winsorization,Deterministic v1 planned-enrollment benchmark; no enrollment ML model.
enrollment_benchmarks_v1,0a97519bd78f561a,phase_indication_rare|phase=PHASE2|indication=1161|rare=0,PHASE2,1161,1161,,0,phase_indication_rare,119,54.5,114.0,210.0,369.4,False,2026-06-01T13:00:00+00:00,positive completed ACTUAL enrollment; percentiles used without winsorization,Deterministic v1 planned-enrollment benchmark; no enrollment ML model.
enrollment_benchmarks_v1,0a97519bd78f561a,phase_indication_rare|phase=PHASE2|indication=1161|rare=1,PHASE2,1161,1161,,1,phase_indication_rare,16,22.25,35.5,96.75,142.0,True,2026-06-01T13:00:00+00:00,positive completed ACTUAL enrollment; percentiles used without winsorization,Deterministic v1 planned-enrollment benchmark; no enrollment ML model.
enrollment_benchmarks_v1,0a97519bd78f561a,phase_indication_rare|phase=PHASE2/PHASE3|indication=0|rare=0,PHASE2/PHASE3,0,0,,0,phase_indication_rare,1,268.0,268.0,268.0,268.0,True,2026-06-01T13:00:00+00:00,positive completed ACTUAL enrollment; percentiles used without winsorization,Deterministic v1 planned-enrollment benchmark; no enrollment ML model.
enrollment_benchmarks_v1,0a97519bd78f561a,phase_indication_rare|phase=PHASE2/PHASE3|indication=297|rare=0,PHASE2/PHASE3,297,297,,0,phase_indication_rare,2,917.75,1278.5,1639.25,1855.7,True,2026-06-01T13:00:00+00:00,positive completed ACTUAL enrollment; percentiles used without winsorization,Deterministic v1 planned-enrollment benchmark; no enrollment ML model.
enrollment_benchmarks_v1,0a97519bd78f561a,phase_indication_rare|phase=PHASE2/PHASE3|indication=298|rare=0,PHASE2/PHASE3,298,298,,0,phase_indication_rare,8,47.75,56.0,134.25,273.6,True,2026-06-01T13:00:00+00:00,positive completed ACTUAL enrollment; percentiles used without winsorization,Deterministic v1 planned-enrollment benchmark; no enrollment ML model.
enrollment_benchmarks_v1,0a97519bd78f561a,phase_indication_rare|phase=PHASE2/PHASE3|indication=302|rare=0,PHASE2/PHASE3,302,302,,0,phase_indication_rare,3,185.5,329.0,914.5,1265.8,True,2026-06-01T13:00:00+00:00,positive completed ACTUAL enrollment; percentiles used without winsorization,Deterministic v1 planned-enrollment benchmark; no enrollment ML model.
enrollment_benchmarks_v1,0a97519bd78f561a,phase_indication_rare|phase=PHASE2/PHASE3|indication=321|rare=0,PHASE2/PHASE3,321,321,,0,phase_indication_rare,1,24.0,24.0,24.0,24.0,True,2026-06-01T13:00:00+00:00,positive completed ACTUAL enrollment; percentiles used without winsorization,Deterministic v1 planned-enrollment benchmark; no enrollment ML model.
enrollment_benchmarks_v1,0a97519bd78f561a,phase_indication_rare|phase=PHASE2/PHASE3|indication=322|rare=0,PHASE2/PHASE3,322,322,,0,phase_indication_rare,8,153.0,927.5,2619.5,13586.6,True,2026-06-01T13:00:00+00:00,positive completed ACTUAL enrollment; percentiles used without winsorization,Deterministic v1 planned-enrollment benchmark; no enrollment ML model.
enrollment_benchmarks_v1,0a97519bd78f561a,phase_indication_rare|phase=PHASE2/PHASE3|indication=328|rare=0,PHASE2/PHASE3,328,328,,0,phase_indication_rare,16,301.5,639.0,1014.25,2259.5,True,2026-06-01T13:00:00+00:00,positive completed ACTUAL enrollment; percentiles used without winsorization,Deterministic v1 planned-enrollment benchmark; no enrollment ML model.
enrollment_benchmarks_v1,0a97519bd78f561a,phase_indication_rare|phase=PHASE2/PHASE3|indication=332|rare=0,PHASE2/PHASE3,332,332,,0,phase_indication_rare,3,1202.5,1588.0,1614.0,1629.6,True,2026-06-01T13:00:00+00:00,positive completed ACTUAL enrollment; percentiles used without winsorization,Deterministic v1 planned-enrollment benchmark; no enrollment ML model.
enrollment_benchmarks_v1,0a97519bd78f561a,phase_indication_rare|phase=PHASE2/PHASE3|indication=339|rare=0,PHASE2/PHASE3,339,339,,0,phase_indication_rare,2,317.25,344.5,371.75,388.1,True,2026-06-01T13:00:00+00:00,positive completed ACTUAL enrollment; percentiles used without winsorization,Deterministic v1 planned-enrollment benchmark; no enrollment ML model.
enrollment_benchmarks_v1,0a97519bd78f561a,phase_indication_rare|phase=PHASE2/PHASE3|indication=340|rare=0,PHASE2/PHASE3,340,340,,0,phase_indication_rare,2,160.25,210.5,260.75,290.9,True,2026-06-01T13:00:00+00:00,positive completed ACTUAL enrollment; percentiles used without winsorization,Deterministic v1 planned-enrollment benchmark; no enrollment ML model.
enrollment_benchmarks_v1,0a97519bd78f561a,phase_indication_rare|phase=PHASE2/PHASE3|indication=341|rare=0,PHASE2/PHASE3,341,341,,0,phase_indication_rare,1,540.0,540.0,540.0,540.0,True,2026-06-01T13:00:00+00:00,positive completed ACTUAL enrollment; percentiles used without winsorization,Deterministic v1 planned-enrollment benchmark; no enrollment ML model.
enrollment_benchmarks_v1,0a97519bd78f561a,phase_indication_rare|phase=PHASE2/PHASE3|indication=342|rare=0,PHASE2/PHASE3,342,342,,0,phase_indication_rare,3,459.0,675.0,744.5,786.2,True,2026-06-01T13:00:00+00:00,positive completed ACTUAL enrollment; percentiles used without winsorization,Deterministic v1 planned-enrollment benchmark; no enrollment ML model.
enrollment_benchmarks_v1,0a97519bd78f561a,phase_indication_rare|phase=PHASE2/PHASE3|indication=345|rare=0,PHASE2/PHASE3,345,345,,0,phase_indication_rare,1,20.0,20.0,20.0,20.0,True,2026-06-01T13:00:00+00:00,positive completed ACTUAL enrollment; percentiles used without winsorization,Deterministic v1 planned-enrollment benchmark; no enrollment ML model.
enrollment_benchmarks_v1,0a97519bd78f561a,phase_indication_rare|phase=PHASE2/PHASE3|indication=357|rare=0,PHASE2/PHASE3,357,357,,0,phase_indication_rare,1,187.0,187.0,187.0,187.0,True,2026-06-01T13:00:00+00:00,positive completed ACTUAL enrollment; percentiles used without winsorization,Deterministic v1 planned-enrollment benchmark; no enrollment ML model.
enrollment_benchmarks_v1,0a97519bd78f561a,phase_indication_rare|phase=PHASE2/PHASE3|indication=359|rare=0,PHASE2/PHASE3,359,359,,0,phase_indication_rare,1,118.0,118.0,118.0,118.0,True,2026-06-01T13:00:00+00:00,positive completed ACTUAL enrollment; percentiles used without winsorization,Deterministic v1 planned-enrollment benchmark; no enrollment ML model.
enrollment_benchmarks_v1,0a97519bd78f561a,phase_indication_rare|phase=PHASE2/PHASE3|indication=366|rare=0,PHASE2/PHASE3,366,366,,0,phase_indication_rare,1,152.0,152.0,152.0,152.0,True,2026-06-01T13:00:00+00:00,positive completed ACTUAL enrollment; percentiles used without winsorization,Deterministic v1 planned-enrollment benchmark; no enrollment ML model.
enrollment_benchmarks_v1,0a97519bd78f561a,phase_indication_rare|phase=PHASE2/PHASE3|indication=380|rare=0,PHASE2/PHASE3,380,380,,0,phase_indication_rare,2,399.25,792.5,1185.75,1421.7,True,2026-06-01T13:00:00+00:00,positive completed ACTUAL enrollment; percentiles used without winsorization,Deterministic v1 planned-enrollment benchmark; no enrollment ML model.
enrollment_benchmarks_v1,0a97519bd78f561a,phase_indication_rare|phase=PHASE2/PHASE3|indication=391|rare=0,PHASE2/PHASE3,391,391,,0,phase_indication_rare,1,674.0,674.0,674.0,674.0,True,2026-06-01T13:00:00+00:00,positive completed ACTUAL enrollment; percentiles used without winsorization,Deterministic v1 planned-enrollment benchmark; no enrollment ML model.
enrollment_benchmarks_v1,0a97519bd78f561a,phase_indication_rare|phase=PHASE2/PHASE3|indication=393|rare=0,PHASE2/PHASE3,393,393,,0,phase_indication_rare,2,458.75,592.5,726.25,806.5,True,2026-06-01T13:00:00+00:00,positive completed ACTUAL enrollment; percentiles used without winsorization,Deterministic v1 planned-enrollment benchmark; no enrollment ML model.
enrollment_benchmarks_v1,0a97519bd78f561a,phase_indication_rare|phase=PHASE2/PHASE3|indication=400|rare=0,PHASE2/PHASE3,400,400,,0,phase_indication_rare,2,329.75,398.5,467.25,508.5,True,2026-06-01T13:00:00+00:00,positive completed ACTUAL enrollment; percentiles used without winsorization,Deterministic v1 planned-enrollment benchmark; no enrollment ML model.
enrollment_benchmarks_v1,0a97519bd78f561a,phase_indication_rare|phase=PHASE2/PHASE3|indication=408|rare=0,PHASE2/PHASE3,408,408,,0,phase_indication_rare,7,28.0,95.0,459.0,1048.6,True,2026-06-01T13:00:00+00:00,positive completed ACTUAL enrollment; percentiles used without winsorization,Deterministic v1 planned-enrollment benchmark; no enrollment ML model.
enrollment_benchmarks_v1,0a97519bd78f561a,phase_indication_rare|phase=PHASE2/PHASE3|indication=408|rare=1,PHASE2/PHASE3,408,408,,1,phase_indication_rare,1,198.0,198.0,198.0,198.0,True,2026-06-01T13:00:00+00:00,positive completed ACTUAL enrollment; percentiles used without winsorization,Deterministic v1 planned-enrollment benchmark; no enrollment ML model.
enrollment_benchmarks_v1,0a97519bd78f561a,phase_indication_rare|phase=PHASE2/PHASE3|indication=411|rare=0,PHASE2/PHASE3,411,411,,0,phase_indication_rare,1,104.0,104.0,104.0,104.0,True,2026-06-01T13:00:00+00:00,positive completed ACTUAL enrollment; percentiles used without winsorization,Deterministic v1 planned-enrollment benchmark; no enrollment ML model.
enrollment_benchmarks_v1,0a97519bd78f561a,phase_indication_rare|phase=PHASE2/PHASE3|indication=414|rare=0,PHASE2/PHASE3,414,414,,0,phase_indication_rare,2,33.25,49.5,65.75,75.5,True,2026-06-01T13:00:00+00:00,positive completed ACTUAL enrollment; percentiles used without winsorization,Deterministic v1 planned-enrollment benchmark; no enrollment ML model.
enrollment_benchmarks_v1,0a97519bd78f561a,phase_indication_rare|phase=PHASE2/PHASE3|indication=417|rare=0,PHASE2/PHASE3,417,417,,0,phase_indication_rare,1,668.0,668.0,668.0,668.0,True,2026-06-01T13:00:00+00:00,positive completed ACTUAL enrollment; percentiles used without winsorization,Deterministic v1 planned-enrollment benchmark; no enrollment ML model.
enrollment_benchmarks_v1,0a97519bd78f561a,phase_indication_rare|phase=PHASE2/PHASE3|indication=426|rare=0,PHASE2/PHASE3,426,426,,0,phase_indication_rare,6,450.0,487.5,529.5,788.0,True,2026-06-01T13:00:00+00:00,positive completed ACTUAL enrollment; percentiles used without winsorization,Deterministic v1 planned-enrollment benchmark; no enrollment ML model.
enrollment_benchmarks_v1,0a97519bd78f561a,phase_indication_rare|phase=PHASE2/PHASE3|indication=429|rare=0,PHASE2/PHASE3,429,429,,0,phase_indication_rare,5,62.0,191.0,416.0,518.0,True,2026-06-01T13:00:00+00:00,positive completed ACTUAL enrollment; percentiles used without winsorization,Deterministic v1 planned-enrollment benchmark; no enrollment ML model.
enrollment_benchmarks_v1,0a97519bd78f561a,phase_indication_rare|phase=PHASE2/PHASE3|indication=438|rare=0,PHASE2/PHASE3,438,438,,0,phase_indication_rare,2,242.5,290.0,337.5,366.0,True,2026-06-01T13:00:00+00:00,positive completed ACTUAL enrollment; percentiles used without winsorization,Deterministic v1 planned-enrollment benchmark; no enrollment ML model.
enrollment_benchmarks_v1,0a97519bd78f561a,phase_indication_rare|phase=PHASE2/PHASE3|indication=441|rare=0,PHASE2/PHASE3,441,441,,0,phase_indication_rare,4,213.25,319.0,442.25,484.1,True,2026-06-01T13:00:00+00:00,positive completed ACTUAL enrollment; percentiles used without winsorization,Deterministic v1 planned-enrollment benchmark; no enrollment ML model.
enrollment_benchmarks_v1,0a97519bd78f561a,phase_indication_rare|phase=PHASE2/PHASE3|indication=462|rare=0,PHASE2/PHASE3,462,462,,0,phase_indication_rare,2,94.5,143.0,191.5,220.6,True,2026-06-01T13:00:00+00:00,positive completed ACTUAL enrollment; percentiles used without winsorization,Deterministic v1 planned-enrollment benchmark; no enrollment ML model.
enrollment_benchmarks_v1,0a97519bd78f561a,phase_indication_rare|phase=PHASE2/PHASE3|indication=465|rare=0,PHASE2/PHASE3,465,465,,0,phase_indication_rare,1,248.0,248.0,248.0,248.0,True,2026-06-01T13:00:00+00:00,positive completed ACTUAL enrollment; percentiles used without winsorization,Deterministic v1 planned-enrollment benchmark; no enrollment ML model.
enrollment_benchmarks_v1,0a97519bd78f561a,phase_indication_rare|phase=PHASE2/PHASE3|indication=474|rare=0,PHASE2/PHASE3,474,474,,0,phase_indication_rare,1,175.0,175.0,175.0,175.0,True,2026-06-01T13:00:00+00:00,positive completed ACTUAL enrollment; percentiles used without winsorization,Deterministic v1 planned-enrollment benchmark; no enrollment ML model.
enrollment_benchmarks_v1,0a97519bd78f561a,phase_indication_rare|phase=PHASE2/PHASE3|indication=480|rare=1,PHASE2/PHASE3,480,480,,1,phase_indication_rare,1,91.0,91.0,91.0,91.0,True,2026-06-01T13:00:00+00:00,positive completed ACTUAL enrollment; percentiles used without winsorization,Deterministic v1 planned-enrollment benchmark; no enrollment ML model.
enrollment_benchmarks_v1,0a97519bd78f561a,phase_indication_rare|phase=PHASE2/PHASE3|indication=483|rare=0,PHASE2/PHASE3,483,483,,0,phase_indication_rare,1,249.0,249.0,249.0,249.0,True,2026-06-01T13:00:00+00:00,positive completed ACTUAL enrollment; percentiles used without winsorization,Deterministic v1 planned-enrollment benchmark; no enrollment ML model.
enrollment_benchmarks_v1,0a97519bd78f561a,phase_indication_rare|phase=PHASE2/PHASE3|indication=483|rare=1,PHASE2/PHASE3,483,483,,1,phase_indication_rare,1,176.0,176.0,176.0,176.0,True,2026-06-01T13:00:00+00:00,positive completed ACTUAL enrollment; percentiles used without winsorization,Deterministic v1 planned-enrollment benchmark; no enrollment ML model.
enrollment_benchmarks_v1,0a97519bd78f561a,phase_indication_rare|phase=PHASE2/PHASE3|indication=485|rare=0,PHASE2/PHASE3,485,485,,0,phase_indication_rare,2,144.0,247.0,350.0,411.8,True,2026-06-01T13:00:00+00:00,positive completed ACTUAL enrollment; percentiles used without winsorization,Deterministic v1 planned-enrollment benchmark; no enrollment ML model.
enrollment_benchmarks_v1,0a97519bd78f561a,phase_indication_rare|phase=PHASE2/PHASE3|indication=485|rare=1,PHASE2/PHASE3,485,485,,1,phase_indication_rare,1,111.0,111.0,111.0,111.0,True,2026-06-01T13:00:00+00:00,positive completed ACTUAL enrollment; percentiles used without winsorization,Deterministic v1 planned-enrollment benchmark; no enrollment ML model.
enrollment_benchmarks_v1,0a97519bd78f561a,phase_indication_rare|phase=PHASE2/PHASE3|indication=486|rare=0,PHASE2/PHASE3,486,486,,0,phase_indication_rare,1,10.0,10.0,10.0,10.0,True,2026-06-01T13:00:00+00:00,positive completed ACTUAL enrollment; percentiles used without winsorization,Deterministic v1 planned-enrollment benchmark; no enrollment ML model.
enrollment_benchmarks_v1,0a97519bd78f561a,phase_indication_rare|phase=PHASE2/PHASE3|indication=487|rare=0,PHASE2/PHASE3,487,487,,0,phase_indication_rare,4,68.0,151.5,253.25,296.9,True,2026-06-01T13:00:00+00:00,positive completed ACTUAL enrollment; percentiles used without winsorization,Deterministic v1 planned-enrollment benchmark; no enrollment ML model.
enrollment_benchmarks_v1,0a97519bd78f561a,phase_indication_rare|phase=PHASE2/PHASE3|indication=487|rare=1,PHASE2/PHASE3,487,487,,1,phase_indication_rare,1,85.0,85.0,85.0,85.0,True,2026-06-01T13:00:00+00:00,positive completed ACTUAL enrollment; percentiles used without winsorization,Deterministic v1 planned-enrollment benchmark; no enrollment ML model.
enrollment_benchmarks_v1,0a97519bd78f561a,phase_indication_rare|phase=PHASE2/PHASE3|indication=489|rare=0,PHASE2/PHASE3,489,489,,0,phase_indication_rare,3,32.0,52.0,103.5,134.4,True,2026-06-01T13:00:00+00:00,positive completed ACTUAL enrollment; percentiles used without winsorization,Deterministic v1 planned-enrollment benchmark; no enrollment ML model.
enrollment_benchmarks_v1,0a97519bd78f561a,phase_indication_rare|phase=PHASE2/PHASE3|indication=489|rare=1,PHASE2/PHASE3,489,489,,1,phase_indication_rare,1,48.0,48.0,48.0,48.0,True,2026-06-01T13:00:00+00:00,positive completed ACTUAL enrollment; percentiles used without winsorization,Deterministic v1 planned-enrollment benchmark; no enrollment ML model.
enrollment_benchmarks_v1,0a97519bd78f561a,phase_indication_rare|phase=PHASE2/PHASE3|indication=490|rare=0,PHASE2/PHASE3,490,490,,0,phase_indication_rare,3,115.5,168.0,284.0,353.6,True,2026-06-01T13:00:00+00:00,positive completed ACTUAL enrollment; percentiles used without winsorization,Deterministic v1 planned-enrollment benchmark; no enrollment ML model.
enrollment_benchmarks_v1,0a97519bd78f561a,phase_indication_rare|phase=PHASE2/PHASE3|indication=490|rare=1,PHASE2/PHASE3,490,490,,1,phase_indication_rare,4,43.0,75.0,208.25,390.5,True,2026-06-01T13:00:00+00:00,positive completed ACTUAL enrollment; percentiles used without winsorization,Deterministic v1 planned-enrollment benchmark; no enrollment ML model.
enrollment_benchmarks_v1,0a97519bd78f561a,phase_indication_rare|phase=PHASE2/PHASE3|indication=493|rare=0,PHASE2/PHASE3,493,493,,0,phase_indication_rare,1,711.0,711.0,711.0,711.0,True,2026-06-01T13:00:00+00:00,positive completed ACTUAL enrollment; percentiles used without winsorization,Deterministic v1 planned-enrollment benchmark; no enrollment ML model.
enrollment_benchmarks_v1,0a97519bd78f561a,phase_indication_rare|phase=PHASE2/PHASE3|indication=494|rare=0,PHASE2/PHASE3,494,494,,0,phase_indication_rare,3,143.5,206.0,322.0,391.6,True,2026-06-01T13:00:00+00:00,positive completed ACTUAL enrollment; percentiles used without winsorization,Deterministic v1 planned-enrollment benchmark; no enrollment ML model.
enrollment_benchmarks_v1,0a97519bd78f561a,phase_indication_rare|phase=PHASE2/PHASE3|indication=498|rare=0,PHASE2/PHASE3,498,498,,0,phase_indication_rare,3,373.0,393.0,533.0,617.0,True,2026-06-01T13:00:00+00:00,positive completed ACTUAL enrollment; percentiles used without winsorization,Deterministic v1 planned-enrollment benchmark; no enrollment ML model.
enrollment_benchmarks_v1,0a97519bd78f561a,phase_indication_rare|phase=PHASE2/PHASE3|indication=499|rare=0,PHASE2/PHASE3,499,499,,0,phase_indication_rare,1,78.0,78.0,78.0,78.0,True,2026-06-01T13:00:00+00:00,positive completed ACTUAL enrollment; percentiles used without winsorization,Deterministic v1 planned-enrollment benchmark; no enrollment ML model.
enrollment_benchmarks_v1,0a97519bd78f561a,phase_indication_rare|phase=PHASE2/PHASE3|indication=499|rare=1,PHASE2/PHASE3,499,499,,1,phase_indication_rare,1,314.0,314.0,314.0,314.0,True,2026-06-01T13:00:00+00:00,positive completed ACTUAL enrollment; percentiles used without winsorization,Deterministic v1 planned-enrollment benchmark; no enrollment ML model.
enrollment_benchmarks_v1,0a97519bd78f561a,phase_indication_rare|phase=PHASE2/PHASE3|indication=507|rare=0,PHASE2/PHASE3,507,507,,0,phase_indication_rare,7,92.0,369.0,504.5,1162.8,True,2026-06-01T13:00:00+00:00,positive completed ACTUAL enrollment; percentiles used without winsorization,Deterministic v1 planned-enrollment benchmark; no enrollment ML model.
enrollment_benchmarks_v1,0a97519bd78f561a,phase_indication_rare|phase=PHASE2/PHASE3|indication=507|rare=1,PHASE2/PHASE3,507,507,,1,phase_indication_rare,1,21.0,21.0,21.0,21.0,True,2026-06-01T13:00:00+00:00,positive completed ACTUAL enrollment; percentiles used without winsorization,Deterministic v1 planned-enrollment benchmark; no enrollment ML model.
enrollment_benchmarks_v1,0a97519bd78f561a,phase_indication_rare|phase=PHASE2/PHASE3|indication=509|rare=0,PHASE2/PHASE3,509,509,,0,phase_indication_rare,2,379.25,560.5,741.75,850.5,True,2026-06-01T13:00:00+00:00,positive completed ACTUAL enrollment; percentiles used without winsorization,Deterministic v1 planned-enrollment benchmark; no enrollment ML model.
enrollment_benchmarks_v1,0a97519bd78f561a,phase_indication_rare|phase=PHASE2/PHASE3|indication=509|rare=1,PHASE2/PHASE3,509,509,,1,phase_indication_rare,1,168.0,168.0,168.0,168.0,True,2026-06-01T13:00:00+00:00,positive completed ACTUAL enrollment; percentiles used without winsorization,Deterministic v1 planned-enrollment benchmark; no enrollment ML model.
enrollment_benchmarks_v1,0a97519bd78f561a,phase_indication_rare|phase=PHASE2/PHASE3|indication=515|rare=0,PHASE2/PHASE3,515,515,,0,phase_indication_rare,6,160.25,285.5,566.0,853.5,True,2026-06-01T13:00:00+00:00,positive completed ACTUAL enrollment; percentiles used without winsorization,Deterministic v1 planned-enrollment benchmark; no enrollment ML model.
enrollment_benchmarks_v1,0a97519bd78f561a,phase_indication_rare|phase=PHASE2/PHASE3|indication=520|rare=0,PHASE2/PHASE3,520,520,,0,phase_indication_rare,9,100.0,119.0,450.0,608.8,True,2026-06-01T13:00:00+00:00,positive completed ACTUAL enrollment; percentiles used without winsorization,Deterministic v1 planned-enrollment benchmark; no enrollment ML model.
enrollment_benchmarks_v1,0a97519bd78f561a,phase_indication_rare|phase=PHASE2/PHASE3|indication=520|rare=1,PHASE2/PHASE3,520,520,,1,phase_indication_rare,1,32.0,32.0,32.0,32.0,True,2026-06-01T13:00:00+00:00,positive completed ACTUAL enrollment; percentiles used without winsorization,Deterministic v1 planned-enrollment benchmark; no enrollment ML model.
enrollment_benchmarks_v1,0a97519bd78f561a,phase_indication_rare|phase=PHASE2/PHASE3|indication=521|rare=0,PHASE2/PHASE3,521,521,,0,phase_indication_rare,17,120.0,196.0,390.0,460.6,True,2026-06-01T13:00:00+00:00,positive completed ACTUAL enrollment; percentiles used without winsorization,Deterministic v1 planned-enrollment benchmark; no enrollment ML model.
enrollment_benchmarks_v1,0a97519bd78f561a,phase_indication_rare|phase=PHASE2/PHASE3|indication=521|rare=1,PHASE2/PHASE3,521,521,,1,phase_indication_rare,1,68.0,68.0,68.0,68.0,True,2026-06-01T13:00:00+00:00,positive completed ACTUAL enrollment; percentiles used without winsorization,Deterministic v1 planned-enrollment benchmark; no enrollment ML model.
enrollment_benchmarks_v1,0a97519bd78f561a,phase_indication_rare|phase=PHASE2/PHASE3|indication=532|rare=0,PHASE2/PHASE3,532,532,,0,phase_indication_rare,4,167.75,746.5,1366.0,1481.2,True,2026-06-01T13:00:00+00:00,positive completed ACTUAL enrollment; percentiles used without winsorization,Deterministic v1 planned-enrollment benchmark; no enrollment ML model.
enrollment_benchmarks_v1,0a97519bd78f561a,phase_indication_rare|phase=PHASE2/PHASE3|indication=535|rare=0,PHASE2/PHASE3,535,535,,0,phase_indication_rare,1,104.0,104.0,104.0,104.0,True,2026-06-01T13:00:00+00:00,positive completed ACTUAL enrollment; percentiles used without winsorization,Deterministic v1 planned-enrollment benchmark; no enrollment ML model.
enrollment_benchmarks_v1,0a97519bd78f561a,phase_indication_rare|phase=PHASE2/PHASE3|indication=543|rare=0,PHASE2/PHASE3,543,543,,0,phase_indication_rare,12,335.25,374.5,440.75,549.5,True,2026-06-01T13:00:00+00:00,positive completed ACTUAL enrollment; percentiles used without winsorization,Deterministic v1 planned-enrollment benchmark; no enrollment ML model.
enrollment_benchmarks_v1,0a97519bd78f561a,phase_indication_rare|phase=PHASE2/PHASE3|indication=544|rare=0,PHASE2/PHASE3,544,544,,0,phase_indication_rare,5,149.0,170.0,404.0,413.6,True,2026-06-01T13:00:00+00:00,positive completed ACTUAL enrollment; percentiles used without winsorization,Deterministic v1 planned-enrollment benchmark; no enrollment ML model.
enrollment_benchmarks_v1,0a97519bd78f561a,phase_indication_rare|phase=PHASE2/PHASE3|indication=545|rare=0,PHASE2/PHASE3,545,545,,0,phase_indication_rare,2,90.75,93.5,96.25,97.9,True,2026-06-01T13:00:00+00:00,positive completed ACTUAL enrollment; percentiles used without winsorization,Deterministic v1 planned-enrollment benchmark; no enrollment ML model.
enrollment_benchmarks_v1,0a97519bd78f561a,phase_indication_rare|phase=PHASE2/PHASE3|indication=546|rare=0,PHASE2/PHASE3,546,546,,0,phase_indication_rare,5,106.0,163.0,258.0,342.6,True,2026-06-01T13:00:00+00:00,positive completed ACTUAL enrollment; percentiles used without winsorization,Deterministic v1 planned-enrollment benchmark; no enrollment ML model.
enrollment_benchmarks_v1,0a97519bd78f561a,phase_indication_rare|phase=PHASE2/PHASE3|indication=554|rare=0,PHASE2/PHASE3,554,554,,0,phase_indication_rare,1,271.0,271.0,271.0,271.0,True,2026-06-01T13:00:00+00:00,positive completed ACTUAL enrollment; percentiles used without winsorization,Deterministic v1 planned-enrollment benchmark; no enrollment ML model.
enrollment_benchmarks_v1,0a97519bd78f561a,phase_indication_rare|phase=PHASE2/PHASE3|indication=554|rare=1,PHASE2/PHASE3,554,554,,1,phase_indication_rare,2,119.5,211.0,302.5,357.4,True,2026-06-01T13:00:00+00:00,positive completed ACTUAL enrollment; percentiles used without winsorization,Deterministic v1 planned-enrollment benchmark; no enrollment ML model.
enrollment_benchmarks_v1,0a97519bd78f561a,phase_indication_rare|phase=PHASE2/PHASE3|indication=557|rare=0,PHASE2/PHASE3,557,557,,0,phase_indication_rare,9,117.0,155.0,256.0,326.4,True,2026-06-01T13:00:00+00:00,positive completed ACTUAL enrollment; percentiles used without winsorization,Deterministic v1 planned-enrollment benchmark; no enrollment ML model.
enrollment_benchmarks_v1,0a97519bd78f561a,phase_indication_rare|phase=PHASE2/PHASE3|indication=557|rare=1,PHASE2/PHASE3,557,557,,1,phase_indication_rare,8,85.75,166.5,251.5,356.8,True,2026-06-01T13:00:00+00:00,positive completed ACTUAL enrollment; percentiles used without winsorization,Deterministic v1 planned-enrollment benchmark; no enrollment ML model.
enrollment_benchmarks_v1,0a97519bd78f561a,phase_indication_rare|phase=PHASE2/PHASE3|indication=559|rare=0,PHASE2/PHASE3,559,559,,0,phase_indication_rare,8,46.5,115.5,305.25,474.9,True,2026-06-01T13:00:00+00:00,positive completed ACTUAL enrollment; percentiles used without winsorization,Deterministic v1 planned-enrollment benchmark; no enrollment ML model.
enrollment_benchmarks_v1,0a97519bd78f561a,phase_indication_rare|phase=PHASE2/PHASE3|indication=561|rare=0,PHASE2/PHASE3,561,561,,0,phase_indication_rare,2,70.5,116.0,161.5,188.8,True,2026-06-01T13:00:00+00:00,positive completed ACTUAL enrollment; percentiles used without winsorization,Deterministic v1 planned-enrollment benchmark; no enrollment ML model.
enrollment_benchmarks_v1,0a97519bd78f561a,phase_indication_rare|phase=PHASE2/PHASE3|indication=567|rare=0,PHASE2/PHASE3,567,567,,0,phase_indication_rare,6,352.0,444.5,576.75,670.0,True,2026-06-01T13:00:00+00:00,positive completed ACTUAL enrollment; percentiles used without winsorization,Deterministic v1 planned-enrollment benchmark; no enrollment ML model.
enrollment_benchmarks_v1,0a97519bd78f561a,phase_indication_rare|phase=PHASE2/PHASE3|indication=570|rare=0,PHASE2/PHASE3,570,570,,0,phase_indication_rare,3,141.0,274.0,352.5,399.6,True,2026-06-01T13:00:00+00:00,positive completed ACTUAL enrollment; percentiles used without winsorization,Deterministic v1 planned-enrollment benchmark; no enrollment ML model.
enrollment_benchmarks_v1,0a97519bd78f561a,phase_indication_rare|phase=PHASE2/PHASE3|indication=571|rare=0,PHASE2/PHASE3,571,571,,0,phase_indication_rare,1,434.0,434.0,434.0,434.0,True,2026-06-01T13:00:00+00:00,positive completed ACTUAL enrollment; percentiles used without winsorization,Deterministic v1 planned-enrollment benchmark; no enrollment ML model.
enrollment_benchmarks_v1,0a97519bd78f561a,phase_indication_rare|phase=PHASE2/PHASE3|indication=572|rare=0,PHASE2/PHASE3,572,572,,0,phase_indication_rare,1,319.0,319.0,319.0,319.0,True,2026-06-01T13:00:00+00:00,positive completed ACTUAL enrollment; percentiles used without winsorization,Deterministic v1 planned-enrollment benchmark; no enrollment ML model.
enrollment_benchmarks_v1,0a97519bd78f561a,phase_indication_rare|phase=PHASE2/PHASE3|indication=575|rare=0,PHASE2/PHASE3,575,575,,0,phase_indication_rare,2,206.25,216.5,226.75,232.9,True,2026-06-01T13:00:00+00:00,positive completed ACTUAL enrollment; percentiles used without winsorization,Deterministic v1 planned-enrollment benchmark; no enrollment ML model.
enrollment_benchmarks_v1,0a97519bd78f561a,phase_indication_rare|phase=PHASE2/PHASE3|indication=578|rare=0,PHASE2/PHASE3,578,578,,0,phase_indication_rare,5,223.0,300.0,330.0,336.0,True,2026-06-01T13:00:00+00:00,positive completed ACTUAL enrollment; percentiles used without winsorization,Deterministic v1 planned-enrollment benchmark; no enrollment ML model.
enrollment_benchmarks_v1,0a97519bd78f561a,phase_indication_rare|phase=PHASE2/PHASE3|indication=582|rare=1,PHASE2/PHASE3,582,582,,1,phase_indication_rare,1,212.0,212.0,212.0,212.0,True,2026-06-01T13:00:00+00:00,positive completed ACTUAL enrollment; percentiles used without winsorization,Deterministic v1 planned-enrollment benchmark; no enrollment ML model.
enrollment_benchmarks_v1,0a97519bd78f561a,phase_indication_rare|phase=PHASE2/PHASE3|indication=585|rare=0,PHASE2/PHASE3,585,585,,0,phase_indication_rare,3,165.0,201.0,313.5,381.0,True,2026-06-01T13:00:00+00:00,positive completed ACTUAL enrollment; percentiles used without winsorization,Deterministic v1 planned-enrollment benchmark; no enrollment ML model.
enrollment_benchmarks_v1,0a97519bd78f561a,phase_indication_rare|phase=PHASE2/PHASE3|indication=587|rare=0,PHASE2/PHASE3,587,587,,0,phase_indication_rare,9,75.0,330.0,660.0,1037.6,True,2026-06-01T13:00:00+00:00,positive completed ACTUAL enrollment; percentiles used without winsorization,Deterministic v1 planned-enrollment benchmark; no enrollment ML model.
enrollment_benchmarks_v1,0a97519bd78f561a,phase_indication_rare|phase=PHASE2/PHASE3|indication=587|rare=1,PHASE2/PHASE3,587,587,,1,phase_indication_rare,1,205.0,205.0,205.0,205.0,True,2026-06-01T13:00:00+00:00,positive completed ACTUAL enrollment; percentiles used without winsorization,Deterministic v1 planned-enrollment benchmark; no enrollment ML model.
enrollment_benchmarks_v1,0a97519bd78f561a,phase_indication_rare|phase=PHASE2/PHASE3|indication=589|rare=0,PHASE2/PHASE3,589,589,,0,phase_indication_rare,13,61.0,226.0,373.0,599.0,True,2026-06-01T13:00:00+00:00,positive completed ACTUAL enrollment; percentiles used without winsorization,Deterministic v1 planned-enrollment benchmark; no enrollment ML model.
enrollment_benchmarks_v1,0a97519bd78f561a,phase_indication_rare|phase=PHASE2/PHASE3|indication=589|rare=1,PHASE2/PHASE3,589,589,,1,phase_indication_rare,1,187.0,187.0,187.0,187.0,True,2026-06-01T13:00:00+00:00,positive completed ACTUAL enrollment; percentiles used without winsorization,Deterministic v1 planned-enrollment benchmark; no enrollment ML model.
enrollment_benchmarks_v1,0a97519bd78f561a,phase_indication_rare|phase=PHASE2/PHASE3|indication=594|rare=0,PHASE2/PHASE3,594,594,,0,phase_indication_rare,8,148.0,221.0,440.25,550.5,True,2026-06-01T13:00:00+00:00,positive completed ACTUAL enrollment; percentiles used without winsorization,Deterministic v1 planned-enrollment benchmark; no enrollment ML model.
enrollment_benchmarks_v1,0a97519bd78f561a,phase_indication_rare|phase=PHASE2/PHASE3|indication=603|rare=0,PHASE2/PHASE3,603,603,,0,phase_indication_rare,3,60.0,60.0,64.0,66.4,True,2026-06-01T13:00:00+00:00,positive completed ACTUAL enrollment; percentiles used without winsorization,Deterministic v1 planned-enrollment benchmark; no enrollment ML model.
enrollment_benchmarks_v1,0a97519bd78f561a,phase_indication_rare|phase=PHASE2/PHASE3|indication=613|rare=1,PHASE2/PHASE3,613,613,,1,phase_indication_rare,3,34.5,59.0,61.0,62.2,True,2026-06-01T13:00:00+00:00,positive completed ACTUAL enrollment; percentiles used without winsorization,Deterministic v1 planned-enrollment benchmark; no enrollment ML model.
enrollment_benchmarks_v1,0a97519bd78f561a,phase_indication_rare|phase=PHASE2/PHASE3|indication=619|rare=0,PHASE2/PHASE3,619,619,,0,phase_indication_rare,3,134.5,177.0,305.5,382.6,True,2026-06-01T13:00:00+00:00,positive completed ACTUAL enrollment; percentiles used without winsorization,Deterministic v1 planned-enrollment benchmark; no enrollment ML model.
enrollment_benchmarks_v1,0a97519bd78f561a,phase_indication_rare|phase=PHASE2/PHASE3|indication=619|rare=1,PHASE2/PHASE3,619,619,,1,phase_indication_rare,39,23.5,54.0,73.0,162.2,True,2026-06-01T13:00:00+00:00,positive completed ACTUAL enrollment; percentiles used without winsorization,Deterministic v1 planned-enrollment benchmark; no enrollment ML model.
enrollment_benchmarks_v1,0a97519bd78f561a,phase_indication_rare|phase=PHASE2/PHASE3|indication=627|rare=0,PHASE2/PHASE3,627,627,,0,phase_indication_rare,5,118.0,197.0,281.0,1117.4,True,2026-06-01T13:00:00+00:00,positive completed ACTUAL enrollment; percentiles used without winsorization,Deterministic v1 planned-enrollment benchmark; no enrollment ML model.
enrollment_benchmarks_v1,0a97519bd78f561a,phase_indication_rare|phase=PHASE2/PHASE3|indication=628|rare=0,PHASE2/PHASE3,628,628,,0,phase_indication_rare,5,297.0,421.0,444.0,553.2,True,2026-06-01T13:00:00+00:00,positive completed ACTUAL enrollment; percentiles used without winsorization,Deterministic v1 planned-enrollment benchmark; no enrollment ML model.
enrollment_benchmarks_v1,0a97519bd78f561a,phase_indication_rare|phase=PHASE2/PHASE3|indication=630|rare=0,PHASE2/PHASE3,630,630,,0,phase_indication_rare,1,563.0,563.0,563.0,563.0,True,2026-06-01T13:00:00+00:00,positive completed ACTUAL enrollment; percentiles used without winsorization,Deterministic v1 planned-enrollment benchmark; no enrollment ML model.
enrollment_benchmarks_v1,0a97519bd78f561a,phase_indication_rare|phase=PHASE2/PHASE3|indication=632|rare=0,PHASE2/PHASE3,632,632,,0,phase_indication_rare,1,300.0,300.0,300.0,300.0,True,2026-06-01T13:00:00+00:00,positive completed ACTUAL enrollment; percentiles used without winsorization,Deterministic v1 planned-enrollment benchmark; no enrollment ML model.
enrollment_benchmarks_v1,0a97519bd78f561a,phase_indication_rare|phase=PHASE2/PHASE3|indication=639|rare=0,PHASE2/PHASE3,639,639,,0,phase_indication_rare,7,262.5,450.0,526.0,677.2,True,2026-06-01T13:00:00+00:00,positive completed ACTUAL enrollment; percentiles used without winsorization,Deterministic v1 planned-enrollment benchmark; no enrollment ML model.
enrollment_benchmarks_v1,0a97519bd78f561a,phase_indication_rare|phase=PHASE2/PHASE3|indication=639|rare=1,PHASE2/PHASE3,639,639,,1,phase_indication_rare,5,166.0,251.0,272.0,290.0,True,2026-06-01T13:00:00+00:00,positive completed ACTUAL enrollment; percentiles used without winsorization,Deterministic v1 planned-enrollment benchmark; no enrollment ML model.
enrollment_benchmarks_v1,0a97519bd78f561a,phase_indication_rare|phase=PHASE2/PHASE3|indication=641|rare=1,PHASE2/PHASE3,641,641,,1,phase_indication_rare,4,57.75,78.5,103.75,139.3,True,2026-06-01T13:00:00+00:00,positive completed ACTUAL enrollment; percentiles used without winsorization,Deterministic v1 planned-enrollment benchmark; no enrollment ML model.
enrollment_benchmarks_v1,0a97519bd78f561a,phase_indication_rare|phase=PHASE2/PHASE3|indication=654|rare=0,PHASE2/PHASE3,654,654,,0,phase_indication_rare,3,86.0,100.0,151.0,181.6,True,2026-06-01T13:00:00+00:00,positive completed ACTUAL enrollment; percentiles used without winsorization,Deterministic v1 planned-enrollment benchmark; no enrollment ML model.
enrollment_benchmarks_v1,0a97519bd78f561a,phase_indication_rare|phase=PHASE2/PHASE3|indication=655|rare=0,PHASE2/PHASE3,655,655,,0,phase_indication_rare,4,53.25,91.5,168.5,243.2,True,2026-06-01T13:00:00+00:00,positive completed ACTUAL enrollment; percentiles used without winsorization,Deterministic v1 planned-enrollment benchmark; no enrollment ML model.
enrollment_benchmarks_v1,0a97519bd78f561a,phase_indication_rare|phase=PHASE2/PHASE3|indication=659|rare=0,PHASE2/PHASE3,659,659,,0,phase_indication_rare,2,146.5,209.0,271.5,309.0,True,2026-06-01T13:00:00+00:00,positive completed ACTUAL enrollment; percentiles used without winsorization,Deterministic v1 planned-enrollment benchmark; no enrollment ML model.
enrollment_benchmarks_v1,0a97519bd78f561a,phase_indication_rare|phase=PHASE2/PHASE3|indication=660|rare=0,PHASE2/PHASE3,660,660,,0,phase_indication_rare,1,53.0,53.0,53.0,53.0,True,2026-06-01T13:00:00+00:00,positive completed ACTUAL enrollment; percentiles used without winsorization,Deterministic v1 planned-enrollment benchmark; no enrollment ML model.
enrollment_benchmarks_v1,0a97519bd78f561a,phase_indication_rare|phase=PHASE2/PHASE3|indication=661|rare=0,PHASE2/PHASE3,661,661,,0,phase_indication_rare,1,372.0,372.0,372.0,372.0,True,2026-06-01T13:00:00+00:00,positive completed ACTUAL enrollment; percentiles used without winsorization,Deterministic v1 planned-enrollment benchmark; no enrollment ML model.
enrollment_benchmarks_v1,0a97519bd78f561a,phase_indication_rare|phase=PHASE2/PHASE3|indication=662|rare=0,PHASE2/PHASE3,662,662,,0,phase_indication_rare,4,533.0,696.5,734.5,764.2,True,2026-06-01T13:00:00+00:00,positive completed ACTUAL enrollment; percentiles used without winsorization,Deterministic v1 planned-enrollment benchmark; no enrollment ML model.
enrollment_benchmarks_v1,0a97519bd78f561a,phase_indication_rare|phase=PHASE2/PHASE3|indication=663|rare=0,PHASE2/PHASE3,663,663,,0,phase_indication_rare,3,101.5,167.0,212.5,239.8,True,2026-06-01T13:00:00+00:00,positive completed ACTUAL enrollment; percentiles used without winsorization,Deterministic v1 planned-enrollment benchmark; no enrollment ML model.
enrollment_benchmarks_v1,0a97519bd78f561a,phase_indication_rare|phase=PHASE2/PHASE3|indication=663|rare=1,PHASE2/PHASE3,663,663,,1,phase_indication_rare,1,353.0,353.0,353.0,353.0,True,2026-06-01T13:00:00+00:00,positive completed ACTUAL enrollment; percentiles used without winsorization,Deterministic v1 planned-enrollment benchmark; no enrollment ML model.
enrollment_benchmarks_v1,0a97519bd78f561a,phase_indication_rare|phase=PHASE2/PHASE3|indication=668|rare=0,PHASE2/PHASE3,668,668,,0,phase_indication_rare,3,115.0,168.0,188.5,200.8,True,2026-06-01T13:00:00+00:00,positive completed ACTUAL enrollment; percentiles used without winsorization,Deterministic v1 planned-enrollment benchmark; no enrollment ML model.
enrollment_benchmarks_v1,0a97519bd78f561a,phase_indication_rare|phase=PHASE2/PHASE3|indication=668|rare=1,PHASE2/PHASE3,668,668,,1,phase_indication_rare,2,100.0,102.0,104.0,105.2,True,2026-06-01T13:00:00+00:00,positive completed ACTUAL enrollment; percentiles used without winsorization,Deterministic v1 planned-enrollment benchmark; no enrollment ML model.
enrollment_benchmarks_v1,0a97519bd78f561a,phase_indication_rare|phase=PHASE2/PHASE3|indication=674|rare=0,PHASE2/PHASE3,674,674,,0,phase_indication_rare,1,115.0,115.0,115.0,115.0,True,2026-06-01T13:00:00+00:00,positive completed ACTUAL enrollment; percentiles used without winsorization,Deterministic v1 planned-enrollment benchmark; no enrollment ML model.
enrollment_benchmarks_v1,0a97519bd78f561a,phase_indication_rare|phase=PHASE2/PHASE3|indication=679|rare=0,PHASE2/PHASE3,679,679,,0,phase_indication_rare,18,125.0,308.5,411.25,484.2,True,2026-06-01T13:00:00+00:00,positive completed ACTUAL enrollment; percentiles used without winsorization,Deterministic v1 planned-enrollment benchmark; no enrollment ML model.
enrollment_benchmarks_v1,0a97519bd78f561a,phase_indication_rare|phase=PHASE2/PHASE3|indication=679|rare=1,PHASE2/PHASE3,679,679,,1,phase_indication_rare,1,12.0,12.0,12.0,12.0,True,2026-06-01T13:00:00+00:00,positive completed ACTUAL enrollment; percentiles used without winsorization,Deterministic v1 planned-enrollment benchmark; no enrollment ML model.
enrollment_benchmarks_v1,0a97519bd78f561a,phase_indication_rare|phase=PHASE2/PHASE3|indication=680|rare=0,PHASE2/PHASE3,680,680,,0,phase_indication_rare,2,100.0,100.0,100.0,100.0,True,2026-06-01T13:00:00+00:00,positive completed ACTUAL enrollment; percentiles used without winsorization,Deterministic v1 planned-enrollment benchmark; no enrollment ML model.
enrollment_benchmarks_v1,0a97519bd78f561a,phase_indication_rare|phase=PHASE2/PHASE3|indication=708|rare=0,PHASE2/PHASE3,708,708,,0,phase_indication_rare,4,352.75,437.5,451.5,452.4,True,2026-06-01T13:00:00+00:00,positive completed ACTUAL enrollment; percentiles used without winsorization,Deterministic v1 planned-enrollment benchmark; no enrollment ML model.
enrollment_benchmarks_v1,0a97519bd78f561a,phase_indication_rare|phase=PHASE2/PHASE3|indication=709|rare=0,PHASE2/PHASE3,709,709,,0,phase_indication_rare,1,56.0,56.0,56.0,56.0,True,2026-06-01T13:00:00+00:00,positive completed ACTUAL enrollment; percentiles used without winsorization,Deterministic v1 planned-enrollment benchmark; no enrollment ML model.
enrollment_benchmarks_v1,0a97519bd78f561a,phase_indication_rare|phase=PHASE2/PHASE3|indication=842|rare=0,PHASE2/PHASE3,842,842,,0,phase_indication_rare,1,37.0,37.0,37.0,37.0,True,2026-06-01T13:00:00+00:00,positive completed ACTUAL enrollment; percentiles used without winsorization,Deterministic v1 planned-enrollment benchmark; no enrollment ML model.
enrollment_benchmarks_v1,0a97519bd78f561a,phase_indication_rare|phase=PHASE2/PHASE3|indication=958|rare=0,PHASE2/PHASE3,958,958,,0,phase_indication_rare,2,252.0,316.0,380.0,418.4,True,2026-06-01T13:00:00+00:00,positive completed ACTUAL enrollment; percentiles used without winsorization,Deterministic v1 planned-enrollment benchmark; no enrollment ML model.
enrollment_benchmarks_v1,0a97519bd78f561a,phase_indication_rare|phase=PHASE2/PHASE3|indication=972|rare=0,PHASE2/PHASE3,972,972,,0,phase_indication_rare,12,307.0,702.5,1731.0,2932.5,True,2026-06-01T13:00:00+00:00,positive completed ACTUAL enrollment; percentiles used without winsorization,Deterministic v1 planned-enrollment benchmark; no enrollment ML model.
enrollment_benchmarks_v1,0a97519bd78f561a,phase_indication_rare|phase=PHASE2/PHASE3|indication=980|rare=0,PHASE2/PHASE3,980,980,,0,phase_indication_rare,2,204.25,245.5,286.75,311.5,True,2026-06-01T13:00:00+00:00,positive completed ACTUAL enrollment; percentiles used without winsorization,Deterministic v1 planned-enrollment benchmark; no enrollment ML model.
enrollment_benchmarks_v1,0a97519bd78f561a,phase_indication_rare|phase=PHASE2/PHASE3|indication=981|rare=0,PHASE2/PHASE3,981,981,,0,phase_indication_rare,8,175.25,246.5,327.0,467.4,True,2026-06-01T13:00:00+00:00,positive completed ACTUAL enrollment; percentiles used without winsorization,Deterministic v1 planned-enrollment benchmark; no enrollment ML model.
enrollment_benchmarks_v1,0a97519bd78f561a,phase_indication_rare|phase=PHASE2/PHASE3|indication=992|rare=0,PHASE2/PHASE3,992,992,,0,phase_indication_rare,3,341.0,405.0,438.5,458.6,True,2026-06-01T13:00:00+00:00,positive completed ACTUAL enrollment; percentiles used without winsorization,Deterministic v1 planned-enrollment benchmark; no enrollment ML model.
enrollment_benchmarks_v1,0a97519bd78f561a,phase_indication_rare|phase=PHASE2/PHASE3|indication=1004|rare=0,PHASE2/PHASE3,1004,1004,,0,phase_indication_rare,3,113.5,168.0,247.0,294.4,True,2026-06-01T13:00:00+00:00,positive completed ACTUAL enrollment; percentiles used without winsorization,Deterministic v1 planned-enrollment benchmark; no enrollment ML model.
enrollment_benchmarks_v1,0a97519bd78f561a,phase_indication_rare|phase=PHASE2/PHASE3|indication=1011|rare=1,PHASE2/PHASE3,1011,1011,,1,phase_indication_rare,2,356.5,371.0,385.5,394.2,True,2026-06-01T13:00:00+00:00,positive completed ACTUAL enrollment; percentiles used without winsorization,Deterministic v1 planned-enrollment benchmark; no enrollment ML model.
enrollment_benchmarks_v1,0a97519bd78f561a,phase_indication_rare|phase=PHASE2/PHASE3|indication=1048|rare=0,PHASE2/PHASE3,1048,1048,,0,phase_indication_rare,57,178.0,814.0,3159.0,10914.8,False,2026-06-01T13:00:00+00:00,positive completed ACTUAL enrollment; percentiles used without winsorization,Deterministic v1 planned-enrollment benchmark; no enrollment ML model.
enrollment_benchmarks_v1,0a97519bd78f561a,phase_indication_rare|phase=PHASE2/PHASE3|indication=1161|rare=0,PHASE2/PHASE3,1161,1161,,0,phase_indication_rare,9,221.0,356.0,434.0,899.0,True,2026-06-01T13:00:00+00:00,positive completed ACTUAL enrollment; percentiles used without winsorization,Deterministic v1 planned-enrollment benchmark; no enrollment ML model.
enrollment_benchmarks_v1,0a97519bd78f561a,phase_indication_rare|phase=PHASE2/PHASE3|indication=1161|rare=1,PHASE2/PHASE3,1161,1161,,1,phase_indication_rare,1,10.0,10.0,10.0,10.0,True,2026-06-01T13:00:00+00:00,positive completed ACTUAL enrollment; percentiles used without winsorization,Deterministic v1 planned-enrollment benchmark; no enrollment ML model.
enrollment_benchmarks_v1,0a97519bd78f561a,phase_indication_rare|phase=PHASE3|indication=0|rare=0,PHASE3,0,0,,0,phase_indication_rare,15,144.5,255.0,432.5,522.4,True,2026-06-01T13:00:00+00:00,positive completed ACTUAL enrollment; percentiles used without winsorization,Deterministic v1 planned-enrollment benchmark; no enrollment ML model.
enrollment_benchmarks_v1,0a97519bd78f561a,phase_indication_rare|phase=PHASE3|indication=297|rare=0,PHASE3,297,297,,0,phase_indication_rare,8,296.0,630.5,3086.5,7858.0,True,2026-06-01T13:00:00+00:00,positive completed ACTUAL enrollment; percentiles used without winsorization,Deterministic v1 planned-enrollment benchmark; no enrollment ML model.
enrollment_benchmarks_v1,0a97519bd78f561a,phase_indication_rare|phase=PHASE3|indication=298|rare=0,PHASE3,298,298,,0,phase_indication_rare,90,110.0,438.5,671.0,804.6,False,2026-06-01T13:00:00+00:00,positive completed ACTUAL enrollment; percentiles used without winsorization,Deterministic v1 planned-enrollment benchmark; no enrollment ML model.
enrollment_benchmarks_v1,0a97519bd78f561a,phase_indication_rare|phase=PHASE3|indication=302|rare=0,PHASE3,302,302,,0,phase_indication_rare,30,369.5,631.5,1475.0,3410.0,True,2026-06-01T13:00:00+00:00,positive completed ACTUAL enrollment; percentiles used without winsorization,Deterministic v1 planned-enrollment benchmark; no enrollment ML model.
enrollment_benchmarks_v1,0a97519bd78f561a,phase_indication_rare|phase=PHASE3|indication=321|rare=0,PHASE3,321,321,,0,phase_indication_rare,31,189.5,486.0,919.5,1994.0,True,2026-06-01T13:00:00+00:00,positive completed ACTUAL enrollment; percentiles used without winsorization,Deterministic v1 planned-enrollment benchmark; no enrollment ML model.
enrollment_benchmarks_v1,0a97519bd78f561a,phase_indication_rare|phase=PHASE3|indication=322|rare=0,PHASE3,322,322,,0,phase_indication_rare,143,300.0,648.0,1062.5,2304.4,False,2026-06-01T13:00:00+00:00,positive completed ACTUAL enrollment; percentiles used without winsorization,Deterministic v1 planned-enrollment benchmark; no enrollment ML model.
enrollment_benchmarks_v1,0a97519bd78f561a,phase_indication_rare|phase=PHASE3|indication=322|rare=1,PHASE3,322,322,,1,phase_indication_rare,7,133.5,282.0,333.0,1480.0,True,2026-06-01T13:00:00+00:00,positive completed ACTUAL enrollment; percentiles used without winsorization,Deterministic v1 planned-enrollment benchmark; no enrollment ML model.
enrollment_benchmarks_v1,0a97519bd78f561a,phase_indication_rare|phase=PHASE3|indication=328|rare=0,PHASE3,328,328,,0,phase_indication_rare,252,168.5,400.0,1543.25,3471.6,False,2026-06-01T13:00:00+00:00,positive completed ACTUAL enrollment; percentiles used without winsorization,Deterministic v1 planned-enrollment benchmark; no enrollment ML model.
enrollment_benchmarks_v1,0a97519bd78f561a,phase_indication_rare|phase=PHASE3|indication=329|rare=0,PHASE3,329,329,,0,phase_indication_rare,18,263.0,331.0,497.5,2391.9,True,2026-06-01T13:00:00+00:00,positive completed ACTUAL enrollment; percentiles used without winsorization,Deterministic v1 planned-enrollment benchmark; no enrollment ML model.
enrollment_benchmarks_v1,0a97519bd78f561a,phase_indication_rare|phase=PHASE3|indication=332|rare=0,PHASE3,332,332,,0,phase_indication_rare,94,300.0,630.0,1127.5,2232.8,False,2026-06-01T13:00:00+00:00,positive completed ACTUAL enrollment; percentiles used without winsorization,Deterministic v1 planned-enrollment benchmark; no enrollment ML model.
enrollment_benchmarks_v1,0a97519bd78f561a,phase_indication_rare|phase=PHASE3|indication=332|rare=1,PHASE3,332,332,,1,phase_indication_rare,2,763.0,1018.0,1273.0,1426.0,True,2026-06-01T13:00:00+00:00,positive completed ACTUAL enrollment; percentiles used without winsorization,Deterministic v1 planned-enrollment benchmark; no enrollment ML model.
enrollment_benchmarks_v1,0a97519bd78f561a,phase_indication_rare|phase=PHASE3|indication=337|rare=0,PHASE3,337,337,,0,phase_indication_rare,5,300.0,302.0,596.0,1359.8,True,2026-06-01T13:00:00+00:00,positive completed ACTUAL enrollment; percentiles used without winsorization,Deterministic v1 planned-enrollment benchmark; no enrollment ML model.
enrollment_benchmarks_v1,0a97519bd78f561a,phase_indication_rare|phase=PHASE3|indication=338|rare=0,PHASE3,338,338,,0,phase_indication_rare,10,222.25,339.0,852.25,1384.8,True,2026-06-01T13:00:00+00:00,positive completed ACTUAL enrollment; percentiles used without winsorization,Deterministic v1 planned-enrollment benchmark; no enrollment ML model.
enrollment_benchmarks_v1,0a97519bd78f561a,phase_indication_rare|phase=PHASE3|indication=339|rare=0,PHASE3,339,339,,0,phase_indication_rare,23,306.5,446.0,682.5,1273.2,True,2026-06-01T13:00:00+00:00,positive completed ACTUAL enrollment; percentiles used without winsorization,Deterministic v1 planned-enrollment benchmark; no enrollment ML model.
enrollment_benchmarks_v1,0a97519bd78f561a,phase_indication_rare|phase=PHASE3|indication=340|rare=0,PHASE3,340,340,,0,phase_indication_rare,5,675.0,1000.0,1200.0,1236.0,True,2026-06-01T13:00:00+00:00,positive completed ACTUAL enrollment; percentiles used without winsorization,Deterministic v1 planned-enrollment benchmark; no enrollment ML model.
enrollment_benchmarks_v1,0a97519bd78f561a,phase_indication_rare|phase=PHASE3|indication=341|rare=0,PHASE3,341,341,,0,phase_indication_rare,13,996.0,1200.0,3372.0,4432.6,True,2026-06-01T13:00:00+00:00,positive completed ACTUAL enrollment; percentiles used without winsorization,Deterministic v1 planned-enrollment benchmark; no enrollment ML model.
enrollment_benchmarks_v1,0a97519bd78f561a,phase_indication_rare|phase=PHASE3|indication=342|rare=0,PHASE3,342,342,,0,phase_indication_rare,48,354.0,646.5,1241.25,6459.6,True,2026-06-01T13:00:00+00:00,positive completed ACTUAL enrollment; percentiles used without winsorization,Deterministic v1 planned-enrollment benchmark; no enrollment ML model.
enrollment_benchmarks_v1,0a97519bd78f561a,phase_indication_rare|phase=PHASE3|indication=345|rare=0,PHASE3,345,345,,0,phase_indication_rare,12,198.25,353.5,958.75,2947.6,True,2026-06-01T13:00:00+00:00,positive completed ACTUAL enrollment; percentiles used without winsorization,Deterministic v1 planned-enrollment benchmark; no enrollment ML model.
enrollment_benchmarks_v1,0a97519bd78f561a,phase_indication_rare|phase=PHASE3|indication=346|rare=1,PHASE3,346,346,,1,phase_indication_rare,1,330.0,330.0,330.0,330.0,True,2026-06-01T13:00:00+00:00,positive completed ACTUAL enrollment; percentiles used without winsorization,Deterministic v1 planned-enrollment benchmark; no enrollment ML model.
enrollment_benchmarks_v1,0a97519bd78f561a,phase_indication_rare|phase=PHASE3|indication=347|rare=0,PHASE3,347,347,,0,phase_indication_rare,1,500.0,500.0,500.0,500.0,True,2026-06-01T13:00:00+00:00,positive completed ACTUAL enrollment; percentiles used without winsorization,Deterministic v1 planned-enrollment benchmark; no enrollment ML model.
enrollment_benchmarks_v1,0a97519bd78f561a,phase_indication_rare|phase=PHASE3|indication=351|rare=0,PHASE3,351,351,,0,phase_indication_rare,2,222.0,244.0,266.0,279.2,True,2026-06-01T13:00:00+00:00,positive completed ACTUAL enrollment; percentiles used without winsorization,Deterministic v1 planned-enrollment benchmark; no enrollment ML model.
enrollment_benchmarks_v1,0a97519bd78f561a,phase_indication_rare|phase=PHASE3|indication=357|rare=0,PHASE3,357,357,,0,phase_indication_rare,19,480.0,720.0,2090.5,12239.8,True,2026-06-01T13:00:00+00:00,positive completed ACTUAL enrollment; percentiles used without winsorization,Deterministic v1 planned-enrollment benchmark; no enrollment ML model.
enrollment_benchmarks_v1,0a97519bd78f561a,phase_indication_rare|phase=PHASE3|indication=358|rare=0,PHASE3,358,358,,0,phase_indication_rare,2,936.0,1232.0,1528.0,1705.6,True,2026-06-01T13:00:00+00:00,positive completed ACTUAL enrollment; percentiles used without winsorization,Deterministic v1 planned-enrollment benchmark; no enrollment ML model.
enrollment_benchmarks_v1,0a97519bd78f561a,phase_indication_rare|phase=PHASE3|indication=358|rare=1,PHASE3,358,358,,1,phase_indication_rare,1,254.0,254.0,254.0,254.0,True,2026-06-01T13:00:00+00:00,positive completed ACTUAL enrollment; percentiles used without winsorization,Deterministic v1 planned-enrollment benchmark; no enrollment ML model.
enrollment_benchmarks_v1,0a97519bd78f561a,phase_indication_rare|phase=PHASE3|indication=359|rare=0,PHASE3,359,359,,0,phase_indication_rare,15,514.5,644.0,1100.0,1811.2,True,2026-06-01T13:00:00+00:00,positive completed ACTUAL enrollment; percentiles used without winsorization,Deterministic v1 planned-enrollment benchmark; no enrollment ML model.
enrollment_benchmarks_v1,0a97519bd78f561a,phase_indication_rare|phase=PHASE3|indication=359|rare=1,PHASE3,359,359,,1,phase_indication_rare,1,2040.0,2040.0,2040.0,2040.0,True,2026-06-01T13:00:00+00:00,positive completed ACTUAL enrollment; percentiles used without winsorization,Deterministic v1 planned-enrollment benchmark; no enrollment ML model.
enrollment_benchmarks_v1,0a97519bd78f561a,phase_indication_rare|phase=PHASE3|indication=360|rare=0,PHASE3,360,360,,0,phase_indication_rare,2,320.5,346.0,371.5,386.8,True,2026-06-01T13:00:00+00:00,positive completed ACTUAL enrollment; percentiles used without winsorization,Deterministic v1 planned-enrollment benchmark; no enrollment ML model.
enrollment_benchmarks_v1,0a97519bd78f561a,phase_indication_rare|phase=PHASE3|indication=365|rare=0,PHASE3,365,365,,0,phase_indication_rare,11,264.0,371.0,431.0,1146.0,True,2026-06-01T13:00:00+00:00,positive completed ACTUAL enrollment; percentiles used without winsorization,Deterministic v1 planned-enrollment benchmark; no enrollment ML model.
enrollment_benchmarks_v1,0a97519bd78f561a,phase_indication_rare|phase=PHASE3|indication=366|rare=0,PHASE3,366,366,,0,phase_indication_rare,10,102.75,140.0,195.25,1396.2,True,2026-06-01T13:00:00+00:00,positive completed ACTUAL enrollment; percentiles used without winsorization,Deterministic v1 planned-enrollment benchmark; no enrollment ML model.
enrollment_benchmarks_v1,0a97519bd78f561a,phase_indication_rare|phase=PHASE3|indication=380|rare=0,PHASE3,380,380,,0,phase_indication_rare,5,24.0,98.0,113.0,331.4,True,2026-06-01T13:00:00+00:00,positive completed ACTUAL enrollment; percentiles used without winsorization,Deterministic v1 planned-enrollment benchmark; no enrollment ML model.
enrollment_benchmarks_v1,0a97519bd78f561a,phase_indication_rare|phase=PHASE3|indication=387|rare=0,PHASE3,387,387,,0,phase_indication_rare,5,60.0,240.0,273.0,923.4,True,2026-06-01T13:00:00+00:00,positive completed ACTUAL enrollment; percentiles used without winsorization,Deterministic v1 planned-enrollment benchmark; no enrollment ML model.
enrollment_benchmarks_v1,0a97519bd78f561a,phase_indication_rare|phase=PHASE3|indication=390|rare=0,PHASE3,390,390,,0,phase_indication_rare,21,103.0,180.0,371.0,997.0,True,2026-06-01T13:00:00+00:00,positive completed ACTUAL enrollment; percentiles used without winsorization,Deterministic v1 planned-enrollment benchmark; no enrollment ML model.
enrollment_benchmarks_v1,0a97519bd78f561a,phase_indication_rare|phase=PHASE3|indication=391|rare=0,PHASE3,391,391,,0,phase_indication_rare,4,53.5,58.0,65.25,76.5,True,2026-06-01T13:00:00+00:00,positive completed ACTUAL enrollment; percentiles used without winsorization,Deterministic v1 planned-enrollment benchmark; no enrollment ML model.
enrollment_benchmarks_v1,0a97519bd78f561a,phase_indication_rare|phase=PHASE3|indication=393|rare=0,PHASE3,393,393,,0,phase_indication_rare,39,149.0,376.0,925.0,1280.6,True,2026-06-01T13:00:00+00:00,positive completed ACTUAL enrollment; percentiles used without winsorization,Deterministic v1 planned-enrollment benchmark; no enrollment ML model.
enrollment_benchmarks_v1,0a97519bd78f561a,phase_indication_rare|phase=PHASE3|indication=400|rare=0,PHASE3,400,400,,0,phase_indication_rare,18,167.25,269.5,1393.0,2567.8,True,2026-06-01T13:00:00+00:00,positive completed ACTUAL enrollment; percentiles used without winsorization,Deterministic v1 planned-enrollment benchmark; no enrollment ML model.
enrollment_benchmarks_v1,0a97519bd78f561a,phase_indication_rare|phase=PHASE3|indication=408|rare=0,PHASE3,408,408,,0,phase_indication_rare,132,200.75,370.0,670.0,1563.2,False,2026-06-01T13:00:00+00:00,positive completed ACTUAL enrollment; percentiles used without winsorization,Deterministic v1 planned-enrollment benchmark; no enrollment ML model.
enrollment_benchmarks_v1,0a97519bd78f561a,phase_indication_rare|phase=PHASE3|indication=408|rare=1,PHASE3,408,408,,1,phase_indication_rare,7,160.0,302.0,862.5,36826.4,True,2026-06-01T13:00:00+00:00,positive completed ACTUAL enrollment; percentiles used without winsorization,Deterministic v1 planned-enrollment benchmark; no enrollment ML model.
enrollment_benchmarks_v1,0a97519bd78f561a,phase_indication_rare|phase=PHASE3|indication=411|rare=0,PHASE3,411,411,,0,phase_indication_rare,12,447.5,526.0,633.25,736.3,True,2026-06-01T13:00:00+00:00,positive completed ACTUAL enrollment; percentiles used without winsorization,Deterministic v1 planned-enrollment benchmark; no enrollment ML model.
enrollment_benchmarks_v1,0a97519bd78f561a,phase_indication_rare|phase=PHASE3|indication=414|rare=0,PHASE3,414,414,,0,phase_indication_rare,36,438.0,547.0,720.0,941.0,True,2026-06-01T13:00:00+00:00,positive completed ACTUAL enrollment; percentiles used without winsorization,Deterministic v1 planned-enrollment benchmark; no enrollment ML model.
enrollment_benchmarks_v1,0a97519bd78f561a,phase_indication_rare|phase=PHASE3|indication=417|rare=0,PHASE3,417,417,,0,phase_indication_rare,28,409.75,561.5,713.25,842.0,True,2026-06-01T13:00:00+00:00,positive completed ACTUAL enrollment; percentiles used without winsorization,Deterministic v1 planned-enrollment benchmark; no enrollment ML model.
enrollment_benchmarks_v1,0a97519bd78f561a,phase_indication_rare|phase=PHASE3|indication=417|rare=1,PHASE3,417,417,,1,phase_indication_rare,2,377.75,411.5,445.25,465.5,True,2026-06-01T13:00:00+00:00,positive completed ACTUAL enrollment; percentiles used without winsorization,Deterministic v1 planned-enrollment benchmark; no enrollment ML model.
enrollment_benchmarks_v1,0a97519bd78f561a,phase_indication_rare|phase=PHASE3|indication=426|rare=0,PHASE3,426,426,,0,phase_indication_rare,170,292.25,453.0,626.0,853.7,False,2026-06-01T13:00:00+00:00,positive completed ACTUAL enrollment; percentiles used without winsorization,Deterministic v1 planned-enrollment benchmark; no enrollment ML model.
enrollment_benchmarks_v1,0a97519bd78f561a,phase_indication_rare|phase=PHASE3|indication=426|rare=1,PHASE3,426,426,,1,phase_indication_rare,1,498.0,498.0,498.0,498.0,True,2026-06-01T13:00:00+00:00,positive completed ACTUAL enrollment; percentiles used without winsorization,Deterministic v1 planned-enrollment benchmark; no enrollment ML model.
enrollment_benchmarks_v1,0a97519bd78f561a,phase_indication_rare|phase=PHASE3|indication=429|rare=0,PHASE3,429,429,,0,phase_indication_rare,129,249.0,454.0,621.0,886.0,False,2026-06-01T13:00:00+00:00,positive completed ACTUAL enrollment; percentiles used without winsorization,Deterministic v1 planned-enrollment benchmark; no enrollment ML model.
enrollment_benchmarks_v1,0a97519bd78f561a,phase_indication_rare|phase=PHASE3|indication=432|rare=0,PHASE3,432,432,,0,phase_indication_rare,19,376.0,766.0,1057.0,1328.8,True,2026-06-01T13:00:00+00:00,positive completed ACTUAL enrollment; percentiles used without winsorization,Deterministic v1 planned-enrollment benchmark; no enrollment ML model.
enrollment_benchmarks_v1,0a97519bd78f561a,phase_indication_rare|phase=PHASE3|indication=435|rare=0,PHASE3,435,435,,0,phase_indication_rare,5,263.0,511.0,827.0,836.0,True,2026-06-01T13:00:00+00:00,positive completed ACTUAL enrollment; percentiles used without winsorization,Deterministic v1 planned-enrollment benchmark; no enrollment ML model.
enrollment_benchmarks_v1,0a97519bd78f561a,phase_indication_rare|phase=PHASE3|indication=438|rare=0,PHASE3,438,438,,0,phase_indication_rare,85,160.0,384.0,1022.0,1199.6,False,2026-06-01T13:00:00+00:00,positive completed ACTUAL enrollment; percentiles used without winsorization,Deterministic v1 planned-enrollment benchmark; no enrollment ML model.
enrollment_benchmarks_v1,0a97519bd78f561a,phase_indication_rare|phase=PHASE3|indication=441|rare=0,PHASE3,441,441,,0,phase_indication_rare,42,332.75,517.5,745.5,848.8,True,2026-06-01T13:00:00+00:00,positive completed ACTUAL enrollment; percentiles used without winsorization,Deterministic v1 planned-enrollment benchmark; no enrollment ML model.
enrollment_benchmarks_v1,0a97519bd78f561a,phase_indication_rare|phase=PHASE3|indication=444|rare=0,PHASE3,444,444,,0,phase_indication_rare,4,431.75,491.0,603.25,798.1,True,2026-06-01T13:00:00+00:00,positive completed ACTUAL enrollment; percentiles used without winsorization,Deterministic v1 planned-enrollment benchmark; no enrollment ML model.
enrollment_benchmarks_v1,0a97519bd78f561a,phase_indication_rare|phase=PHASE3|indication=447|rare=0,PHASE3,447,447,,0,phase_indication_rare,3,248.0,263.0,296.5,316.6,True,2026-06-01T13:00:00+00:00,positive completed ACTUAL enrollment; percentiles used without winsorization,Deterministic v1 planned-enrollment benchmark; no enrollment ML model.
enrollment_benchmarks_v1,0a97519bd78f561a,phase_indication_rare|phase=PHASE3|indication=450|rare=0,PHASE3,450,450,,0,phase_indication_rare,15,139.5,361.0,623.5,850.8,True,2026-06-01T13:00:00+00:00,positive completed ACTUAL enrollment; percentiles used without winsorization,Deterministic v1 planned-enrollment benchmark; no enrollment ML model.
enrollment_benchmarks_v1,0a97519bd78f561a,phase_indication_rare|phase=PHASE3|indication=453|rare=0,PHASE3,453,453,,0,phase_indication_rare,3,137.0,158.0,613.5,886.8,True,2026-06-01T13:00:00+00:00,positive completed ACTUAL enrollment; percentiles used without winsorization,Deterministic v1 planned-enrollment benchmark; no enrollment ML model.
enrollment_benchmarks_v1,0a97519bd78f561a,phase_indication_rare|phase=PHASE3|indication=456|rare=0,PHASE3,456,456,,0,phase_indication_rare,22,301.0,511.5,714.75,854.9,True,2026-06-01T13:00:00+00:00,positive completed ACTUAL enrollment; percentiles used without winsorization,Deterministic v1 planned-enrollment benchmark; no enrollment ML model.
enrollment_benchmarks_v1,0a97519bd78f561a,phase_indication_rare|phase=PHASE3|indication=459|rare=0,PHASE3,459,459,,0,phase_indication_rare,35,354.5,514.0,807.0,935.4,True,2026-06-01T13:00:00+00:00,positive completed ACTUAL enrollment; percentiles used without winsorization,Deterministic v1 planned-enrollment benchmark; no enrollment ML model.
enrollment_benchmarks_v1,0a97519bd78f561a,phase_indication_rare|phase=PHASE3|indication=462|rare=0,PHASE3,462,462,,0,phase_indication_rare,43,258.0,383.0,472.5,622.6,True,2026-06-01T13:00:00+00:00,positive completed ACTUAL enrollment; percentiles used without winsorization,Deterministic v1 planned-enrollment benchmark; no enrollment ML model.
enrollment_benchmarks_v1,0a97519bd78f561a,phase_indication_rare|phase=PHASE3|indication=462|rare=1,PHASE3,462,462,,1,phase_indication_rare,1,174.0,174.0,174.0,174.0,True,2026-06-01T13:00:00+00:00,positive completed ACTUAL enrollment; percentiles used without winsorization,Deterministic v1 planned-enrollment benchmark; no enrollment ML model.
enrollment_benchmarks_v1,0a97519bd78f561a,phase_indication_rare|phase=PHASE3|indication=465|rare=0,PHASE3,465,465,,0,phase_indication_rare,28,272.25,447.5,617.5,964.3,True,2026-06-01T13:00:00+00:00,positive completed ACTUAL enrollment; percentiles used without winsorization,Deterministic v1 planned-enrollment benchmark; no enrollment ML model.
enrollment_benchmarks_v1,0a97519bd78f561a,phase_indication_rare|phase=PHASE3|indication=471|rare=0,PHASE3,471,471,,0,phase_indication_rare,14,341.75,540.5,907.75,1493.6,True,2026-06-01T13:00:00+00:00,positive completed ACTUAL enrollment; percentiles used without winsorization,Deterministic v1 planned-enrollment benchmark; no enrollment ML model.
enrollment_benchmarks_v1,0a97519bd78f561a,phase_indication_rare|phase=PHASE3|indication=471|rare=1,PHASE3,471,471,,1,phase_indication_rare,2,894.25,927.5,960.75,980.7,True,2026-06-01T13:00:00+00:00,positive completed ACTUAL enrollment; percentiles used without winsorization,Deterministic v1 planned-enrollment benchmark; no enrollment ML model.
enrollment_benchmarks_v1,0a97519bd78f561a,phase_indication_rare|phase=PHASE3|indication=474|rare=0,PHASE3,474,474,,0,phase_indication_rare,17,133.0,505.0,712.0,962.6,True,2026-06-01T13:00:00+00:00,positive completed ACTUAL enrollment; percentiles used without winsorization,Deterministic v1 planned-enrollment benchmark; no enrollment ML model.
enrollment_benchmarks_v1,0a97519bd78f561a,phase_indication_rare|phase=PHASE3|indication=477|rare=0,PHASE3,477,477,,0,phase_indication_rare,11,112.0,221.0,472.5,745.0,True,2026-06-01T13:00:00+00:00,positive completed ACTUAL enrollment; percentiles used without winsorization,Deterministic v1 planned-enrollment benchmark; no enrollment ML model.
enrollment_benchmarks_v1,0a97519bd78f561a,phase_indication_rare|phase=PHASE3|indication=477|rare=1,PHASE3,477,477,,1,phase_indication_rare,1,117.0,117.0,117.0,117.0,True,2026-06-01T13:00:00+00:00,positive completed ACTUAL enrollment; percentiles used without winsorization,Deterministic v1 planned-enrollment benchmark; no enrollment ML model.
enrollment_benchmarks_v1,0a97519bd78f561a,phase_indication_rare|phase=PHASE3|indication=480|rare=0,PHASE3,480,480,,0,phase_indication_rare,5,201.0,238.0,392.0,407.0,True,2026-06-01T13:00:00+00:00,positive completed ACTUAL enrollment; percentiles used without winsorization,Deterministic v1 planned-enrollment benchmark; no enrollment ML model.
enrollment_benchmarks_v1,0a97519bd78f561a,phase_indication_rare|phase=PHASE3|indication=480|rare=1,PHASE3,480,480,,1,phase_indication_rare,1,205.0,205.0,205.0,205.0,True,2026-06-01T13:00:00+00:00,positive completed ACTUAL enrollment; percentiles used without winsorization,Deterministic v1 planned-enrollment benchmark; no enrollment ML model.
enrollment_benchmarks_v1,0a97519bd78f561a,phase_indication_rare|phase=PHASE3|indication=483|rare=0,PHASE3,483,483,,0,phase_indication_rare,1,400.0,400.0,400.0,400.0,True,2026-06-01T13:00:00+00:00,positive completed ACTUAL enrollment; percentiles used without winsorization,Deterministic v1 planned-enrollment benchmark; no enrollment ML model.
enrollment_benchmarks_v1,0a97519bd78f561a,phase_indication_rare|phase=PHASE3|indication=483|rare=1,PHASE3,483,483,,1,phase_indication_rare,1,53.0,53.0,53.0,53.0,True,2026-06-01T13:00:00+00:00,positive completed ACTUAL enrollment; percentiles used without winsorization,Deterministic v1 planned-enrollment benchmark; no enrollment ML model.
enrollment_benchmarks_v1,0a97519bd78f561a,phase_indication_rare|phase=PHASE3|indication=484|rare=0,PHASE3,484,484,,0,phase_indication_rare,2,106.75,172.5,238.25,277.7,True,2026-06-01T13:00:00+00:00,positive completed ACTUAL enrollment; percentiles used without winsorization,Deterministic v1 planned-enrollment benchmark; no enrollment ML model.
enrollment_benchmarks_v1,0a97519bd78f561a,phase_indication_rare|phase=PHASE3|indication=484|rare=1,PHASE3,484,484,,1,phase_indication_rare,1,1334.0,1334.0,1334.0,1334.0,True,2026-06-01T13:00:00+00:00,positive completed ACTUAL enrollment; percentiles used without winsorization,Deterministic v1 planned-enrollment benchmark; no enrollment ML model.
enrollment_benchmarks_v1,0a97519bd78f561a,phase_indication_rare|phase=PHASE3|indication=485|rare=0,PHASE3,485,485,,0,phase_indication_rare,48,142.25,316.0,445.5,608.0,True,2026-06-01T13:00:00+00:00,positive completed ACTUAL enrollment; percentiles used without winsorization,Deterministic v1 planned-enrollment benchmark; no enrollment ML model.
enrollment_benchmarks_v1,0a97519bd78f561a,phase_indication_rare|phase=PHASE3|indication=485|rare=1,PHASE3,485,485,,1,phase_indication_rare,12,170.75,275.5,430.25,611.3,True,2026-06-01T13:00:00+00:00,positive completed ACTUAL enrollment; percentiles used without winsorization,Deterministic v1 planned-enrollment benchmark; no enrollment ML model.
enrollment_benchmarks_v1,0a97519bd78f561a,phase_indication_rare|phase=PHASE3|indication=486|rare=0,PHASE3,486,486,,0,phase_indication_rare,40,207.5,460.5,705.25,769.5,True,2026-06-01T13:00:00+00:00,positive completed ACTUAL enrollment; percentiles used without winsorization,Deterministic v1 planned-enrollment benchmark; no enrollment ML model.
enrollment_benchmarks_v1,0a97519bd78f561a,phase_indication_rare|phase=PHASE3|indication=486|rare=1,PHASE3,486,486,,1,phase_indication_rare,1,213.0,213.0,213.0,213.0,True,2026-06-01T13:00:00+00:00,positive completed ACTUAL enrollment; percentiles used without winsorization,Deterministic v1 planned-enrollment benchmark; no enrollment ML model.
enrollment_benchmarks_v1,0a97519bd78f561a,phase_indication_rare|phase=PHASE3|indication=487|rare=0,PHASE3,487,487,,0,phase_indication_rare,62,207.75,322.5,505.25,706.5,False,2026-06-01T13:00:00+00:00,positive completed ACTUAL enrollment; percentiles used without winsorization,Deterministic v1 planned-enrollment benchmark; no enrollment ML model.
enrollment_benchmarks_v1,0a97519bd78f561a,phase_indication_rare|phase=PHASE3|indication=487|rare=1,PHASE3,487,487,,1,phase_indication_rare,6,86.5,152.5,210.25,257.5,True,2026-06-01T13:00:00+00:00,positive completed ACTUAL enrollment; percentiles used without winsorization,Deterministic v1 planned-enrollment benchmark; no enrollment ML model.
enrollment_benchmarks_v1,0a97519bd78f561a,phase_indication_rare|phase=PHASE3|indication=489|rare=0,PHASE3,489,489,,0,phase_indication_rare,68,74.75,225.5,490.75,889.5,False,2026-06-01T13:00:00+00:00,positive completed ACTUAL enrollment; percentiles used without winsorization,Deterministic v1 planned-enrollment benchmark; no enrollment ML model.
enrollment_benchmarks_v1,0a97519bd78f561a,phase_indication_rare|phase=PHASE3|indication=489|rare=1,PHASE3,489,489,,1,phase_indication_rare,13,89.0,129.0,231.0,265.2,True,2026-06-01T13:00:00+00:00,positive completed ACTUAL enrollment; percentiles used without winsorization,Deterministic v1 planned-enrollment benchmark; no enrollment ML model.
enrollment_benchmarks_v1,0a97519bd78f561a,phase_indication_rare|phase=PHASE3|indication=490|rare=0,PHASE3,490,490,,0,phase_indication_rare,22,138.5,193.5,342.0,540.0,True,2026-06-01T13:00:00+00:00,positive completed ACTUAL enrollment; percentiles used without winsorization,Deterministic v1 planned-enrollment benchmark; no enrollment ML model.
enrollment_benchmarks_v1,0a97519bd78f561a,phase_indication_rare|phase=PHASE3|indication=490|rare=1,PHASE3,490,490,,1,phase_indication_rare,17,118.0,147.0,229.0,431.8,True,2026-06-01T13:00:00+00:00,positive completed ACTUAL enrollment; percentiles used without winsorization,Deterministic v1 planned-enrollment benchmark; no enrollment ML model.
enrollment_benchmarks_v1,0a97519bd78f561a,phase_indication_rare|phase=PHASE3|indication=493|rare=0,PHASE3,493,493,,0,phase_indication_rare,106,202.25,670.5,3888.5,13052.0,False,2026-06-01T13:00:00+00:00,positive completed ACTUAL enrollment; percentiles used without winsorization,Deterministic v1 planned-enrollment benchmark; no enrollment ML model.
enrollment_benchmarks_v1,0a97519bd78f561a,phase_indication_rare|phase=PHASE3|indication=493|rare=1,PHASE3,493,493,,1,phase_indication_rare,1,2530.0,2530.0,2530.0,2530.0,True,2026-06-01T13:00:00+00:00,positive completed ACTUAL enrollment; percentiles used without winsorization,Deterministic v1 planned-enrollment benchmark; no enrollment ML model.
enrollment_benchmarks_v1,0a97519bd78f561a,phase_indication_rare|phase=PHASE3|indication=494|rare=0,PHASE3,494,494,,0,phase_indication_rare,35,191.0,409.0,1152.5,3854.8,True,2026-06-01T13:00:00+00:00,positive completed ACTUAL enrollment; percentiles used without winsorization,Deterministic v1 planned-enrollment benchmark; no enrollment ML model.
enrollment_benchmarks_v1,0a97519bd78f561a,phase_indication_rare|phase=PHASE3|indication=498|rare=0,PHASE3,498,498,,0,phase_indication_rare,59,181.5,312.0,604.5,1145.0,False,2026-06-01T13:00:00+00:00,positive completed ACTUAL enrollment; percentiles used without winsorization,Deterministic v1 planned-enrollment benchmark; no enrollment ML model.
enrollment_benchmarks_v1,0a97519bd78f561a,phase_indication_rare|phase=PHASE3|indication=499|rare=0,PHASE3,499,499,,0,phase_indication_rare,7,55.0,112.0,308.0,496.6,True,2026-06-01T13:00:00+00:00,positive completed ACTUAL enrollment; percentiles used without winsorization,Deterministic v1 planned-enrollment benchmark; no enrollment ML model.
enrollment_benchmarks_v1,0a97519bd78f561a,phase_indication_rare|phase=PHASE3|indication=499|rare=1,PHASE3,499,499,,1,phase_indication_rare,5,38.0,206.0,632.0,1292.6,True,2026-06-01T13:00:00+00:00,positive completed ACTUAL enrollment; percentiles used without winsorization,Deterministic v1 planned-enrollment benchmark; no enrollment ML model.
enrollment_benchmarks_v1,0a97519bd78f561a,phase_indication_rare|phase=PHASE3|indication=500|rare=0,PHASE3,500,500,,0,phase_indication_rare,14,291.5,808.0,1505.5,2176.5,True,2026-06-01T13:00:00+00:00,positive completed ACTUAL enrollment; percentiles used without winsorization,Deterministic v1 planned-enrollment benchmark; no enrollment ML model.
enrollment_benchmarks_v1,0a97519bd78f561a,phase_indication_rare|phase=PHASE3|indication=502|rare=0,PHASE3,502,502,,0,phase_indication_rare,15,160.5,302.0,435.5,4255.2,True,2026-06-01T13:00:00+00:00,positive completed ACTUAL enrollment; percentiles used without winsorization,Deterministic v1 planned-enrollment benchmark; no enrollment ML model.
enrollment_benchmarks_v1,0a97519bd78f561a,phase_indication_rare|phase=PHASE3|indication=504|rare=0,PHASE3,504,504,,0,phase_indication_rare,2,598.25,666.5,734.75,775.7,True,2026-06-01T13:00:00+00:00,positive completed ACTUAL enrollment; percentiles used without winsorization,Deterministic v1 planned-enrollment benchmark; no enrollment ML model.
enrollment_benchmarks_v1,0a97519bd78f561a,phase_indication_rare|phase=PHASE3|indication=507|rare=0,PHASE3,507,507,,0,phase_indication_rare,241,135.0,246.0,459.0,1071.0,False,2026-06-01T13:00:00+00:00,positive completed ACTUAL enrollment; percentiles used without winsorization,Deterministic v1 planned-enrollment benchmark; no enrollment ML model.
enrollment_benchmarks_v1,0a97519bd78f561a,phase_indication_rare|phase=PHASE3|indication=507|rare=1,PHASE3,507,507,,1,phase_indication_rare,16,100.0,223.5,308.25,442.5,True,2026-06-01T13:00:00+00:00,positive completed ACTUAL enrollment; percentiles used without winsorization,Deterministic v1 planned-enrollment benchmark; no enrollment ML model.
enrollment_benchmarks_v1,0a97519bd78f561a,phase_indication_rare|phase=PHASE3|indication=509|rare=0,PHASE3,509,509,,0,phase_indication_rare,197,297.0,626.0,1134.0,1886.4,False,2026-06-01T13:00:00+00:00,positive completed ACTUAL enrollment; percentiles used without winsorization,Deterministic v1 planned-enrollment benchmark; no enrollment ML model.
enrollment_benchmarks_v1,0a97519bd78f561a,phase_indication_rare|phase=PHASE3|indication=509|rare=1,PHASE3,509,509,,1,phase_indication_rare,1,34.0,34.0,34.0,34.0,True,2026-06-01T13:00:00+00:00,positive completed ACTUAL enrollment; percentiles used without winsorization,Deterministic v1 planned-enrollment benchmark; no enrollment ML model.
enrollment_benchmarks_v1,0a97519bd78f561a,phase_indication_rare|phase=PHASE3|indication=515|rare=0,PHASE3,515,515,,0,phase_indication_rare,197,195.0,420.0,856.0,1818.0,False,2026-06-01T13:00:00+00:00,positive completed ACTUAL enrollment; percentiles used without winsorization,Deterministic v1 planned-enrollment benchmark; no enrollment ML model.
enrollment_benchmarks_v1,0a97519bd78f561a,phase_indication_rare|phase=PHASE3|indication=515|rare=1,PHASE3,515,515,,1,phase_indication_rare,1,116.0,116.0,116.0,116.0,True,2026-06-01T13:00:00+00:00,positive completed ACTUAL enrollment; percentiles used without winsorization,Deterministic v1 planned-enrollment benchmark; no enrollment ML model.
enrollment_benchmarks_v1,0a97519bd78f561a,phase_indication_rare|phase=PHASE3|indication=516|rare=0,PHASE3,516,516,,0,phase_indication_rare,13,81.0,515.0,597.0,1074.2,True,2026-06-01T13:00:00+00:00,positive completed ACTUAL enrollment; percentiles used without winsorization,Deterministic v1 planned-enrollment benchmark; no enrollment ML model.
enrollment_benchmarks_v1,0a97519bd78f561a,phase_indication_rare|phase=PHASE3|indication=516|rare=1,PHASE3,516,516,,1,phase_indication_rare,6,107.75,394.5,593.5,675.0,True,2026-06-01T13:00:00+00:00,positive completed ACTUAL enrollment; percentiles used without winsorization,Deterministic v1 planned-enrollment benchmark; no enrollment ML model.
enrollment_benchmarks_v1,0a97519bd78f561a,phase_indication_rare|phase=PHASE3|indication=520|rare=0,PHASE3,520,520,,0,phase_indication_rare,154,182.75,333.0,570.5,918.9,False,2026-06-01T13:00:00+00:00,positive completed ACTUAL enrollment; percentiles used without winsorization,Deterministic v1 planned-enrollment benchmark; no enrollment ML model.
enrollment_benchmarks_v1,0a97519bd78f561a,phase_indication_rare|phase=PHASE3|indication=520|rare=1,PHASE3,520,520,,1,phase_indication_rare,15,72.0,168.0,315.5,447.6,True,2026-06-01T13:00:00+00:00,positive completed ACTUAL enrollment; percentiles used without winsorization,Deterministic v1 planned-enrollment benchmark; no enrollment ML model.
enrollment_benchmarks_v1,0a97519bd78f561a,phase_indication_rare|phase=PHASE3|indication=521|rare=0,PHASE3,521,521,,0,phase_indication_rare,226,112.25,219.0,416.0,682.5,False,2026-06-01T13:00:00+00:00,positive completed ACTUAL enrollment; percentiles used without winsorization,Deterministic v1 planned-enrollment benchmark; no enrollment ML model.
enrollment_benchmarks_v1,0a97519bd78f561a,phase_indication_rare|phase=PHASE3|indication=521|rare=1,PHASE3,521,521,,1,phase_indication_rare,9,93.0,116.0,193.0,255.0,True,2026-06-01T13:00:00+00:00,positive completed ACTUAL enrollment; percentiles used without winsorization,Deterministic v1 planned-enrollment benchmark; no enrollment ML model.
enrollment_benchmarks_v1,0a97519bd78f561a,phase_indication_rare|phase=PHASE3|indication=530|rare=0,PHASE3,530,530,,0,phase_indication_rare,13,215.0,310.0,461.0,607.0,True,2026-06-01T13:00:00+00:00,positive completed ACTUAL enrollment; percentiles used without winsorization,Deterministic v1 planned-enrollment benchmark; no enrollment ML model.
enrollment_benchmarks_v1,0a97519bd78f561a,phase_indication_rare|phase=PHASE3|indication=531|rare=0,PHASE3,531,531,,0,phase_indication_rare,2,368.75,418.5,468.25,498.1,True,2026-06-01T13:00:00+00:00,positive completed ACTUAL enrollment; percentiles used without winsorization,Deterministic v1 planned-enrollment benchmark; no enrollment ML model.
enrollment_benchmarks_v1,0a97519bd78f561a,phase_indication_rare|phase=PHASE3|indication=532|rare=0,PHASE3,532,532,,0,phase_indication_rare,105,147.0,354.0,614.0,1025.8,False,2026-06-01T13:00:00+00:00,positive completed ACTUAL enrollment; percentiles used without winsorization,Deterministic v1 planned-enrollment benchmark; no enrollment ML model.
enrollment_benchmarks_v1,0a97519bd78f561a,phase_indication_rare|phase=PHASE3|indication=532|rare=1,PHASE3,532,532,,1,phase_indication_rare,2,56.75,101.5,146.25,173.1,True,2026-06-01T13:00:00+00:00,positive completed ACTUAL enrollment; percentiles used without winsorization,Deterministic v1 planned-enrollment benchmark; no enrollment ML model.
enrollment_benchmarks_v1,0a97519bd78f561a,phase_indication_rare|phase=PHASE3|indication=534|rare=0,PHASE3,534,534,,0,phase_indication_rare,1,342.0,342.0,342.0,342.0,True,2026-06-01T13:00:00+00:00,positive completed ACTUAL enrollment; percentiles used without winsorization,Deterministic v1 planned-enrollment benchmark; no enrollment ML model.
enrollment_benchmarks_v1,0a97519bd78f561a,phase_indication_rare|phase=PHASE3|indication=535|rare=1,PHASE3,535,535,,1,phase_indication_rare,2,40.25,40.5,40.75,40.9,True,2026-06-01T13:00:00+00:00,positive completed ACTUAL enrollment; percentiles used without winsorization,Deterministic v1 planned-enrollment benchmark; no enrollment ML model.
enrollment_benchmarks_v1,0a97519bd78f561a,phase_indication_rare|phase=PHASE3|indication=543|rare=0,PHASE3,543,543,,0,phase_indication_rare,60,218.0,388.0,736.0,1006.7,False,2026-06-01T13:00:00+00:00,positive completed ACTUAL enrollment; percentiles used without winsorization,Deterministic v1 planned-enrollment benchmark; no enrollment ML model.
enrollment_benchmarks_v1,0a97519bd78f561a,phase_indication_rare|phase=PHASE3|indication=544|rare=0,PHASE3,544,544,,0,phase_indication_rare,71,119.5,262.0,414.5,544.0,False,2026-06-01T13:00:00+00:00,positive completed ACTUAL enrollment; percentiles used without winsorization,Deterministic v1 planned-enrollment benchmark; no enrollment ML model.
enrollment_benchmarks_v1,0a97519bd78f561a,phase_indication_rare|phase=PHASE3|indication=545|rare=0,PHASE3,545,545,,0,phase_indication_rare,60,62.75,170.5,299.75,480.4,False,2026-06-01T13:00:00+00:00,positive completed ACTUAL enrollment; percentiles used without winsorization,Deterministic v1 planned-enrollment benchmark; no enrollment ML model.
enrollment_benchmarks_v1,0a97519bd78f561a,phase_indication_rare|phase=PHASE3|indication=545|rare=1,PHASE3,545,545,,1,phase_indication_rare,16,126.75,199.0,313.5,393.5,True,2026-06-01T13:00:00+00:00,positive completed ACTUAL enrollment; percentiles used without winsorization,Deterministic v1 planned-enrollment benchmark; no enrollment ML model.
enrollment_benchmarks_v1,0a97519bd78f561a,phase_indication_rare|phase=PHASE3|indication=546|rare=0,PHASE3,546,546,,0,phase_indication_rare,81,156.0,353.0,899.0,1404.0,False,2026-06-01T13:00:00+00:00,positive completed ACTUAL enrollment; percentiles used without winsorization,Deterministic v1 planned-enrollment benchmark; no enrollment ML model.
enrollment_benchmarks_v1,0a97519bd78f561a,phase_indication_rare|phase=PHASE3|indication=546|rare=1,PHASE3,546,546,,1,phase_indication_rare,3,651.5,767.0,1043.5,1209.4,True,2026-06-01T13:00:00+00:00,positive completed ACTUAL enrollment; percentiles used without winsorization,Deterministic v1 planned-enrollment benchmark; no enrollment ML model.
enrollment_benchmarks_v1,0a97519bd78f561a,phase_indication_rare|phase=PHASE3|indication=554|rare=0,PHASE3,554,554,,0,phase_indication_rare,5,130.0,245.0,352.0,448.0,True,2026-06-01T13:00:00+00:00,positive completed ACTUAL enrollment; percentiles used without winsorization,Deterministic v1 planned-enrollment benchmark; no enrollment ML model.
enrollment_benchmarks_v1,0a97519bd78f561a,phase_indication_rare|phase=PHASE3|indication=554|rare=1,PHASE3,554,554,,1,phase_indication_rare,16,99.75,157.5,288.25,620.0,True,2026-06-01T13:00:00+00:00,positive completed ACTUAL enrollment; percentiles used without winsorization,Deterministic v1 planned-enrollment benchmark; no enrollment ML model.
enrollment_benchmarks_v1,0a97519bd78f561a,phase_indication_rare|phase=PHASE3|indication=557|rare=0,PHASE3,557,557,,0,phase_indication_rare,152,132.75,237.0,352.0,613.9,False,2026-06-01T13:00:00+00:00,positive completed ACTUAL enrollment; percentiles used without winsorization,Deterministic v1 planned-enrollment benchmark; no enrollment ML model.
enrollment_benchmarks_v1,0a97519bd78f561a,phase_indication_rare|phase=PHASE3|indication=557|rare=1,PHASE3,557,557,,1,phase_indication_rare,84,61.0,108.0,178.0,241.1,False,2026-06-01T13:00:00+00:00,positive completed ACTUAL enrollment; percentiles used without winsorization,Deterministic v1 planned-enrollment benchmark; no enrollment ML model.
enrollment_benchmarks_v1,0a97519bd78f561a,phase_indication_rare|phase=PHASE3|indication=559|rare=0,PHASE3,559,559,,0,phase_indication_rare,123,212.5,388.0,587.5,692.0,False,2026-06-01T13:00:00+00:00,positive completed ACTUAL enrollment; percentiles used without winsorization,Deterministic v1 planned-enrollment benchmark; no enrollment ML model.
enrollment_benchmarks_v1,0a97519bd78f561a,phase_indication_rare|phase=PHASE3|indication=560|rare=0,PHASE3,560,560,,0,phase_indication_rare,7,353.5,644.0,671.5,678.0,True,2026-06-01T13:00:00+00:00,positive completed ACTUAL enrollment; percentiles used without winsorization,Deterministic v1 planned-enrollment benchmark; no enrollment ML model.
enrollment_benchmarks_v1,0a97519bd78f561a,phase_indication_rare|phase=PHASE3|indication=561|rare=0,PHASE3,561,561,,0,phase_indication_rare,28,179.25,350.0,732.0,867.0,True,2026-06-01T13:00:00+00:00,positive completed ACTUAL enrollment; percentiles used without winsorization,Deterministic v1 planned-enrollment benchmark; no enrollment ML model.
enrollment_benchmarks_v1,0a97519bd78f561a,phase_indication_rare|phase=PHASE3|indication=567|rare=0,PHASE3,567,567,,0,phase_indication_rare,141,298.0,469.0,683.0,1105.0,False,2026-06-01T13:00:00+00:00,positive completed ACTUAL enrollment; percentiles used without winsorization,Deterministic v1 planned-enrollment benchmark; no enrollment ML model.
enrollment_benchmarks_v1,0a97519bd78f561a,phase_indication_rare|phase=PHASE3|indication=570|rare=0,PHASE3,570,570,,0,phase_indication_rare,40,330.5,390.0,499.0,732.7,True,2026-06-01T13:00:00+00:00,positive completed ACTUAL enrollment; percentiles used without winsorization,Deterministic v1 planned-enrollment benchmark; no enrollment ML model.
enrollment_benchmarks_v1,0a97519bd78f561a,phase_indication_rare|phase=PHASE3|indication=571|rare=0,PHASE3,571,571,,0,phase_indication_rare,19,90.0,224.0,435.5,608.8,True,2026-06-01T13:00:00+00:00,positive completed ACTUAL enrollment; percentiles used without winsorization,Deterministic v1 planned-enrollment benchmark; no enrollment ML model.
enrollment_benchmarks_v1,0a97519bd78f561a,phase_indication_rare|phase=PHASE3|indication=572|rare=0,PHASE3,572,572,,0,phase_indication_rare,6,397.0,454.5,522.5,568.5,True,2026-06-01T13:00:00+00:00,positive completed ACTUAL enrollment; percentiles used without winsorization,Deterministic v1 planned-enrollment benchmark; no enrollment ML model.
enrollment_benchmarks_v1,0a97519bd78f561a,phase_indication_rare|phase=PHASE3|indication=575|rare=0,PHASE3,575,575,,0,phase_indication_rare,12,94.25,134.5,166.0,180.7,True,2026-06-01T13:00:00+00:00,positive completed ACTUAL enrollment; percentiles used without winsorization,Deterministic v1 planned-enrollment benchmark; no enrollment ML model.
enrollment_benchmarks_v1,0a97519bd78f561a,phase_indication_rare|phase=PHASE3|indication=578|rare=0,PHASE3,578,578,,0,phase_indication_rare,64,141.0,283.0,360.75,560.2,False,2026-06-01T13:00:00+00:00,positive completed ACTUAL enrollment; percentiles used without winsorization,Deterministic v1 planned-enrollment benchmark; no enrollment ML model.
enrollment_benchmarks_v1,0a97519bd78f561a,phase_indication_rare|phase=PHASE3|indication=582|rare=1,PHASE3,582,582,,1,phase_indication_rare,2,129.0,143.0,157.0,165.4,True,2026-06-01T13:00:00+00:00,positive completed ACTUAL enrollment; percentiles used without winsorization,Deterministic v1 planned-enrollment benchmark; no enrollment ML model.
enrollment_benchmarks_v1,0a97519bd78f561a,phase_indication_rare|phase=PHASE3|indication=585|rare=0,PHASE3,585,585,,0,phase_indication_rare,12,116.75,213.5,484.75,690.7,True,2026-06-01T13:00:00+00:00,positive completed ACTUAL enrollment; percentiles used without winsorization,Deterministic v1 planned-enrollment benchmark; no enrollment ML model.
enrollment_benchmarks_v1,0a97519bd78f561a,phase_indication_rare|phase=PHASE3|indication=585|rare=1,PHASE3,585,585,,1,phase_indication_rare,1,125.0,125.0,125.0,125.0,True,2026-06-01T13:00:00+00:00,positive completed ACTUAL enrollment; percentiles used without winsorization,Deterministic v1 planned-enrollment benchmark; no enrollment ML model.
enrollment_benchmarks_v1,0a97519bd78f561a,phase_indication_rare|phase=PHASE3|indication=587|rare=0,PHASE3,587,587,,0,phase_indication_rare,647,219.0,427.0,693.5,1165.2,False,2026-06-01T13:00:00+00:00,positive completed ACTUAL enrollment; percentiles used without winsorization,Deterministic v1 planned-enrollment benchmark; no enrollment ML model.
enrollment_benchmarks_v1,0a97519bd78f561a,phase_indication_rare|phase=PHASE3|indication=587|rare=1,PHASE3,587,587,,1,phase_indication_rare,1,69.0,69.0,69.0,69.0,True,2026-06-01T13:00:00+00:00,positive completed ACTUAL enrollment; percentiles used without winsorization,Deterministic v1 planned-enrollment benchmark; no enrollment ML model.
enrollment_benchmarks_v1,0a97519bd78f561a,phase_indication_rare|phase=PHASE3|indication=589|rare=0,PHASE3,589,589,,0,phase_indication_rare,181,153.0,249.0,435.0,891.0,False,2026-06-01T13:00:00+00:00,positive completed ACTUAL enrollment; percentiles used without winsorization,Deterministic v1 planned-enrollment benchmark; no enrollment ML model.
enrollment_benchmarks_v1,0a97519bd78f561a,phase_indication_rare|phase=PHASE3|indication=589|rare=1,PHASE3,589,589,,1,phase_indication_rare,8,132.25,364.5,659.25,1169.1,True,2026-06-01T13:00:00+00:00,positive completed ACTUAL enrollment; percentiles used without winsorization,Deterministic v1 planned-enrollment benchmark; no enrollment ML model.
enrollment_benchmarks_v1,0a97519bd78f561a,phase_indication_rare|phase=PHASE3|indication=594|rare=0,PHASE3,594,594,,0,phase_indication_rare,170,159.25,325.5,611.5,1106.2,False,2026-06-01T13:00:00+00:00,positive completed ACTUAL enrollment; percentiles used without winsorization,Deterministic v1 planned-enrollment benchmark; no enrollment ML model.
enrollment_benchmarks_v1,0a97519bd78f561a,phase_indication_rare|phase=PHASE3|indication=594|rare=1,PHASE3,594,594,,1,phase_indication_rare,5,91.0,418.0,448.0,1261.0,True,2026-06-01T13:00:00+00:00,positive completed ACTUAL enrollment; percentiles used without winsorization,Deterministic v1 planned-enrollment benchmark; no enrollment ML model.
enrollment_benchmarks_v1,0a97519bd78f561a,phase_indication_rare|phase=PHASE3|indication=603|rare=0,PHASE3,603,603,,0,phase_indication_rare,184,215.0,411.5,686.0,1326.0,False,2026-06-01T13:00:00+00:00,positive completed ACTUAL enrollment; percentiles used without winsorization,Deterministic v1 planned-enrollment benchmark; no enrollment ML model.
enrollment_benchmarks_v1,0a97519bd78f561a,phase_indication_rare|phase=PHASE3|indication=603|rare=1,PHASE3,603,603,,1,phase_indication_rare,1,64.0,64.0,64.0,64.0,True,2026-06-01T13:00:00+00:00,positive completed ACTUAL enrollment; percentiles used without winsorization,Deterministic v1 planned-enrollment benchmark; no enrollment ML model.
enrollment_benchmarks_v1,0a97519bd78f561a,phase_indication_rare|phase=PHASE3|indication=613|rare=0,PHASE3,613,613,,0,phase_indication_rare,2,72.25,128.5,184.75,218.5,True,2026-06-01T13:00:00+00:00,positive completed ACTUAL enrollment; percentiles used without winsorization,Deterministic v1 planned-enrollment benchmark; no enrollment ML model.
enrollment_benchmarks_v1,0a97519bd78f561a,phase_indication_rare|phase=PHASE3|indication=613|rare=1,PHASE3,613,613,,1,phase_indication_rare,36,38.25,72.0,141.75,255.5,True,2026-06-01T13:00:00+00:00,positive completed ACTUAL enrollment; percentiles used without winsorization,Deterministic v1 planned-enrollment benchmark; no enrollment ML model.
enrollment_benchmarks_v1,0a97519bd78f561a,phase_indication_rare|phase=PHASE3|indication=619|rare=0,PHASE3,619,619,,0,phase_indication_rare,225,149.0,284.0,503.0,799.6,False,2026-06-01T13:00:00+00:00,positive completed ACTUAL enrollment; percentiles used without winsorization,Deterministic v1 planned-enrollment benchmark; no enrollment ML model.
enrollment_benchmarks_v1,0a97519bd78f561a,phase_indication_rare|phase=PHASE3|indication=619|rare=1,PHASE3,619,619,,1,phase_indication_rare,431,27.0,62.0,121.5,202.0,False,2026-06-01T13:00:00+00:00,positive completed ACTUAL enrollment; percentiles used without winsorization,Deterministic v1 planned-enrollment benchmark; no enrollment ML model.
enrollment_benchmarks_v1,0a97519bd78f561a,phase_indication_rare|phase=PHASE3|indication=627|rare=0,PHASE3,627,627,,0,phase_indication_rare,192,139.75,387.5,625.0,953.8,False,2026-06-01T13:00:00+00:00,positive completed ACTUAL enrollment; percentiles used without winsorization,Deterministic v1 planned-enrollment benchmark; no enrollment ML model.
enrollment_benchmarks_v1,0a97519bd78f561a,phase_indication_rare|phase=PHASE3|indication=628|rare=0,PHASE3,628,628,,0,phase_indication_rare,108,179.5,335.0,529.0,874.4,False,2026-06-01T13:00:00+00:00,positive completed ACTUAL enrollment; percentiles used without winsorization,Deterministic v1 planned-enrollment benchmark; no enrollment ML model.
enrollment_benchmarks_v1,0a97519bd78f561a,phase_indication_rare|phase=PHASE3|indication=630|rare=0,PHASE3,630,630,,0,phase_indication_rare,61,192.0,387.0,638.0,905.0,False,2026-06-01T13:00:00+00:00,positive completed ACTUAL enrollment; percentiles used without winsorization,Deterministic v1 planned-enrollment benchmark; no enrollment ML model.
enrollment_benchmarks_v1,0a97519bd78f561a,phase_indication_rare|phase=PHASE3|indication=631|rare=0,PHASE3,631,631,,0,phase_indication_rare,1,174.0,174.0,174.0,174.0,True,2026-06-01T13:00:00+00:00,positive completed ACTUAL enrollment; percentiles used without winsorization,Deterministic v1 planned-enrollment benchmark; no enrollment ML model.
enrollment_benchmarks_v1,0a97519bd78f561a,phase_indication_rare|phase=PHASE3|indication=632|rare=0,PHASE3,632,632,,0,phase_indication_rare,32,211.25,330.0,607.75,1261.4,True,2026-06-01T13:00:00+00:00,positive completed ACTUAL enrollment; percentiles used without winsorization,Deterministic v1 planned-enrollment benchmark; no enrollment ML model.
enrollment_benchmarks_v1,0a97519bd78f561a,phase_indication_rare|phase=PHASE3|indication=639|rare=0,PHASE3,639,639,,0,phase_indication_rare,260,190.25,306.0,479.0,705.1,False,2026-06-01T13:00:00+00:00,positive completed ACTUAL enrollment; percentiles used without winsorization,Deterministic v1 planned-enrollment benchmark; no enrollment ML model.
enrollment_benchmarks_v1,0a97519bd78f561a,phase_indication_rare|phase=PHASE3|indication=639|rare=1,PHASE3,639,639,,1,phase_indication_rare,40,59.5,113.5,188.0,228.2,True,2026-06-01T13:00:00+00:00,positive completed ACTUAL enrollment; percentiles used without winsorization,Deterministic v1 planned-enrollment benchmark; no enrollment ML model.
enrollment_benchmarks_v1,0a97519bd78f561a,phase_indication_rare|phase=PHASE3|indication=641|rare=0,PHASE3,641,641,,0,phase_indication_rare,1,189.0,189.0,189.0,189.0,True,2026-06-01T13:00:00+00:00,positive completed ACTUAL enrollment; percentiles used without winsorization,Deterministic v1 planned-enrollment benchmark; no enrollment ML model.
enrollment_benchmarks_v1,0a97519bd78f561a,phase_indication_rare|phase=PHASE3|indication=641|rare=1,PHASE3,641,641,,1,phase_indication_rare,15,44.0,61.0,131.5,196.6,True,2026-06-01T13:00:00+00:00,positive completed ACTUAL enrollment; percentiles used without winsorization,Deterministic v1 planned-enrollment benchmark; no enrollment ML model.
enrollment_benchmarks_v1,0a97519bd78f561a,phase_indication_rare|phase=PHASE3|indication=654|rare=0,PHASE3,654,654,,0,phase_indication_rare,127,237.5,375.0,637.0,789.8,False,2026-06-01T13:00:00+00:00,positive completed ACTUAL enrollment; percentiles used without winsorization,Deterministic v1 planned-enrollment benchmark; no enrollment ML model.
enrollment_benchmarks_v1,0a97519bd78f561a,phase_indication_rare|phase=PHASE3|indication=655|rare=0,PHASE3,655,655,,0,phase_indication_rare,216,189.5,373.5,568.25,906.5,False,2026-06-01T13:00:00+00:00,positive completed ACTUAL enrollment; percentiles used without winsorization,Deterministic v1 planned-enrollment benchmark; no enrollment ML model.
enrollment_benchmarks_v1,0a97519bd78f561a,phase_indication_rare|phase=PHASE3|indication=655|rare=1,PHASE3,655,655,,1,phase_indication_rare,4,11.75,25.5,40.5,43.2,True,2026-06-01T13:00:00+00:00,positive completed ACTUAL enrollment; percentiles used without winsorization,Deterministic v1 planned-enrollment benchmark; no enrollment ML model.
enrollment_benchmarks_v1,0a97519bd78f561a,phase_indication_rare|phase=PHASE3|indication=658|rare=0,PHASE3,658,658,,0,phase_indication_rare,11,252.0,291.0,352.0,410.0,True,2026-06-01T13:00:00+00:00,positive completed ACTUAL enrollment; percentiles used without winsorization,Deterministic v1 planned-enrollment benchmark; no enrollment ML model.
enrollment_benchmarks_v1,0a97519bd78f561a,phase_indication_rare|phase=PHASE3|indication=659|rare=0,PHASE3,659,659,,0,phase_indication_rare,32,313.25,439.0,684.75,859.5,True,2026-06-01T13:00:00+00:00,positive completed ACTUAL enrollment; percentiles used without winsorization,Deterministic v1 planned-enrollment benchmark; no enrollment ML model.
enrollment_benchmarks_v1,0a97519bd78f561a,phase_indication_rare|phase=PHASE3|indication=660|rare=0,PHASE3,660,660,,0,phase_indication_rare,15,341.0,484.0,869.0,1574.8,True,2026-06-01T13:00:00+00:00,positive completed ACTUAL enrollment; percentiles used without winsorization,Deterministic v1 planned-enrollment benchmark; no enrollment ML model.
enrollment_benchmarks_v1,0a97519bd78f561a,phase_indication_rare|phase=PHASE3|indication=661|rare=0,PHASE3,661,661,,0,phase_indication_rare,80,476.5,744.0,976.25,1309.3,False,2026-06-01T13:00:00+00:00,positive completed ACTUAL enrollment; percentiles used without winsorization,Deterministic v1 planned-enrollment benchmark; no enrollment ML model.
enrollment_benchmarks_v1,0a97519bd78f561a,phase_indication_rare|phase=PHASE3|indication=662|rare=0,PHASE3,662,662,,0,phase_indication_rare,14,325.5,416.0,583.75,745.2,True,2026-06-01T13:00:00+00:00,positive completed ACTUAL enrollment; percentiles used without winsorization,Deterministic v1 planned-enrollment benchmark; no enrollment ML model.
enrollment_benchmarks_v1,0a97519bd78f561a,phase_indication_rare|phase=PHASE3|indication=662|rare=1,PHASE3,662,662,,1,phase_indication_rare,1,1057.0,1057.0,1057.0,1057.0,True,2026-06-01T13:00:00+00:00,positive completed ACTUAL enrollment; percentiles used without winsorization,Deterministic v1 planned-enrollment benchmark; no enrollment ML model.
enrollment_benchmarks_v1,0a97519bd78f561a,phase_indication_rare|phase=PHASE3|indication=663|rare=0,PHASE3,663,663,,0,phase_indication_rare,14,192.75,267.0,293.25,444.5,True,2026-06-01T13:00:00+00:00,positive completed ACTUAL enrollment; percentiles used without winsorization,Deterministic v1 planned-enrollment benchmark; no enrollment ML model.
enrollment_benchmarks_v1,0a97519bd78f561a,phase_indication_rare|phase=PHASE3|indication=663|rare=1,PHASE3,663,663,,1,phase_indication_rare,1,286.0,286.0,286.0,286.0,True,2026-06-01T13:00:00+00:00,positive completed ACTUAL enrollment; percentiles used without winsorization,Deterministic v1 planned-enrollment benchmark; no enrollment ML model.
enrollment_benchmarks_v1,0a97519bd78f561a,phase_indication_rare|phase=PHASE3|indication=664|rare=0,PHASE3,664,664,,0,phase_indication_rare,18,223.25,321.0,445.75,765.4,True,2026-06-01T13:00:00+00:00,positive completed ACTUAL enrollment; percentiles used without winsorization,Deterministic v1 planned-enrollment benchmark; no enrollment ML model.
enrollment_benchmarks_v1,0a97519bd78f561a,phase_indication_rare|phase=PHASE3|indication=665|rare=0,PHASE3,665,665,,0,phase_indication_rare,4,142.75,195.5,248.25,270.3,True,2026-06-01T13:00:00+00:00,positive completed ACTUAL enrollment; percentiles used without winsorization,Deterministic v1 planned-enrollment benchmark; no enrollment ML model.
enrollment_benchmarks_v1,0a97519bd78f561a,phase_indication_rare|phase=PHASE3|indication=668|rare=0,PHASE3,668,668,,0,phase_indication_rare,171,149.5,307.0,463.5,638.0,False,2026-06-01T13:00:00+00:00,positive completed ACTUAL enrollment; percentiles used without winsorization,Deterministic v1 planned-enrollment benchmark; no enrollment ML model.
enrollment_benchmarks_v1,0a97519bd78f561a,phase_indication_rare|phase=PHASE3|indication=668|rare=1,PHASE3,668,668,,1,phase_indication_rare,10,32.25,91.0,204.75,551.3,True,2026-06-01T13:00:00+00:00,positive completed ACTUAL enrollment; percentiles used without winsorization,Deterministic v1 planned-enrollment benchmark; no enrollment ML model.
enrollment_benchmarks_v1,0a97519bd78f561a,phase_indication_rare|phase=PHASE3|indication=674|rare=0,PHASE3,674,674,,0,phase_indication_rare,2,187.75,210.5,233.25,246.9,True,2026-06-01T13:00:00+00:00,positive completed ACTUAL enrollment; percentiles used without winsorization,Deterministic v1 planned-enrollment benchmark; no enrollment ML model.
enrollment_benchmarks_v1,0a97519bd78f561a,phase_indication_rare|phase=PHASE3|indication=679|rare=0,PHASE3,679,679,,0,phase_indication_rare,218,124.5,259.0,428.5,644.6,False,2026-06-01T13:00:00+00:00,positive completed ACTUAL enrollment; percentiles used without winsorization,Deterministic v1 planned-enrollment benchmark; no enrollment ML model.
enrollment_benchmarks_v1,0a97519bd78f561a,phase_indication_rare|phase=PHASE3|indication=679|rare=1,PHASE3,679,679,,1,phase_indication_rare,12,97.5,165.5,210.75,235.8,True,2026-06-01T13:00:00+00:00,positive completed ACTUAL enrollment; percentiles used without winsorization,Deterministic v1 planned-enrollment benchmark; no enrollment ML model.
enrollment_benchmarks_v1,0a97519bd78f561a,phase_indication_rare|phase=PHASE3|indication=680|rare=0,PHASE3,680,680,,0,phase_indication_rare,105,80.0,119.0,294.0,512.4,False,2026-06-01T13:00:00+00:00,positive completed ACTUAL enrollment; percentiles used without winsorization,Deterministic v1 planned-enrollment benchmark; no enrollment ML model.
enrollment_benchmarks_v1,0a97519bd78f561a,phase_indication_rare|phase=PHASE3|indication=689|rare=0,PHASE3,689,689,,0,phase_indication_rare,1,220.0,220.0,220.0,220.0,True,2026-06-01T13:00:00+00:00,positive completed ACTUAL enrollment; percentiles used without winsorization,Deterministic v1 planned-enrollment benchmark; no enrollment ML model.
enrollment_benchmarks_v1,0a97519bd78f561a,phase_indication_rare|phase=PHASE3|indication=697|rare=0,PHASE3,697,697,,0,phase_indication_rare,2,151.5,181.0,210.5,228.2,True,2026-06-01T13:00:00+00:00,positive completed ACTUAL enrollment; percentiles used without winsorization,Deterministic v1 planned-enrollment benchmark; no enrollment ML model.
enrollment_benchmarks_v1,0a97519bd78f561a,phase_indication_rare|phase=PHASE3|indication=699|rare=0,PHASE3,699,699,,0,phase_indication_rare,5,52.0,61.0,145.0,163.0,True,2026-06-01T13:00:00+00:00,positive completed ACTUAL enrollment; percentiles used without winsorization,Deterministic v1 planned-enrollment benchmark; no enrollment ML model.
enrollment_benchmarks_v1,0a97519bd78f561a,phase_indication_rare|phase=PHASE3|indication=708|rare=0,PHASE3,708,708,,0,phase_indication_rare,28,130.25,203.0,375.75,544.4,True,2026-06-01T13:00:00+00:00,positive completed ACTUAL enrollment; percentiles used without winsorization,Deterministic v1 planned-enrollment benchmark; no enrollment ML model.
enrollment_benchmarks_v1,0a97519bd78f561a,phase_indication_rare|phase=PHASE3|indication=709|rare=0,PHASE3,709,709,,0,phase_indication_rare,1,60.0,60.0,60.0,60.0,True,2026-06-01T13:00:00+00:00,positive completed ACTUAL enrollment; percentiles used without winsorization,Deterministic v1 planned-enrollment benchmark; no enrollment ML model.
enrollment_benchmarks_v1,0a97519bd78f561a,phase_indication_rare|phase=PHASE3|indication=716|rare=0,PHASE3,716,716,,0,phase_indication_rare,9,151.0,192.0,300.0,487.0,True,2026-06-01T13:00:00+00:00,positive completed ACTUAL enrollment; percentiles used without winsorization,Deterministic v1 planned-enrollment benchmark; no enrollment ML model.
enrollment_benchmarks_v1,0a97519bd78f561a,phase_indication_rare|phase=PHASE3|indication=842|rare=0,PHASE3,842,842,,0,phase_indication_rare,1,17.0,17.0,17.0,17.0,True,2026-06-01T13:00:00+00:00,positive completed ACTUAL enrollment; percentiles used without winsorization,Deterministic v1 planned-enrollment benchmark; no enrollment ML model.
enrollment_benchmarks_v1,0a97519bd78f561a,phase_indication_rare|phase=PHASE3|indication=843|rare=0,PHASE3,843,843,,0,phase_indication_rare,5,525.0,974.0,1197.0,2897.4,True,2026-06-01T13:00:00+00:00,positive completed ACTUAL enrollment; percentiles used without winsorization,Deterministic v1 planned-enrollment benchmark; no enrollment ML model.
enrollment_benchmarks_v1,0a97519bd78f561a,phase_indication_rare|phase=PHASE3|indication=843|rare=1,PHASE3,843,843,,1,phase_indication_rare,1,1023.0,1023.0,1023.0,1023.0,True,2026-06-01T13:00:00+00:00,positive completed ACTUAL enrollment; percentiles used without winsorization,Deterministic v1 planned-enrollment benchmark; no enrollment ML model.
enrollment_benchmarks_v1,0a97519bd78f561a,phase_indication_rare|phase=PHASE3|indication=958|rare=0,PHASE3,958,958,,0,phase_indication_rare,2,917.75,1635.5,2353.25,2783.9,True,2026-06-01T13:00:00+00:00,positive completed ACTUAL enrollment; percentiles used without winsorization,Deterministic v1 planned-enrollment benchmark; no enrollment ML model.
enrollment_benchmarks_v1,0a97519bd78f561a,phase_indication_rare|phase=PHASE3|indication=972|rare=0,PHASE3,972,972,,0,phase_indication_rare,93,235.0,518.0,955.0,1625.2,False,2026-06-01T13:00:00+00:00,positive completed ACTUAL enrollment; percentiles used without winsorization,Deterministic v1 planned-enrollment benchmark; no enrollment ML model.
enrollment_benchmarks_v1,0a97519bd78f561a,phase_indication_rare|phase=PHASE3|indication=980|rare=0,PHASE3,980,980,,0,phase_indication_rare,40,320.25,585.5,683.75,806.8,True,2026-06-01T13:00:00+00:00,positive completed ACTUAL enrollment; percentiles used without winsorization,Deterministic v1 planned-enrollment benchmark; no enrollment ML model.
enrollment_benchmarks_v1,0a97519bd78f561a,phase_indication_rare|phase=PHASE3|indication=981|rare=0,PHASE3,981,981,,0,phase_indication_rare,243,191.0,360.0,563.0,756.0,False,2026-06-01T13:00:00+00:00,positive completed ACTUAL enrollment; percentiles used without winsorization,Deterministic v1 planned-enrollment benchmark; no enrollment ML model.
enrollment_benchmarks_v1,0a97519bd78f561a,phase_indication_rare|phase=PHASE3|indication=981|rare=1,PHASE3,981,981,,1,phase_indication_rare,8,93.5,116.0,183.5,204.8,True,2026-06-01T13:00:00+00:00,positive completed ACTUAL enrollment; percentiles used without winsorization,Deterministic v1 planned-enrollment benchmark; no enrollment ML model.
enrollment_benchmarks_v1,0a97519bd78f561a,phase_indication_rare|phase=PHASE3|indication=992|rare=0,PHASE3,992,992,,0,phase_indication_rare,103,202.0,332.0,483.0,692.4,False,2026-06-01T13:00:00+00:00,positive completed ACTUAL enrollment; percentiles used without winsorization,Deterministic v1 planned-enrollment benchmark; no enrollment ML model.
enrollment_benchmarks_v1,0a97519bd78f561a,phase_indication_rare|phase=PHASE3|indication=992|rare=1,PHASE3,992,992,,1,phase_indication_rare,4,155.0,181.5,233.25,285.9,True,2026-06-01T13:00:00+00:00,positive completed ACTUAL enrollment; percentiles used without winsorization,Deterministic v1 planned-enrollment benchmark; no enrollment ML model.
enrollment_benchmarks_v1,0a97519bd78f561a,phase_indication_rare|phase=PHASE3|indication=1004|rare=0,PHASE3,1004,1004,,0,phase_indication_rare,29,41.0,165.0,310.0,626.0,True,2026-06-01T13:00:00+00:00,positive completed ACTUAL enrollment; percentiles used without winsorization,Deterministic v1 planned-enrollment benchmark; no enrollment ML model.
enrollment_benchmarks_v1,0a97519bd78f561a,phase_indication_rare|phase=PHASE3|indication=1004|rare=1,PHASE3,1004,1004,,1,phase_indication_rare,13,58.0,151.0,237.0,398.0,True,2026-06-01T13:00:00+00:00,positive completed ACTUAL enrollment; percentiles used without winsorization,Deterministic v1 planned-enrollment benchmark; no enrollment ML model.
enrollment_benchmarks_v1,0a97519bd78f561a,phase_indication_rare|phase=PHASE3|indication=1008|rare=0,PHASE3,1008,1008,,0,phase_indication_rare,6,76.0,147.0,233.75,342.5,True,2026-06-01T13:00:00+00:00,positive completed ACTUAL enrollment; percentiles used without winsorization,Deterministic v1 planned-enrollment benchmark; no enrollment ML model.
enrollment_benchmarks_v1,0a97519bd78f561a,phase_indication_rare|phase=PHASE3|indication=1008|rare=1,PHASE3,1008,1008,,1,phase_indication_rare,1,169.0,169.0,169.0,169.0,True,2026-06-01T13:00:00+00:00,positive completed ACTUAL enrollment; percentiles used without winsorization,Deterministic v1 planned-enrollment benchmark; no enrollment ML model.
enrollment_benchmarks_v1,0a97519bd78f561a,phase_indication_rare|phase=PHASE3|indication=1011|rare=0,PHASE3,1011,1011,,0,phase_indication_rare,4,339.25,449.5,466.25,491.9,True,2026-06-01T13:00:00+00:00,positive completed ACTUAL enrollment; percentiles used without winsorization,Deterministic v1 planned-enrollment benchmark; no enrollment ML model.
enrollment_benchmarks_v1,0a97519bd78f561a,phase_indication_rare|phase=PHASE3|indication=1011|rare=1,PHASE3,1011,1011,,1,phase_indication_rare,4,135.5,285.5,469.5,535.2,True,2026-06-01T13:00:00+00:00,positive completed ACTUAL enrollment; percentiles used without winsorization,Deterministic v1 planned-enrollment benchmark; no enrollment ML model.
enrollment_benchmarks_v1,0a97519bd78f561a,phase_indication_rare|phase=PHASE3|indication=1048|rare=0,PHASE3,1048,1048,,0,phase_indication_rare,132,296.0,892.5,2209.25,10333.1,False,2026-06-01T13:00:00+00:00,positive completed ACTUAL enrollment; percentiles used without winsorization,Deterministic v1 planned-enrollment benchmark; no enrollment ML model.
enrollment_benchmarks_v1,0a97519bd78f561a,phase_indication_rare|phase=PHASE3|indication=1048|rare=1,PHASE3,1048,1048,,1,phase_indication_rare,1,206.0,206.0,206.0,206.0,True,2026-06-01T13:00:00+00:00,positive completed ACTUAL enrollment; percentiles used without winsorization,Deterministic v1 planned-enrollment benchmark; no enrollment ML model.
enrollment_benchmarks_v1,0a97519bd78f561a,phase_indication_rare|phase=PHASE3|indication=1161|rare=0,PHASE3,1161,1161,,0,phase_indication_rare,120,210.75,386.0,570.25,850.5,False,2026-06-01T13:00:00+00:00,positive completed ACTUAL enrollment; percentiles used without winsorization,Deterministic v1 planned-enrollment benchmark; no enrollment ML model.
enrollment_benchmarks_v1,0a97519bd78f561a,phase_indication_rare|phase=PHASE3|indication=1161|rare=1,PHASE3,1161,1161,,1,phase_indication_rare,31,16.5,59.0,110.5,181.0,True,2026-06-01T13:00:00+00:00,positive completed ACTUAL enrollment; percentiles used without winsorization,Deterministic v1 planned-enrollment benchmark; no enrollment ML model.
enrollment_benchmarks_v1,0a97519bd78f561a,phase_only|phase=PHASE1/PHASE2,PHASE1/PHASE2,ALL,,,,phase_only,1907,24.0,48.0,108.0,225.0,False,2026-06-01T13:00:00+00:00,positive completed ACTUAL enrollment; percentiles used without winsorization,Deterministic v1 planned-enrollment benchmark; no enrollment ML model.
enrollment_benchmarks_v1,0a97519bd78f561a,phase_only|phase=PHASE2,PHASE2,ALL,,,,phase_only,8987,41.0,92.0,190.0,332.0,False,2026-06-01T13:00:00+00:00,positive completed ACTUAL enrollment; percentiles used without winsorization,Deterministic v1 planned-enrollment benchmark; no enrollment ML model.
enrollment_benchmarks_v1,0a97519bd78f561a,phase_only|phase=PHASE2/PHASE3,PHASE2/PHASE3,ALL,,,,phase_only,511,89.5,222.0,454.0,974.0,False,2026-06-01T13:00:00+00:00,positive completed ACTUAL enrollment; percentiles used without winsorization,Deterministic v1 planned-enrollment benchmark; no enrollment ML model.
enrollment_benchmarks_v1,0a97519bd78f561a,phase_only|phase=PHASE3,PHASE3,ALL,,,,phase_only,9121,150.0,326.0,606.0,1077.0,False,2026-06-01T13:00:00+00:00,positive completed ACTUAL enrollment; percentiles used without winsorization,Deterministic v1 planned-enrollment benchmark; no enrollment ML model.
enrollment_benchmarks_v1,0a97519bd78f561a,phase_ta|phase=PHASE1/PHASE2|ta=CARDIOVASCULAR,PHASE1/PHASE2,CARDIOVASCULAR,,CARDIOVASCULAR,,phase_ta,49,16.0,27.0,52.0,110.0,True,2026-06-01T13:00:00+00:00,positive completed ACTUAL enrollment; percentiles used without winsorization,Deterministic v1 planned-enrollment benchmark; no enrollment ML model.
enrollment_benchmarks_v1,0a97519bd78f561a,phase_ta|phase=PHASE1/PHASE2|ta=DENTAL,PHASE1/PHASE2,DENTAL,,DENTAL,,phase_ta,5,27.0,39.0,40.0,92.2,True,2026-06-01T13:00:00+00:00,positive completed ACTUAL enrollment; percentiles used without winsorization,Deterministic v1 planned-enrollment benchmark; no enrollment ML model.
enrollment_benchmarks_v1,0a97519bd78f561a,phase_ta|phase=PHASE1/PHASE2|ta=DERMATOLOGY,PHASE1/PHASE2,DERMATOLOGY,,DERMATOLOGY,,phase_ta,102,24.25,48.0,95.25,208.7,False,2026-06-01T13:00:00+00:00,positive completed ACTUAL enrollment; percentiles used without winsorization,Deterministic v1 planned-enrollment benchmark; no enrollment ML model.
enrollment_benchmarks_v1,0a97519bd78f561a,phase_ta|phase=PHASE1/PHASE2|ta=EAR/NOSE/THROAT,PHASE1/PHASE2,EAR/NOSE/THROAT,,EAR/NOSE/THROAT,,phase_ta,8,26.75,35.5,45.0,68.7,True,2026-06-01T13:00:00+00:00,positive completed ACTUAL enrollment; percentiles used without winsorization,Deterministic v1 planned-enrollment benchmark; no enrollment ML model.
enrollment_benchmarks_v1,0a97519bd78f561a,phase_ta|phase=PHASE1/PHASE2|ta=GASTROINTESTINAL,PHASE1/PHASE2,GASTROINTESTINAL,,GASTROINTESTINAL,,phase_ta,67,24.0,40.0,67.0,124.0,False,2026-06-01T13:00:00+00:00,positive completed ACTUAL enrollment; percentiles used without winsorization,Deterministic v1 planned-enrollment benchmark; no enrollment ML model.
enrollment_benchmarks_v1,0a97519bd78f561a,phase_ta|phase=PHASE1/PHASE2|ta=GENETIC,PHASE1/PHASE2,GENETIC,,GENETIC,,phase_ta,58,10.25,16.0,24.0,43.5,False,2026-06-01T13:00:00+00:00,positive completed ACTUAL enrollment; percentiles used without winsorization,Deterministic v1 planned-enrollment benchmark; no enrollment ML model.
enrollment_benchmarks_v1,0a97519bd78f561a,phase_ta|phase=PHASE1/PHASE2|ta=HEMATOLOGY,PHASE1/PHASE2,HEMATOLOGY,,HEMATOLOGY,,phase_ta,83,18.0,38.0,61.0,90.8,False,2026-06-01T13:00:00+00:00,positive completed ACTUAL enrollment; percentiles used without winsorization,Deterministic v1 planned-enrollment benchmark; no enrollment ML model.
enrollment_benchmarks_v1,0a97519bd78f561a,phase_ta|phase=PHASE1/PHASE2|ta=IMMUNOLOGY,PHASE1/PHASE2,IMMUNOLOGY,,IMMUNOLOGY,,phase_ta,24,23.0,30.0,65.25,101.4,True,2026-06-01T13:00:00+00:00,positive completed ACTUAL enrollment; percentiles used without winsorization,Deterministic v1 planned-enrollment benchmark; no enrollment ML model.
enrollment_benchmarks_v1,0a97519bd78f561a,phase_ta|phase=PHASE1/PHASE2|ta=INFECTIONS,PHASE1/PHASE2,INFECTIONS,,INFECTIONS,,phase_ta,239,48.0,130.0,400.0,765.4,False,2026-06-01T13:00:00+00:00,positive completed ACTUAL enrollment; percentiles used without winsorization,Deterministic v1 planned-enrollment benchmark; no enrollment ML model.
enrollment_benchmarks_v1,0a97519bd78f561a,phase_ta|phase=PHASE1/PHASE2|ta=METABOLIC,PHASE1/PHASE2,METABOLIC,,METABOLIC,,phase_ta,69,24.0,44.0,80.0,133.2,False,2026-06-01T13:00:00+00:00,positive completed ACTUAL enrollment; percentiles used without winsorization,Deterministic v1 planned-enrollment benchmark; no enrollment ML model.
enrollment_benchmarks_v1,0a97519bd78f561a,phase_ta|phase=PHASE1/PHASE2|ta=MUSCULOSKELETAL,PHASE1/PHASE2,MUSCULOSKELETAL,,MUSCULOSKELETAL,,phase_ta,91,19.5,38.0,63.5,121.0,False,2026-06-01T13:00:00+00:00,positive completed ACTUAL enrollment; percentiles used without winsorization,Deterministic v1 planned-enrollment benchmark; no enrollment ML model.
enrollment_benchmarks_v1,0a97519bd78f561a,phase_ta|phase=PHASE1/PHASE2|ta=NEUROLOGY,PHASE1/PHASE2,NEUROLOGY,,NEUROLOGY,,phase_ta,87,18.0,26.0,46.0,63.2,False,2026-06-01T13:00:00+00:00,positive completed ACTUAL enrollment; percentiles used without winsorization,Deterministic v1 planned-enrollment benchmark; no enrollment ML model.
enrollment_benchmarks_v1,0a97519bd78f561a,phase_ta|phase=PHASE1/PHASE2|ta=ONCOLOGY,PHASE1/PHASE2,ONCOLOGY,,ONCOLOGY,,phase_ta,752,29.0,61.0,126.25,223.9,False,2026-06-01T13:00:00+00:00,positive completed ACTUAL enrollment; percentiles used without winsorization,Deterministic v1 planned-enrollment benchmark; no enrollment ML model.
enrollment_benchmarks_v1,0a97519bd78f561a,phase_ta|phase=PHASE1/PHASE2|ta=OPHTHALMOLOGY,PHASE1/PHASE2,OPHTHALMOLOGY,,OPHTHALMOLOGY,,phase_ta,113,20.0,46.0,89.0,153.0,False,2026-06-01T13:00:00+00:00,positive completed ACTUAL enrollment; percentiles used without winsorization,Deterministic v1 planned-enrollment benchmark; no enrollment ML model.
enrollment_benchmarks_v1,0a97519bd78f561a,phase_ta|phase=PHASE1/PHASE2|ta=PSYCHIATRY,PHASE1/PHASE2,PSYCHIATRY,,PSYCHIATRY,,phase_ta,35,28.0,51.0,73.5,158.0,True,2026-06-01T13:00:00+00:00,positive completed ACTUAL enrollment; percentiles used without winsorization,Deterministic v1 planned-enrollment benchmark; no enrollment ML model.
enrollment_benchmarks_v1,0a97519bd78f561a,phase_ta|phase=PHASE1/PHASE2|ta=RENAL/UROLOGY,PHASE1/PHASE2,RENAL/UROLOGY,,RENAL/UROLOGY,,phase_ta,45,20.0,31.0,51.0,78.0,True,2026-06-01T13:00:00+00:00,positive completed ACTUAL enrollment; percentiles used without winsorization,Deterministic v1 planned-enrollment benchmark; no enrollment ML model.
enrollment_benchmarks_v1,0a97519bd78f561a,phase_ta|phase=PHASE1/PHASE2|ta=REPRODUCTIVE,PHASE1/PHASE2,REPRODUCTIVE,,REPRODUCTIVE,,phase_ta,16,33.25,48.0,58.0,140.0,True,2026-06-01T13:00:00+00:00,positive completed ACTUAL enrollment; percentiles used without winsorization,Deterministic v1 planned-enrollment benchmark; no enrollment ML model.
enrollment_benchmarks_v1,0a97519bd78f561a,phase_ta|phase=PHASE1/PHASE2|ta=RESPIRATORY,PHASE1/PHASE2,RESPIRATORY,,RESPIRATORY,,phase_ta,63,24.0,37.0,70.5,107.4,False,2026-06-01T13:00:00+00:00,positive completed ACTUAL enrollment; percentiles used without winsorization,Deterministic v1 planned-enrollment benchmark; no enrollment ML model.
enrollment_benchmarks_v1,0a97519bd78f561a,phase_ta|phase=PHASE1/PHASE2|ta=UNCLASSIFIED,PHASE1/PHASE2,UNCLASSIFIED,,UNCLASSIFIED,,phase_ta,1,65.0,65.0,65.0,65.0,True,2026-06-01T13:00:00+00:00,positive completed ACTUAL enrollment; percentiles used without winsorization,Deterministic v1 planned-enrollment benchmark; no enrollment ML model.
enrollment_benchmarks_v1,0a97519bd78f561a,phase_ta|phase=PHASE2|ta=CARDIOVASCULAR,PHASE2,CARDIOVASCULAR,,CARDIOVASCULAR,,phase_ta,439,41.5,98.0,230.5,420.6,False,2026-06-01T13:00:00+00:00,positive completed ACTUAL enrollment; percentiles used without winsorization,Deterministic v1 planned-enrollment benchmark; no enrollment ML model.
enrollment_benchmarks_v1,0a97519bd78f561a,phase_ta|phase=PHASE2|ta=DENTAL,PHASE2,DENTAL,,DENTAL,,phase_ta,81,60.0,111.0,193.0,275.0,False,2026-06-01T13:00:00+00:00,positive completed ACTUAL enrollment; percentiles used without winsorization,Deterministic v1 planned-enrollment benchmark; no enrollment ML model.
enrollment_benchmarks_v1,0a97519bd78f561a,phase_ta|phase=PHASE2|ta=DERMATOLOGY,PHASE2,DERMATOLOGY,,DERMATOLOGY,,phase_ta,851,40.0,93.0,189.0,269.0,False,2026-06-01T13:00:00+00:00,positive completed ACTUAL enrollment; percentiles used without winsorization,Deterministic v1 planned-enrollment benchmark; no enrollment ML model.
enrollment_benchmarks_v1,0a97519bd78f561a,phase_ta|phase=PHASE2|ta=EAR/NOSE/THROAT,PHASE2,EAR/NOSE/THROAT,,EAR/NOSE/THROAT,,phase_ta,46,40.0,81.0,125.5,167.0,True,2026-06-01T13:00:00+00:00,positive completed ACTUAL enrollment; percentiles used without winsorization,Deterministic v1 planned-enrollment benchmark; no enrollment ML model.
enrollment_benchmarks_v1,0a97519bd78f561a,phase_ta|phase=PHASE2|ta=GASTROINTESTINAL,PHASE2,GASTROINTESTINAL,,GASTROINTESTINAL,,phase_ta,779,43.0,91.0,179.0,292.6,False,2026-06-01T13:00:00+00:00,positive completed ACTUAL enrollment; percentiles used without winsorization,Deterministic v1 planned-enrollment benchmark; no enrollment ML model.
enrollment_benchmarks_v1,0a97519bd78f561a,phase_ta|phase=PHASE2|ta=GENETIC,PHASE2,GENETIC,,GENETIC,,phase_ta,122,13.0,26.5,47.75,77.0,False,2026-06-01T13:00:00+00:00,positive completed ACTUAL enrollment; percentiles used without winsorization,Deterministic v1 planned-enrollment benchmark; no enrollment ML model.
enrollment_benchmarks_v1,0a97519bd78f561a,phase_ta|phase=PHASE2|ta=HEMATOLOGY,PHASE2,HEMATOLOGY,,HEMATOLOGY,,phase_ta,215,22.0,38.0,76.5,134.4,False,2026-06-01T13:00:00+00:00,positive completed ACTUAL enrollment; percentiles used without winsorization,Deterministic v1 planned-enrollment benchmark; no enrollment ML model.
enrollment_benchmarks_v1,0a97519bd78f561a,phase_ta|phase=PHASE2|ta=IMMUNOLOGY,PHASE2,IMMUNOLOGY,,IMMUNOLOGY,,phase_ta,134,27.0,60.5,179.25,290.4,False,2026-06-01T13:00:00+00:00,positive completed ACTUAL enrollment; percentiles used without winsorization,Deterministic v1 planned-enrollment benchmark; no enrollment ML model.
enrollment_benchmarks_v1,0a97519bd78f561a,phase_ta|phase=PHASE2|ta=INFECTIONS,PHASE2,INFECTIONS,,INFECTIONS,,phase_ta,873,64.0,150.0,360.0,720.8,False,2026-06-01T13:00:00+00:00,positive completed ACTUAL enrollment; percentiles used without winsorization,Deterministic v1 planned-enrollment benchmark; no enrollment ML model.
enrollment_benchmarks_v1,0a97519bd78f561a,phase_ta|phase=PHASE2|ta=METABOLIC,PHASE2,METABOLIC,,METABOLIC,,phase_ta,569,47.0,104.0,242.0,387.8,False,2026-06-01T13:00:00+00:00,positive completed ACTUAL enrollment; percentiles used without winsorization,Deterministic v1 planned-enrollment benchmark; no enrollment ML model.
enrollment_benchmarks_v1,0a97519bd78f561a,phase_ta|phase=PHASE2|ta=MUSCULOSKELETAL,PHASE2,MUSCULOSKELETAL,,MUSCULOSKELETAL,,phase_ta,555,56.5,120.0,217.5,322.6,False,2026-06-01T13:00:00+00:00,positive completed ACTUAL enrollment; percentiles used without winsorization,Deterministic v1 planned-enrollment benchmark; no enrollment ML model.
enrollment_benchmarks_v1,0a97519bd78f561a,phase_ta|phase=PHASE2|ta=NEUROLOGY,PHASE2,NEUROLOGY,,NEUROLOGY,,phase_ta,715,36.0,80.0,174.0,328.6,False,2026-06-01T13:00:00+00:00,positive completed ACTUAL enrollment; percentiles used without winsorization,Deterministic v1 planned-enrollment benchmark; no enrollment ML model.
enrollment_benchmarks_v1,0a97519bd78f561a,phase_ta|phase=PHASE2|ta=ONCOLOGY,PHASE2,ONCOLOGY,,ONCOLOGY,,phase_ta,1570,38.0,73.5,135.0,216.0,False,2026-06-01T13:00:00+00:00,positive completed ACTUAL enrollment; percentiles used without winsorization,Deterministic v1 planned-enrollment benchmark; no enrollment ML model.
enrollment_benchmarks_v1,0a97519bd78f561a,phase_ta|phase=PHASE2|ta=OPHTHALMOLOGY,PHASE2,OPHTHALMOLOGY,,OPHTHALMOLOGY,,phase_ta,466,49.0,99.0,161.0,268.5,False,2026-06-01T13:00:00+00:00,positive completed ACTUAL enrollment; percentiles used without winsorization,Deterministic v1 planned-enrollment benchmark; no enrollment ML model.
enrollment_benchmarks_v1,0a97519bd78f561a,phase_ta|phase=PHASE2|ta=PSYCHIATRY,PHASE2,PSYCHIATRY,,PSYCHIATRY,,phase_ta,356,54.5,134.5,240.5,359.5,False,2026-06-01T13:00:00+00:00,positive completed ACTUAL enrollment; percentiles used without winsorization,Deterministic v1 planned-enrollment benchmark; no enrollment ML model.
enrollment_benchmarks_v1,0a97519bd78f561a,phase_ta|phase=PHASE2|ta=RENAL/UROLOGY,PHASE2,RENAL/UROLOGY,,RENAL/UROLOGY,,phase_ta,362,42.25,96.5,195.0,315.9,False,2026-06-01T13:00:00+00:00,positive completed ACTUAL enrollment; percentiles used without winsorization,Deterministic v1 planned-enrollment benchmark; no enrollment ML model.
enrollment_benchmarks_v1,0a97519bd78f561a,phase_ta|phase=PHASE2|ta=REPRODUCTIVE,PHASE2,REPRODUCTIVE,,REPRODUCTIVE,,phase_ta,144,63.5,130.5,248.5,363.8,False,2026-06-01T13:00:00+00:00,positive completed ACTUAL enrollment; percentiles used without winsorization,Deterministic v1 planned-enrollment benchmark; no enrollment ML model.
enrollment_benchmarks_v1,0a97519bd78f561a,phase_ta|phase=PHASE2|ta=RESPIRATORY,PHASE2,RESPIRATORY,,RESPIRATORY,,phase_ta,678,41.0,85.0,202.75,405.0,False,2026-06-01T13:00:00+00:00,positive completed ACTUAL enrollment; percentiles used without winsorization,Deterministic v1 planned-enrollment benchmark; no enrollment ML model.
enrollment_benchmarks_v1,0a97519bd78f561a,phase_ta|phase=PHASE2|ta=UNCLASSIFIED,PHASE2,UNCLASSIFIED,,UNCLASSIFIED,,phase_ta,32,36.0,88.5,163.25,238.6,True,2026-06-01T13:00:00+00:00,positive completed ACTUAL enrollment; percentiles used without winsorization,Deterministic v1 planned-enrollment benchmark; no enrollment ML model.
enrollment_benchmarks_v1,0a97519bd78f561a,phase_ta|phase=PHASE2/PHASE3|ta=CARDIOVASCULAR,PHASE2/PHASE3,CARDIOVASCULAR,,CARDIOVASCULAR,,phase_ta,21,81.0,314.0,399.0,673.0,True,2026-06-01T13:00:00+00:00,positive completed ACTUAL enrollment; percentiles used without winsorization,Deterministic v1 planned-enrollment benchmark; no enrollment ML model.
enrollment_benchmarks_v1,0a97519bd78f561a,phase_ta|phase=PHASE2/PHASE3|ta=DENTAL,PHASE2/PHASE3,DENTAL,,DENTAL,,phase_ta,2,100.0,100.0,100.0,100.0,True,2026-06-01T13:00:00+00:00,positive completed ACTUAL enrollment; percentiles used without winsorization,Deterministic v1 planned-enrollment benchmark; no enrollment ML model.
enrollment_benchmarks_v1,0a97519bd78f561a,phase_ta|phase=PHASE2/PHASE3|ta=DERMATOLOGY,PHASE2/PHASE3,DERMATOLOGY,,DERMATOLOGY,,phase_ta,28,81.25,145.0,301.75,462.9,True,2026-06-01T13:00:00+00:00,positive completed ACTUAL enrollment; percentiles used without winsorization,Deterministic v1 planned-enrollment benchmark; no enrollment ML model.
enrollment_benchmarks_v1,0a97519bd78f561a,phase_ta|phase=PHASE2/PHASE3|ta=EAR/NOSE/THROAT,PHASE2/PHASE3,EAR/NOSE/THROAT,,EAR/NOSE/THROAT,,phase_ta,3,135.0,155.0,268.5,336.6,True,2026-06-01T13:00:00+00:00,positive completed ACTUAL enrollment; percentiles used without winsorization,Deterministic v1 planned-enrollment benchmark; no enrollment ML model.
enrollment_benchmarks_v1,0a97519bd78f561a,phase_ta|phase=PHASE2/PHASE3|ta=GASTROINTESTINAL,PHASE2/PHASE3,GASTROINTESTINAL,,GASTROINTESTINAL,,phase_ta,39,102.5,237.0,402.5,732.4,True,2026-06-01T13:00:00+00:00,positive completed ACTUAL enrollment; percentiles used without winsorization,Deterministic v1 planned-enrollment benchmark; no enrollment ML model.
enrollment_benchmarks_v1,0a97519bd78f561a,phase_ta|phase=PHASE2/PHASE3|ta=GENETIC,PHASE2/PHASE3,GENETIC,,GENETIC,,phase_ta,17,12.0,56.0,84.0,182.6,True,2026-06-01T13:00:00+00:00,positive completed ACTUAL enrollment; percentiles used without winsorization,Deterministic v1 planned-enrollment benchmark; no enrollment ML model.
enrollment_benchmarks_v1,0a97519bd78f561a,phase_ta|phase=PHASE2/PHASE3|ta=HEMATOLOGY,PHASE2/PHASE3,HEMATOLOGY,,HEMATOLOGY,,phase_ta,21,23.0,45.0,63.0,159.0,True,2026-06-01T13:00:00+00:00,positive completed ACTUAL enrollment; percentiles used without winsorization,Deterministic v1 planned-enrollment benchmark; no enrollment ML model.
enrollment_benchmarks_v1,0a97519bd78f561a,phase_ta|phase=PHASE2/PHASE3|ta=IMMUNOLOGY,PHASE2/PHASE3,IMMUNOLOGY,,IMMUNOLOGY,,phase_ta,9,55.0,65.0,110.0,255.0,True,2026-06-01T13:00:00+00:00,positive completed ACTUAL enrollment; percentiles used without winsorization,Deterministic v1 planned-enrollment benchmark; no enrollment ML model.
enrollment_benchmarks_v1,0a97519bd78f561a,phase_ta|phase=PHASE2/PHASE3|ta=INFECTIONS,PHASE2/PHASE3,INFECTIONS,,INFECTIONS,,phase_ta,116,160.75,538.0,1581.25,3973.5,False,2026-06-01T13:00:00+00:00,positive completed ACTUAL enrollment; percentiles used without winsorization,Deterministic v1 planned-enrollment benchmark; no enrollment ML model.
enrollment_benchmarks_v1,0a97519bd78f561a,phase_ta|phase=PHASE2/PHASE3|ta=METABOLIC,PHASE2/PHASE3,METABOLIC,,METABOLIC,,phase_ta,15,63.5,143.0,453.0,749.6,True,2026-06-01T13:00:00+00:00,positive completed ACTUAL enrollment; percentiles used without winsorization,Deterministic v1 planned-enrollment benchmark; no enrollment ML model.
enrollment_benchmarks_v1,0a97519bd78f561a,phase_ta|phase=PHASE2/PHASE3|ta=MUSCULOSKELETAL,PHASE2/PHASE3,MUSCULOSKELETAL,,MUSCULOSKELETAL,,phase_ta,24,191.0,298.5,463.5,607.1,True,2026-06-01T13:00:00+00:00,positive completed ACTUAL enrollment; percentiles used without winsorization,Deterministic v1 planned-enrollment benchmark; no enrollment ML model.
enrollment_benchmarks_v1,0a97519bd78f561a,phase_ta|phase=PHASE2/PHASE3|ta=NEUROLOGY,PHASE2/PHASE3,NEUROLOGY,,NEUROLOGY,,phase_ta,56,114.25,264.5,405.5,738.5,False,2026-06-01T13:00:00+00:00,positive completed ACTUAL enrollment; percentiles used without winsorization,Deterministic v1 planned-enrollment benchmark; no enrollment ML model.
enrollment_benchmarks_v1,0a97519bd78f561a,phase_ta|phase=PHASE2/PHASE3|ta=ONCOLOGY,PHASE2/PHASE3,ONCOLOGY,,ONCOLOGY,,phase_ta,43,78.0,196.0,417.5,512.0,True,2026-06-01T13:00:00+00:00,positive completed ACTUAL enrollment; percentiles used without winsorization,Deterministic v1 planned-enrollment benchmark; no enrollment ML model.
enrollment_benchmarks_v1,0a97519bd78f561a,phase_ta|phase=PHASE2/PHASE3|ta=OPHTHALMOLOGY,PHASE2/PHASE3,OPHTHALMOLOGY,,OPHTHALMOLOGY,,phase_ta,26,104.5,269.5,442.75,508.0,True,2026-06-01T13:00:00+00:00,positive completed ACTUAL enrollment; percentiles used without winsorization,Deterministic v1 planned-enrollment benchmark; no enrollment ML model.
enrollment_benchmarks_v1,0a97519bd78f561a,phase_ta|phase=PHASE2/PHASE3|ta=PSYCHIATRY,PHASE2/PHASE3,PSYCHIATRY,,PSYCHIATRY,,phase_ta,31,127.0,254.0,404.0,507.0,True,2026-06-01T13:00:00+00:00,positive completed ACTUAL enrollment; percentiles used without winsorization,Deterministic v1 planned-enrollment benchmark; no enrollment ML model.
enrollment_benchmarks_v1,0a97519bd78f561a,phase_ta|phase=PHASE2/PHASE3|ta=RENAL/UROLOGY,PHASE2/PHASE3,RENAL/UROLOGY,,RENAL/UROLOGY,,phase_ta,24,96.75,206.5,387.75,583.3,True,2026-06-01T13:00:00+00:00,positive completed ACTUAL enrollment; percentiles used without winsorization,Deterministic v1 planned-enrollment benchmark; no enrollment ML model.
enrollment_benchmarks_v1,0a97519bd78f561a,phase_ta|phase=PHASE2/PHASE3|ta=REPRODUCTIVE,PHASE2/PHASE3,REPRODUCTIVE,,REPRODUCTIVE,,phase_ta,5,60.0,60.0,68.0,118.4,True,2026-06-01T13:00:00+00:00,positive completed ACTUAL enrollment; percentiles used without winsorization,Deterministic v1 planned-enrollment benchmark; no enrollment ML model.
enrollment_benchmarks_v1,0a97519bd78f561a,phase_ta|phase=PHASE2/PHASE3|ta=RESPIRATORY,PHASE2/PHASE3,RESPIRATORY,,RESPIRATORY,,phase_ta,25,102.0,198.0,565.0,924.2,True,2026-06-01T13:00:00+00:00,positive completed ACTUAL enrollment; percentiles used without winsorization,Deterministic v1 planned-enrollment benchmark; no enrollment ML model.
enrollment_benchmarks_v1,0a97519bd78f561a,phase_ta|phase=PHASE2/PHASE3|ta=UNCLASSIFIED,PHASE2/PHASE3,UNCLASSIFIED,,UNCLASSIFIED,,phase_ta,6,76.75,281.5,444.25,452.0,True,2026-06-01T13:00:00+00:00,positive completed ACTUAL enrollment; percentiles used without winsorization,Deterministic v1 planned-enrollment benchmark; no enrollment ML model.
enrollment_benchmarks_v1,0a97519bd78f561a,phase_ta|phase=PHASE3|ta=CARDIOVASCULAR,PHASE3,CARDIOVASCULAR,,CARDIOVASCULAR,,phase_ta,550,146.5,290.0,660.25,2435.5,False,2026-06-01T13:00:00+00:00,positive completed ACTUAL enrollment; percentiles used without winsorization,Deterministic v1 planned-enrollment benchmark; no enrollment ML model.
enrollment_benchmarks_v1,0a97519bd78f561a,phase_ta|phase=PHASE3|ta=DENTAL,PHASE3,DENTAL,,DENTAL,,phase_ta,104,80.0,119.0,295.5,512.8,False,2026-06-01T13:00:00+00:00,positive completed ACTUAL enrollment; percentiles used without winsorization,Deterministic v1 planned-enrollment benchmark; no enrollment ML model.
enrollment_benchmarks_v1,0a97519bd78f561a,phase_ta|phase=PHASE3|ta=DERMATOLOGY,PHASE3,DERMATOLOGY,,DERMATOLOGY,,phase_ta,789,203.0,375.0,604.0,891.4,False,2026-06-01T13:00:00+00:00,positive completed ACTUAL enrollment; percentiles used without winsorization,Deterministic v1 planned-enrollment benchmark; no enrollment ML model.
enrollment_benchmarks_v1,0a97519bd78f561a,phase_ta|phase=PHASE3|ta=EAR/NOSE/THROAT,PHASE3,EAR/NOSE/THROAT,,EAR/NOSE/THROAT,,phase_ta,45,166.0,266.0,455.0,554.6,True,2026-06-01T13:00:00+00:00,positive completed ACTUAL enrollment; percentiles used without winsorization,Deterministic v1 planned-enrollment benchmark; no enrollment ML model.
enrollment_benchmarks_v1,0a97519bd78f561a,phase_ta|phase=PHASE3|ta=GASTROINTESTINAL,PHASE3,GASTROINTESTINAL,,GASTROINTESTINAL,,phase_ta,650,123.25,281.0,500.0,769.1,False,2026-06-01T13:00:00+00:00,positive completed ACTUAL enrollment; percentiles used without winsorization,Deterministic v1 planned-enrollment benchmark; no enrollment ML model.
enrollment_benchmarks_v1,0a97519bd78f561a,phase_ta|phase=PHASE3|ta=GENETIC,PHASE3,GENETIC,,GENETIC,,phase_ta,146,24.25,64.0,125.0,199.0,False,2026-06-01T13:00:00+00:00,positive completed ACTUAL enrollment; percentiles used without winsorization,Deterministic v1 planned-enrollment benchmark; no enrollment ML model.
enrollment_benchmarks_v1,0a97519bd78f561a,phase_ta|phase=PHASE3|ta=HEMATOLOGY,PHASE3,HEMATOLOGY,,HEMATOLOGY,,phase_ta,262,38.25,79.5,168.75,280.1,False,2026-06-01T13:00:00+00:00,positive completed ACTUAL enrollment; percentiles used without winsorization,Deterministic v1 planned-enrollment benchmark; no enrollment ML model.
enrollment_benchmarks_v1,0a97519bd78f561a,phase_ta|phase=PHASE3|ta=IMMUNOLOGY,PHASE3,IMMUNOLOGY,,IMMUNOLOGY,,phase_ta,117,31.0,100.0,251.0,556.6,False,2026-06-01T13:00:00+00:00,positive completed ACTUAL enrollment; percentiles used without winsorization,Deterministic v1 planned-enrollment benchmark; no enrollment ML model.
enrollment_benchmarks_v1,0a97519bd78f561a,phase_ta|phase=PHASE3|ta=INFECTIONS,PHASE3,INFECTIONS,,INFECTIONS,,phase_ta,1079,234.0,555.0,1215.0,3139.6,False,2026-06-01T13:00:00+00:00,positive completed ACTUAL enrollment; percentiles used without winsorization,Deterministic v1 planned-enrollment benchmark; no enrollment ML model.
enrollment_benchmarks_v1,0a97519bd78f561a,phase_ta|phase=PHASE3|ta=METABOLIC,PHASE3,METABOLIC,,METABOLIC,,phase_ta,835,180.0,367.0,624.5,1020.0,False,2026-06-01T13:00:00+00:00,positive completed ACTUAL enrollment; percentiles used without winsorization,Deterministic v1 planned-enrollment benchmark; no enrollment ML model.
enrollment_benchmarks_v1,0a97519bd78f561a,phase_ta|phase=PHASE3|ta=MUSCULOSKELETAL,PHASE3,MUSCULOSKELETAL,,MUSCULOSKELETAL,,phase_ta,699,165.5,313.0,519.0,849.0,False,2026-06-01T13:00:00+00:00,positive completed ACTUAL enrollment; percentiles used without winsorization,Deterministic v1 planned-enrollment benchmark; no enrollment ML model.
enrollment_benchmarks_v1,0a97519bd78f561a,phase_ta|phase=PHASE3|ta=NEUROLOGY,PHASE3,NEUROLOGY,,NEUROLOGY,,phase_ta,663,125.5,236.0,474.0,928.8,False,2026-06-01T13:00:00+00:00,positive completed ACTUAL enrollment; percentiles used without winsorization,Deterministic v1 planned-enrollment benchmark; no enrollment ML model.
enrollment_benchmarks_v1,0a97519bd78f561a,phase_ta|phase=PHASE3|ta=ONCOLOGY,PHASE3,ONCOLOGY,,ONCOLOGY,,phase_ta,939,214.0,421.0,654.5,929.4,False,2026-06-01T13:00:00+00:00,positive completed ACTUAL enrollment; percentiles used without winsorization,Deterministic v1 planned-enrollment benchmark; no enrollment ML model.
enrollment_benchmarks_v1,0a97519bd78f561a,phase_ta|phase=PHASE3|ta=OPHTHALMOLOGY,PHASE3,OPHTHALMOLOGY,,OPHTHALMOLOGY,,phase_ta,477,148.0,283.0,467.0,706.2,False,2026-06-01T13:00:00+00:00,positive completed ACTUAL enrollment; percentiles used without winsorization,Deterministic v1 planned-enrollment benchmark; no enrollment ML model.
enrollment_benchmarks_v1,0a97519bd78f561a,phase_ta|phase=PHASE3|ta=PSYCHIATRY,PHASE3,PSYCHIATRY,,PSYCHIATRY,,phase_ta,453,201.0,380.0,580.0,768.6,False,2026-06-01T13:00:00+00:00,positive completed ACTUAL enrollment; percentiles used without winsorization,Deterministic v1 planned-enrollment benchmark; no enrollment ML model.
enrollment_benchmarks_v1,0a97519bd78f561a,phase_ta|phase=PHASE3|ta=RENAL/UROLOGY,PHASE3,RENAL/UROLOGY,,RENAL/UROLOGY,,phase_ta,378,151.25,294.5,555.25,1071.8,False,2026-06-01T13:00:00+00:00,positive completed ACTUAL enrollment; percentiles used without winsorization,Deterministic v1 planned-enrollment benchmark; no enrollment ML model.
enrollment_benchmarks_v1,0a97519bd78f561a,phase_ta|phase=PHASE3|ta=REPRODUCTIVE,PHASE3,REPRODUCTIVE,,REPRODUCTIVE,,phase_ta,213,186.0,388.0,653.0,1309.2,False,2026-06-01T13:00:00+00:00,positive completed ACTUAL enrollment; percentiles used without winsorization,Deterministic v1 planned-enrollment benchmark; no enrollment ML model.
enrollment_benchmarks_v1,0a97519bd78f561a,phase_ta|phase=PHASE3|ta=RESPIRATORY,PHASE3,RESPIRATORY,,RESPIRATORY,,phase_ta,664,194.75,405.5,811.25,1473.3,False,2026-06-01T13:00:00+00:00,positive completed ACTUAL enrollment; percentiles used without winsorization,Deterministic v1 planned-enrollment benchmark; no enrollment ML model.
enrollment_benchmarks_v1,0a97519bd78f561a,phase_ta|phase=PHASE3|ta=UNCLASSIFIED,PHASE3,UNCLASSIFIED,,UNCLASSIFIED,,phase_ta,58,76.0,196.0,329.25,466.2,False,2026-06-01T13:00:00+00:00,positive completed ACTUAL enrollment; percentiles used without winsorization,Deterministic v1 planned-enrollment benchmark; no enrollment ML model.
enrollment_benchmarks_v1,0a97519bd78f561a,phase_ta_rare|phase=PHASE1/PHASE2|ta=CARDIOVASCULAR|rare=0,PHASE1/PHASE2,CARDIOVASCULAR,,CARDIOVASCULAR,0,phase_ta_rare,44,16.0,30.5,55.75,120.0,True,2026-06-01T13:00:00+00:00,positive completed ACTUAL enrollment; percentiles used without winsorization,Deterministic v1 planned-enrollment benchmark; no enrollment ML model.
enrollment_benchmarks_v1,0a97519bd78f561a,phase_ta_rare|phase=PHASE1/PHASE2|ta=CARDIOVASCULAR|rare=1,PHASE1/PHASE2,CARDIOVASCULAR,,CARDIOVASCULAR,1,phase_ta_rare,5,20.0,22.0,27.0,32.4,True,2026-06-01T13:00:00+00:00,positive completed ACTUAL enrollment; percentiles used without winsorization,Deterministic v1 planned-enrollment benchmark; no enrollment ML model.
enrollment_benchmarks_v1,0a97519bd78f561a,phase_ta_rare|phase=PHASE1/PHASE2|ta=DENTAL|rare=0,PHASE1/PHASE2,DENTAL,,DENTAL,0,phase_ta_rare,5,27.0,39.0,40.0,92.2,True,2026-06-01T13:00:00+00:00,positive completed ACTUAL enrollment; percentiles used without winsorization,Deterministic v1 planned-enrollment benchmark; no enrollment ML model.
enrollment_benchmarks_v1,0a97519bd78f561a,phase_ta_rare|phase=PHASE1/PHASE2|ta=DERMATOLOGY|rare=0,PHASE1/PHASE2,DERMATOLOGY,,DERMATOLOGY,0,phase_ta_rare,96,27.5,50.5,104.0,212.0,False,2026-06-01T13:00:00+00:00,positive completed ACTUAL enrollment; percentiles used without winsorization,Deterministic v1 planned-enrollment benchmark; no enrollment ML model.
enrollment_benchmarks_v1,0a97519bd78f561a,phase_ta_rare|phase=PHASE1/PHASE2|ta=DERMATOLOGY|rare=1,PHASE1/PHASE2,DERMATOLOGY,,DERMATOLOGY,1,phase_ta_rare,6,11.25,12.0,15.0,33.0,True,2026-06-01T13:00:00+00:00,positive completed ACTUAL enrollment; percentiles used without winsorization,Deterministic v1 planned-enrollment benchmark; no enrollment ML model.
enrollment_benchmarks_v1,0a97519bd78f561a,phase_ta_rare|phase=PHASE1/PHASE2|ta=EAR/NOSE/THROAT|rare=0,PHASE1/PHASE2,EAR/NOSE/THROAT,,EAR/NOSE/THROAT,0,phase_ta_rare,8,26.75,35.5,45.0,68.7,True,2026-06-01T13:00:00+00:00,positive completed ACTUAL enrollment; percentiles used without winsorization,Deterministic v1 planned-enrollment benchmark; no enrollment ML model.
enrollment_benchmarks_v1,0a97519bd78f561a,phase_ta_rare|phase=PHASE1/PHASE2|ta=GASTROINTESTINAL|rare=0,PHASE1/PHASE2,GASTROINTESTINAL,,GASTROINTESTINAL,0,phase_ta_rare,59,24.0,40.0,74.0,130.4,False,2026-06-01T13:00:00+00:00,positive completed ACTUAL enrollment; percentiles used without winsorization,Deterministic v1 planned-enrollment benchmark; no enrollment ML model.
enrollment_benchmarks_v1,0a97519bd78f561a,phase_ta_rare|phase=PHASE1/PHASE2|ta=GASTROINTESTINAL|rare=1,PHASE1/PHASE2,GASTROINTESTINAL,,GASTROINTESTINAL,1,phase_ta_rare,8,8.75,18.0,36.75,42.3,True,2026-06-01T13:00:00+00:00,positive completed ACTUAL enrollment; percentiles used without winsorization,Deterministic v1 planned-enrollment benchmark; no enrollment ML model.
enrollment_benchmarks_v1,0a97519bd78f561a,phase_ta_rare|phase=PHASE1/PHASE2|ta=GENETIC|rare=0,PHASE1/PHASE2,GENETIC,,GENETIC,0,phase_ta_rare,1,40.0,40.0,40.0,40.0,True,2026-06-01T13:00:00+00:00,positive completed ACTUAL enrollment; percentiles used without winsorization,Deterministic v1 planned-enrollment benchmark; no enrollment ML model.
enrollment_benchmarks_v1,0a97519bd78f561a,phase_ta_rare|phase=PHASE1/PHASE2|ta=GENETIC|rare=1,PHASE1/PHASE2,GENETIC,,GENETIC,1,phase_ta_rare,57,10.0,16.0,24.0,44.0,False,2026-06-01T13:00:00+00:00,positive completed ACTUAL enrollment; percentiles used without winsorization,Deterministic v1 planned-enrollment benchmark; no enrollment ML model.
enrollment_benchmarks_v1,0a97519bd78f561a,phase_ta_rare|phase=PHASE1/PHASE2|ta=HEMATOLOGY|rare=0,PHASE1/PHASE2,HEMATOLOGY,,HEMATOLOGY,0,phase_ta_rare,39,30.5,45.0,66.0,92.0,True,2026-06-01T13:00:00+00:00,positive completed ACTUAL enrollment; percentiles used without winsorization,Deterministic v1 planned-enrollment benchmark; no enrollment ML model.
enrollment_benchmarks_v1,0a97519bd78f561a,phase_ta_rare|phase=PHASE1/PHASE2|ta=HEMATOLOGY|rare=1,PHASE1/PHASE2,HEMATOLOGY,,HEMATOLOGY,1,phase_ta_rare,44,15.75,25.5,56.0,87.6,True,2026-06-01T13:00:00+00:00,positive completed ACTUAL enrollment; percentiles used without winsorization,Deterministic v1 planned-enrollment benchmark; no enrollment ML model.
enrollment_benchmarks_v1,0a97519bd78f561a,phase_ta_rare|phase=PHASE1/PHASE2|ta=IMMUNOLOGY|rare=0,PHASE1/PHASE2,IMMUNOLOGY,,IMMUNOLOGY,0,phase_ta_rare,11,26.0,30.0,89.0,143.0,True,2026-06-01T13:00:00+00:00,positive completed ACTUAL enrollment; percentiles used without winsorization,Deterministic v1 planned-enrollment benchmark; no enrollment ML model.
enrollment_benchmarks_v1,0a97519bd78f561a,phase_ta_rare|phase=PHASE1/PHASE2|ta=IMMUNOLOGY|rare=1,PHASE1/PHASE2,IMMUNOLOGY,,IMMUNOLOGY,1,phase_ta_rare,13,20.0,30.0,45.0,68.0,True,2026-06-01T13:00:00+00:00,positive completed ACTUAL enrollment; percentiles used without winsorization,Deterministic v1 planned-enrollment benchmark; no enrollment ML model.
enrollment_benchmarks_v1,0a97519bd78f561a,phase_ta_rare|phase=PHASE1/PHASE2|ta=INFECTIONS|rare=0,PHASE1/PHASE2,INFECTIONS,,INFECTIONS,0,phase_ta_rare,236,48.0,142.5,407.25,781.0,False,2026-06-01T13:00:00+00:00,positive completed ACTUAL enrollment; percentiles used without winsorization,Deterministic v1 planned-enrollment benchmark; no enrollment ML model.
enrollment_benchmarks_v1,0a97519bd78f561a,phase_ta_rare|phase=PHASE1/PHASE2|ta=INFECTIONS|rare=1,PHASE1/PHASE2,INFECTIONS,,INFECTIONS,1,phase_ta_rare,3,52.0,96.0,112.5,122.4,True,2026-06-01T13:00:00+00:00,positive completed ACTUAL enrollment; percentiles used without winsorization,Deterministic v1 planned-enrollment benchmark; no enrollment ML model.
enrollment_benchmarks_v1,0a97519bd78f561a,phase_ta_rare|phase=PHASE1/PHASE2|ta=METABOLIC|rare=0,PHASE1/PHASE2,METABOLIC,,METABOLIC,0,phase_ta_rare,64,24.75,45.5,81.75,132.6,False,2026-06-01T13:00:00+00:00,positive completed ACTUAL enrollment; percentiles used without winsorization,Deterministic v1 planned-enrollment benchmark; no enrollment ML model.
enrollment_benchmarks_v1,0a97519bd78f561a,phase_ta_rare|phase=PHASE1/PHASE2|ta=METABOLIC|rare=1,PHASE1/PHASE2,METABOLIC,,METABOLIC,1,phase_ta_rare,5,12.0,20.0,30.0,91.2,True,2026-06-01T13:00:00+00:00,positive completed ACTUAL enrollment; percentiles used without winsorization,Deterministic v1 planned-enrollment benchmark; no enrollment ML model.
enrollment_benchmarks_v1,0a97519bd78f561a,phase_ta_rare|phase=PHASE1/PHASE2|ta=MUSCULOSKELETAL|rare=0,PHASE1/PHASE2,MUSCULOSKELETAL,,MUSCULOSKELETAL,0,phase_ta_rare,72,24.0,40.0,70.75,138.1,False,2026-06-01T13:00:00+00:00,positive completed ACTUAL enrollment; percentiles used without winsorization,Deterministic v1 planned-enrollment benchmark; no enrollment ML model.
enrollment_benchmarks_v1,0a97519bd78f561a,phase_ta_rare|phase=PHASE1/PHASE2|ta=MUSCULOSKELETAL|rare=1,PHASE1/PHASE2,MUSCULOSKELETAL,,MUSCULOSKELETAL,1,phase_ta_rare,19,8.5,19.0,39.0,52.4,True,2026-06-01T13:00:00+00:00,positive completed ACTUAL enrollment; percentiles used without winsorization,Deterministic v1 planned-enrollment benchmark; no enrollment ML model.
enrollment_benchmarks_v1,0a97519bd78f561a,phase_ta_rare|phase=PHASE1/PHASE2|ta=NEUROLOGY|rare=0,PHASE1/PHASE2,NEUROLOGY,,NEUROLOGY,0,phase_ta_rare,67,18.5,31.0,46.5,65.0,False,2026-06-01T13:00:00+00:00,positive completed ACTUAL enrollment; percentiles used without winsorization,Deterministic v1 planned-enrollment benchmark; no enrollment ML model.
enrollment_benchmarks_v1,0a97519bd78f561a,phase_ta_rare|phase=PHASE1/PHASE2|ta=NEUROLOGY|rare=1,PHASE1/PHASE2,NEUROLOGY,,NEUROLOGY,1,phase_ta_rare,20,15.0,23.5,41.5,53.0,True,2026-06-01T13:00:00+00:00,positive completed ACTUAL enrollment; percentiles used without winsorization,Deterministic v1 planned-enrollment benchmark; no enrollment ML model.
enrollment_benchmarks_v1,0a97519bd78f561a,phase_ta_rare|phase=PHASE1/PHASE2|ta=ONCOLOGY|rare=0,PHASE1/PHASE2,ONCOLOGY,,ONCOLOGY,0,phase_ta_rare,716,30.0,62.0,127.0,225.5,False,2026-06-01T13:00:00+00:00,positive completed ACTUAL enrollment; percentiles used without winsorization,Deterministic v1 planned-enrollment benchmark; no enrollment ML model.
enrollment_benchmarks_v1,0a97519bd78f561a,phase_ta_rare|phase=PHASE1/PHASE2|ta=ONCOLOGY|rare=1,PHASE1/PHASE2,ONCOLOGY,,ONCOLOGY,1,phase_ta_rare,36,19.75,46.0,72.75,143.5,True,2026-06-01T13:00:00+00:00,positive completed ACTUAL enrollment; percentiles used without winsorization,Deterministic v1 planned-enrollment benchmark; no enrollment ML model.
enrollment_benchmarks_v1,0a97519bd78f561a,phase_ta_rare|phase=PHASE1/PHASE2|ta=OPHTHALMOLOGY|rare=0,PHASE1/PHASE2,OPHTHALMOLOGY,,OPHTHALMOLOGY,0,phase_ta_rare,87,26.0,55.0,104.5,155.8,False,2026-06-01T13:00:00+00:00,positive completed ACTUAL enrollment; percentiles used without winsorization,Deterministic v1 planned-enrollment benchmark; no enrollment ML model.
enrollment_benchmarks_v1,0a97519bd78f561a,phase_ta_rare|phase=PHASE1/PHASE2|ta=OPHTHALMOLOGY|rare=1,PHASE1/PHASE2,OPHTHALMOLOGY,,OPHTHALMOLOGY,1,phase_ta_rare,26,13.0,19.5,46.25,110.5,True,2026-06-01T13:00:00+00:00,positive completed ACTUAL enrollment; percentiles used without winsorization,Deterministic v1 planned-enrollment benchmark; no enrollment ML model.
enrollment_benchmarks_v1,0a97519bd78f561a,phase_ta_rare|phase=PHASE1/PHASE2|ta=PSYCHIATRY|rare=0,PHASE1/PHASE2,PSYCHIATRY,,PSYCHIATRY,0,phase_ta_rare,35,28.0,51.0,73.5,158.0,True,2026-06-01T13:00:00+00:00,positive completed ACTUAL enrollment; percentiles used without winsorization,Deterministic v1 planned-enrollment benchmark; no enrollment ML model.
enrollment_benchmarks_v1,0a97519bd78f561a,phase_ta_rare|phase=PHASE1/PHASE2|ta=RENAL/UROLOGY|rare=0,PHASE1/PHASE2,RENAL/UROLOGY,,RENAL/UROLOGY,0,phase_ta_rare,39,21.0,31.0,46.5,85.0,True,2026-06-01T13:00:00+00:00,positive completed ACTUAL enrollment; percentiles used without winsorization,Deterministic v1 planned-enrollment benchmark; no enrollment ML model.
enrollment_benchmarks_v1,0a97519bd78f561a,phase_ta_rare|phase=PHASE1/PHASE2|ta=RENAL/UROLOGY|rare=1,PHASE1/PHASE2,RENAL/UROLOGY,,RENAL/UROLOGY,1,phase_ta_rare,6,22.0,40.0,59.5,65.5,True,2026-06-01T13:00:00+00:00,positive completed ACTUAL enrollment; percentiles used without winsorization,Deterministic v1 planned-enrollment benchmark; no enrollment ML model.
enrollment_benchmarks_v1,0a97519bd78f561a,phase_ta_rare|phase=PHASE1/PHASE2|ta=REPRODUCTIVE|rare=0,PHASE1/PHASE2,REPRODUCTIVE,,REPRODUCTIVE,0,phase_ta_rare,16,33.25,48.0,58.0,140.0,True,2026-06-01T13:00:00+00:00,positive completed ACTUAL enrollment; percentiles used without winsorization,Deterministic v1 planned-enrollment benchmark; no enrollment ML model.
enrollment_benchmarks_v1,0a97519bd78f561a,phase_ta_rare|phase=PHASE1/PHASE2|ta=RESPIRATORY|rare=0,PHASE1/PHASE2,RESPIRATORY,,RESPIRATORY,0,phase_ta_rare,48,25.5,47.5,75.0,105.9,True,2026-06-01T13:00:00+00:00,positive completed ACTUAL enrollment; percentiles used without winsorization,Deterministic v1 planned-enrollment benchmark; no enrollment ML model.
enrollment_benchmarks_v1,0a97519bd78f561a,phase_ta_rare|phase=PHASE1/PHASE2|ta=RESPIRATORY|rare=1,PHASE1/PHASE2,RESPIRATORY,,RESPIRATORY,1,phase_ta_rare,15,16.5,29.0,45.0,135.4,True,2026-06-01T13:00:00+00:00,positive completed ACTUAL enrollment; percentiles used without winsorization,Deterministic v1 planned-enrollment benchmark; no enrollment ML model.
enrollment_benchmarks_v1,0a97519bd78f561a,phase_ta_rare|phase=PHASE1/PHASE2|ta=UNCLASSIFIED|rare=0,PHASE1/PHASE2,UNCLASSIFIED,,UNCLASSIFIED,0,phase_ta_rare,1,65.0,65.0,65.0,65.0,True,2026-06-01T13:00:00+00:00,positive completed ACTUAL enrollment; percentiles used without winsorization,Deterministic v1 planned-enrollment benchmark; no enrollment ML model.
enrollment_benchmarks_v1,0a97519bd78f561a,phase_ta_rare|phase=PHASE2|ta=CARDIOVASCULAR|rare=0,PHASE2,CARDIOVASCULAR,,CARDIOVASCULAR,0,phase_ta_rare,406,48.0,108.0,248.75,426.5,False,2026-06-01T13:00:00+00:00,positive completed ACTUAL enrollment; percentiles used without winsorization,Deterministic v1 planned-enrollment benchmark; no enrollment ML model.
enrollment_benchmarks_v1,0a97519bd78f561a,phase_ta_rare|phase=PHASE2|ta=CARDIOVASCULAR|rare=1,PHASE2,CARDIOVASCULAR,,CARDIOVASCULAR,1,phase_ta_rare,33,20.0,26.0,59.0,93.2,True,2026-06-01T13:00:00+00:00,positive completed ACTUAL enrollment; percentiles used without winsorization,Deterministic v1 planned-enrollment benchmark; no enrollment ML model.
enrollment_benchmarks_v1,0a97519bd78f561a,phase_ta_rare|phase=PHASE2|ta=DENTAL|rare=0,PHASE2,DENTAL,,DENTAL,0,phase_ta_rare,80,60.0,112.5,193.75,275.9,False,2026-06-01T13:00:00+00:00,positive completed ACTUAL enrollment; percentiles used without winsorization,Deterministic v1 planned-enrollment benchmark; no enrollment ML model.
enrollment_benchmarks_v1,0a97519bd78f561a,phase_ta_rare|phase=PHASE2|ta=DENTAL|rare=1,PHASE2,DENTAL,,DENTAL,1,phase_ta_rare,1,41.0,41.0,41.0,41.0,True,2026-06-01T13:00:00+00:00,positive completed ACTUAL enrollment; percentiles used without winsorization,Deterministic v1 planned-enrollment benchmark; no enrollment ML model.
enrollment_benchmarks_v1,0a97519bd78f561a,phase_ta_rare|phase=PHASE2|ta=DERMATOLOGY|rare=0,PHASE2,DERMATOLOGY,,DERMATOLOGY,0,phase_ta_rare,815,43.0,98.0,194.0,270.6,False,2026-06-01T13:00:00+00:00,positive completed ACTUAL enrollment; percentiles used without winsorization,Deterministic v1 planned-enrollment benchmark; no enrollment ML model.
enrollment_benchmarks_v1,0a97519bd78f561a,phase_ta_rare|phase=PHASE2|ta=DERMATOLOGY|rare=1,PHASE2,DERMATOLOGY,,DERMATOLOGY,1,phase_ta_rare,36,10.75,33.5,49.5,151.0,True,2026-06-01T13:00:00+00:00,positive completed ACTUAL enrollment; percentiles used without winsorization,Deterministic v1 planned-enrollment benchmark; no enrollment ML model.
enrollment_benchmarks_v1,0a97519bd78f561a,phase_ta_rare|phase=PHASE2|ta=EAR/NOSE/THROAT|rare=0,PHASE2,EAR/NOSE/THROAT,,EAR/NOSE/THROAT,0,phase_ta_rare,45,40.0,82.0,126.0,169.6,True,2026-06-01T13:00:00+00:00,positive completed ACTUAL enrollment; percentiles used without winsorization,Deterministic v1 planned-enrollment benchmark; no enrollment ML model.
enrollment_benchmarks_v1,0a97519bd78f561a,phase_ta_rare|phase=PHASE2|ta=EAR/NOSE/THROAT|rare=1,PHASE2,EAR/NOSE/THROAT,,EAR/NOSE/THROAT,1,phase_ta_rare,1,40.0,40.0,40.0,40.0,True,2026-06-01T13:00:00+00:00,positive completed ACTUAL enrollment; percentiles used without winsorization,Deterministic v1 planned-enrollment benchmark; no enrollment ML model.
enrollment_benchmarks_v1,0a97519bd78f561a,phase_ta_rare|phase=PHASE2|ta=GASTROINTESTINAL|rare=0,PHASE2,GASTROINTESTINAL,,GASTROINTESTINAL,0,phase_ta_rare,732,47.0,98.5,189.0,306.8,False,2026-06-01T13:00:00+00:00,positive completed ACTUAL enrollment; percentiles used without winsorization,Deterministic v1 planned-enrollment benchmark; no enrollment ML model.
enrollment_benchmarks_v1,0a97519bd78f561a,phase_ta_rare|phase=PHASE2|ta=GASTROINTESTINAL|rare=1,PHASE2,GASTROINTESTINAL,,GASTROINTESTINAL,1,phase_ta_rare,47,23.0,36.0,71.0,112.4,True,2026-06-01T13:00:00+00:00,positive completed ACTUAL enrollment; percentiles used without winsorization,Deterministic v1 planned-enrollment benchmark; no enrollment ML model.
enrollment_benchmarks_v1,0a97519bd78f561a,phase_ta_rare|phase=PHASE2|ta=GENETIC|rare=0,PHASE2,GENETIC,,GENETIC,0,phase_ta_rare,6,39.0,50.5,70.25,124.5,True,2026-06-01T13:00:00+00:00,positive completed ACTUAL enrollment; percentiles used without winsorization,Deterministic v1 planned-enrollment benchmark; no enrollment ML model.
enrollment_benchmarks_v1,0a97519bd78f561a,phase_ta_rare|phase=PHASE2|ta=GENETIC|rare=1,PHASE2,GENETIC,,GENETIC,1,phase_ta_rare,116,12.75,25.0,46.25,77.0,False,2026-06-01T13:00:00+00:00,positive completed ACTUAL enrollment; percentiles used without winsorization,Deterministic v1 planned-enrollment benchmark; no enrollment ML model.
enrollment_benchmarks_v1,0a97519bd78f561a,phase_ta_rare|phase=PHASE2|ta=HEMATOLOGY|rare=0,PHASE2,HEMATOLOGY,,HEMATOLOGY,0,phase_ta_rare,74,26.5,56.5,96.75,194.4,False,2026-06-01T13:00:00+00:00,positive completed ACTUAL enrollment; percentiles used without winsorization,Deterministic v1 planned-enrollment benchmark; no enrollment ML model.
enrollment_benchmarks_v1,0a97519bd78f561a,phase_ta_rare|phase=PHASE2|ta=HEMATOLOGY|rare=1,PHASE2,HEMATOLOGY,,HEMATOLOGY,1,phase_ta_rare,141,20.0,34.0,61.0,106.0,False,2026-06-01T13:00:00+00:00,positive completed ACTUAL enrollment; percentiles used without winsorization,Deterministic v1 planned-enrollment benchmark; no enrollment ML model.
enrollment_benchmarks_v1,0a97519bd78f561a,phase_ta_rare|phase=PHASE2|ta=IMMUNOLOGY|rare=0,PHASE2,IMMUNOLOGY,,IMMUNOLOGY,0,phase_ta_rare,62,49.5,115.5,257.25,360.8,False,2026-06-01T13:00:00+00:00,positive completed ACTUAL enrollment; percentiles used without winsorization,Deterministic v1 planned-enrollment benchmark; no enrollment ML model.
enrollment_benchmarks_v1,0a97519bd78f561a,phase_ta_rare|phase=PHASE2|ta=IMMUNOLOGY|rare=1,PHASE2,IMMUNOLOGY,,IMMUNOLOGY,1,phase_ta_rare,72,20.75,32.5,75.0,179.0,False,2026-06-01T13:00:00+00:00,positive completed ACTUAL enrollment; percentiles used without winsorization,Deterministic v1 planned-enrollment benchmark; no enrollment ML model.
enrollment_benchmarks_v1,0a97519bd78f561a,phase_ta_rare|phase=PHASE2|ta=INFECTIONS|rare=0,PHASE2,INFECTIONS,,INFECTIONS,0,phase_ta_rare,861,64.0,150.0,360.0,720.0,False,2026-06-01T13:00:00+00:00,positive completed ACTUAL enrollment; percentiles used without winsorization,Deterministic v1 planned-enrollment benchmark; no enrollment ML model.
enrollment_benchmarks_v1,0a97519bd78f561a,phase_ta_rare|phase=PHASE2|ta=INFECTIONS|rare=1,PHASE2,INFECTIONS,,INFECTIONS,1,phase_ta_rare,12,75.5,171.5,583.5,1027.5,True,2026-06-01T13:00:00+00:00,positive completed ACTUAL enrollment; percentiles used without winsorization,Deterministic v1 planned-enrollment benchmark; no enrollment ML model.
enrollment_benchmarks_v1,0a97519bd78f561a,phase_ta_rare|phase=PHASE2|ta=METABOLIC|rare=0,PHASE2,METABOLIC,,METABOLIC,0,phase_ta_rare,524,54.75,117.5,254.25,401.8,False,2026-06-01T13:00:00+00:00,positive completed ACTUAL enrollment; percentiles used without winsorization,Deterministic v1 planned-enrollment benchmark; no enrollment ML model.
enrollment_benchmarks_v1,0a97519bd78f561a,phase_ta_rare|phase=PHASE2|ta=METABOLIC|rare=1,PHASE2,METABOLIC,,METABOLIC,1,phase_ta_rare,45,13.0,27.0,45.0,102.4,True,2026-06-01T13:00:00+00:00,positive completed ACTUAL enrollment; percentiles used without winsorization,Deterministic v1 planned-enrollment benchmark; no enrollment ML model.
enrollment_benchmarks_v1,0a97519bd78f561a,phase_ta_rare|phase=PHASE2|ta=MUSCULOSKELETAL|rare=0,PHASE2,MUSCULOSKELETAL,,MUSCULOSKELETAL,0,phase_ta_rare,508,66.75,130.5,230.25,342.2,False,2026-06-01T13:00:00+00:00,positive completed ACTUAL enrollment; percentiles used without winsorization,Deterministic v1 planned-enrollment benchmark; no enrollment ML model.
enrollment_benchmarks_v1,0a97519bd78f561a,phase_ta_rare|phase=PHASE2|ta=MUSCULOSKELETAL|rare=1,PHASE2,MUSCULOSKELETAL,,MUSCULOSKELETAL,1,phase_ta_rare,47,14.5,32.0,51.0,69.2,True,2026-06-01T13:00:00+00:00,positive completed ACTUAL enrollment; percentiles used without winsorization,Deterministic v1 planned-enrollment benchmark; no enrollment ML model.
enrollment_benchmarks_v1,0a97519bd78f561a,phase_ta_rare|phase=PHASE2|ta=NEUROLOGY|rare=0,PHASE2,NEUROLOGY,,NEUROLOGY,0,phase_ta_rare,572,39.0,96.5,200.0,360.0,False,2026-06-01T13:00:00+00:00,positive completed ACTUAL enrollment; percentiles used without winsorization,Deterministic v1 planned-enrollment benchmark; no enrollment ML model.
enrollment_benchmarks_v1,0a97519bd78f561a,phase_ta_rare|phase=PHASE2|ta=NEUROLOGY|rare=1,PHASE2,NEUROLOGY,,NEUROLOGY,1,phase_ta_rare,143,29.0,46.0,89.0,158.2,False,2026-06-01T13:00:00+00:00,positive completed ACTUAL enrollment; percentiles used without winsorization,Deterministic v1 planned-enrollment benchmark; no enrollment ML model.
enrollment_benchmarks_v1,0a97519bd78f561a,phase_ta_rare|phase=PHASE2|ta=ONCOLOGY|rare=0,PHASE2,ONCOLOGY,,ONCOLOGY,0,phase_ta_rare,1422,40.0,77.0,139.75,222.0,False,2026-06-01T13:00:00+00:00,positive completed ACTUAL enrollment; percentiles used without winsorization,Deterministic v1 planned-enrollment benchmark; no enrollment ML model.
enrollment_benchmarks_v1,0a97519bd78f561a,phase_ta_rare|phase=PHASE2|ta=ONCOLOGY|rare=1,PHASE2,ONCOLOGY,,ONCOLOGY,1,phase_ta_rare,148,23.75,45.0,87.0,129.7,False,2026-06-01T13:00:00+00:00,positive completed ACTUAL enrollment; percentiles used without winsorization,Deterministic v1 planned-enrollment benchmark; no enrollment ML model.
enrollment_benchmarks_v1,0a97519bd78f561a,phase_ta_rare|phase=PHASE2|ta=OPHTHALMOLOGY|rare=0,PHASE2,OPHTHALMOLOGY,,OPHTHALMOLOGY,0,phase_ta_rare,437,56.0,102.0,166.0,271.8,False,2026-06-01T13:00:00+00:00,positive completed ACTUAL enrollment; percentiles used without winsorization,Deterministic v1 planned-enrollment benchmark; no enrollment ML model.
enrollment_benchmarks_v1,0a97519bd78f561a,phase_ta_rare|phase=PHASE2|ta=OPHTHALMOLOGY|rare=1,PHASE2,OPHTHALMOLOGY,,OPHTHALMOLOGY,1,phase_ta_rare,29,12.0,33.0,66.0,113.6,True,2026-06-01T13:00:00+00:00,positive completed ACTUAL enrollment; percentiles used without winsorization,Deterministic v1 planned-enrollment benchmark; no enrollment ML model.
enrollment_benchmarks_v1,0a97519bd78f561a,phase_ta_rare|phase=PHASE2|ta=PSYCHIATRY|rare=0,PHASE2,PSYCHIATRY,,PSYCHIATRY,0,phase_ta_rare,349,58.0,136.0,243.0,360.0,False,2026-06-01T13:00:00+00:00,positive completed ACTUAL enrollment; percentiles used without winsorization,Deterministic v1 planned-enrollment benchmark; no enrollment ML model.
enrollment_benchmarks_v1,0a97519bd78f561a,phase_ta_rare|phase=PHASE2|ta=PSYCHIATRY|rare=1,PHASE2,PSYCHIATRY,,PSYCHIATRY,1,phase_ta_rare,7,14.5,18.0,87.5,157.4,True,2026-06-01T13:00:00+00:00,positive completed ACTUAL enrollment; percentiles used without winsorization,Deterministic v1 planned-enrollment benchmark; no enrollment ML model.
enrollment_benchmarks_v1,0a97519bd78f561a,phase_ta_rare|phase=PHASE2|ta=RENAL/UROLOGY|rare=0,PHASE2,RENAL/UROLOGY,,RENAL/UROLOGY,0,phase_ta_rare,317,50.0,106.0,216.0,328.4,False,2026-06-01T13:00:00+00:00,positive completed ACTUAL enrollment; percentiles used without winsorization,Deterministic v1 planned-enrollment benchmark; no enrollment ML model.
enrollment_benchmarks_v1,0a97519bd78f561a,phase_ta_rare|phase=PHASE2|ta=RENAL/UROLOGY|rare=1,PHASE2,RENAL/UROLOGY,,RENAL/UROLOGY,1,phase_ta_rare,45,15.0,31.0,80.0,165.2,True,2026-06-01T13:00:00+00:00,positive completed ACTUAL enrollment; percentiles used without winsorization,Deterministic v1 planned-enrollment benchmark; no enrollment ML model.
enrollment_benchmarks_v1,0a97519bd78f561a,phase_ta_rare|phase=PHASE2|ta=REPRODUCTIVE|rare=0,PHASE2,REPRODUCTIVE,,REPRODUCTIVE,0,phase_ta_rare,144,63.5,130.5,248.5,363.8,False,2026-06-01T13:00:00+00:00,positive completed ACTUAL enrollment; percentiles used without winsorization,Deterministic v1 planned-enrollment benchmark; no enrollment ML model.
enrollment_benchmarks_v1,0a97519bd78f561a,phase_ta_rare|phase=PHASE2|ta=RESPIRATORY|rare=0,PHASE2,RESPIRATORY,,RESPIRATORY,0,phase_ta_rare,628,42.0,85.5,211.0,421.0,False,2026-06-01T13:00:00+00:00,positive completed ACTUAL enrollment; percentiles used without winsorization,Deterministic v1 planned-enrollment benchmark; no enrollment ML model.
enrollment_benchmarks_v1,0a97519bd78f561a,phase_ta_rare|phase=PHASE2|ta=RESPIRATORY|rare=1,PHASE2,RESPIRATORY,,RESPIRATORY,1,phase_ta_rare,50,34.5,84.0,122.25,167.6,False,2026-06-01T13:00:00+00:00,positive completed ACTUAL enrollment; percentiles used without winsorization,Deterministic v1 planned-enrollment benchmark; no enrollment ML model.
enrollment_benchmarks_v1,0a97519bd78f561a,phase_ta_rare|phase=PHASE2|ta=UNCLASSIFIED|rare=0,PHASE2,UNCLASSIFIED,,UNCLASSIFIED,0,phase_ta_rare,31,38.0,91.0,176.5,239.0,True,2026-06-01T13:00:00+00:00,positive completed ACTUAL enrollment; percentiles used without winsorization,Deterministic v1 planned-enrollment benchmark; no enrollment ML model.
enrollment_benchmarks_v1,0a97519bd78f561a,phase_ta_rare|phase=PHASE2|ta=UNCLASSIFIED|rare=1,PHASE2,UNCLASSIFIED,,UNCLASSIFIED,1,phase_ta_rare,1,12.0,12.0,12.0,12.0,True,2026-06-01T13:00:00+00:00,positive completed ACTUAL enrollment; percentiles used without winsorization,Deterministic v1 planned-enrollment benchmark; no enrollment ML model.
enrollment_benchmarks_v1,0a97519bd78f561a,phase_ta_rare|phase=PHASE2/PHASE3|ta=CARDIOVASCULAR|rare=0,PHASE2/PHASE3,CARDIOVASCULAR,,CARDIOVASCULAR,0,phase_ta_rare,19,121.0,326.0,418.5,680.6,True,2026-06-01T13:00:00+00:00,positive completed ACTUAL enrollment; percentiles used without winsorization,Deterministic v1 planned-enrollment benchmark; no enrollment ML model.
enrollment_benchmarks_v1,0a97519bd78f561a,phase_ta_rare|phase=PHASE2/PHASE3|ta=CARDIOVASCULAR|rare=1,PHASE2/PHASE3,CARDIOVASCULAR,,CARDIOVASCULAR,1,phase_ta_rare,2,94.25,167.5,240.75,284.7,True,2026-06-01T13:00:00+00:00,positive completed ACTUAL enrollment; percentiles used without winsorization,Deterministic v1 planned-enrollment benchmark; no enrollment ML model.
enrollment_benchmarks_v1,0a97519bd78f561a,phase_ta_rare|phase=PHASE2/PHASE3|ta=DENTAL|rare=0,PHASE2/PHASE3,DENTAL,,DENTAL,0,phase_ta_rare,2,100.0,100.0,100.0,100.0,True,2026-06-01T13:00:00+00:00,positive completed ACTUAL enrollment; percentiles used without winsorization,Deterministic v1 planned-enrollment benchmark; no enrollment ML model.
enrollment_benchmarks_v1,0a97519bd78f561a,phase_ta_rare|phase=PHASE2/PHASE3|ta=DERMATOLOGY|rare=0,PHASE2/PHASE3,DERMATOLOGY,,DERMATOLOGY,0,phase_ta_rare,23,78.0,168.0,310.5,614.4,True,2026-06-01T13:00:00+00:00,positive completed ACTUAL enrollment; percentiles used without winsorization,Deterministic v1 planned-enrollment benchmark; no enrollment ML model.
enrollment_benchmarks_v1,0a97519bd78f561a,phase_ta_rare|phase=PHASE2/PHASE3|ta=DERMATOLOGY|rare=1,PHASE2/PHASE3,DERMATOLOGY,,DERMATOLOGY,1,phase_ta_rare,5,98.0,106.0,107.0,254.6,True,2026-06-01T13:00:00+00:00,positive completed ACTUAL enrollment; percentiles used without winsorization,Deterministic v1 planned-enrollment benchmark; no enrollment ML model.
enrollment_benchmarks_v1,0a97519bd78f561a,phase_ta_rare|phase=PHASE2/PHASE3|ta=EAR/NOSE/THROAT|rare=0,PHASE2/PHASE3,EAR/NOSE/THROAT,,EAR/NOSE/THROAT,0,phase_ta_rare,3,135.0,155.0,268.5,336.6,True,2026-06-01T13:00:00+00:00,positive completed ACTUAL enrollment; percentiles used without winsorization,Deterministic v1 planned-enrollment benchmark; no enrollment ML model.
enrollment_benchmarks_v1,0a97519bd78f561a,phase_ta_rare|phase=PHASE2/PHASE3|ta=GASTROINTESTINAL|rare=0,PHASE2/PHASE3,GASTROINTESTINAL,,GASTROINTESTINAL,0,phase_ta_rare,37,106.0,277.0,405.0,770.8,True,2026-06-01T13:00:00+00:00,positive completed ACTUAL enrollment; percentiles used without winsorization,Deterministic v1 planned-enrollment benchmark; no enrollment ML model.
enrollment_benchmarks_v1,0a97519bd78f561a,phase_ta_rare|phase=PHASE2/PHASE3|ta=GASTROINTESTINAL|rare=1,PHASE2/PHASE3,GASTROINTESTINAL,,GASTROINTESTINAL,1,phase_ta_rare,2,24.5,39.0,53.5,62.2,True,2026-06-01T13:00:00+00:00,positive completed ACTUAL enrollment; percentiles used without winsorization,Deterministic v1 planned-enrollment benchmark; no enrollment ML model.
enrollment_benchmarks_v1,0a97519bd78f561a,phase_ta_rare|phase=PHASE2/PHASE3|ta=GENETIC|rare=0,PHASE2/PHASE3,GENETIC,,GENETIC,0,phase_ta_rare,1,434.0,434.0,434.0,434.0,True,2026-06-01T13:00:00+00:00,positive completed ACTUAL enrollment; percentiles used without winsorization,Deterministic v1 planned-enrollment benchmark; no enrollment ML model.
enrollment_benchmarks_v1,0a97519bd78f561a,phase_ta_rare|phase=PHASE2/PHASE3|ta=GENETIC|rare=1,PHASE2/PHASE3,GENETIC,,GENETIC,1,phase_ta_rare,16,12.0,51.5,72.75,134.0,True,2026-06-01T13:00:00+00:00,positive completed ACTUAL enrollment; percentiles used without winsorization,Deterministic v1 planned-enrollment benchmark; no enrollment ML model.
enrollment_benchmarks_v1,0a97519bd78f561a,phase_ta_rare|phase=PHASE2/PHASE3|ta=HEMATOLOGY|rare=0,PHASE2/PHASE3,HEMATOLOGY,,HEMATOLOGY,0,phase_ta_rare,2,81.75,113.5,145.25,164.3,True,2026-06-01T13:00:00+00:00,positive completed ACTUAL enrollment; percentiles used without winsorization,Deterministic v1 planned-enrollment benchmark; no enrollment ML model.
enrollment_benchmarks_v1,0a97519bd78f561a,phase_ta_rare|phase=PHASE2/PHASE3|ta=HEMATOLOGY|rare=1,PHASE2/PHASE3,HEMATOLOGY,,HEMATOLOGY,1,phase_ta_rare,19,22.5,43.0,63.0,147.8,True,2026-06-01T13:00:00+00:00,positive completed ACTUAL enrollment; percentiles used without winsorization,Deterministic v1 planned-enrollment benchmark; no enrollment ML model.
enrollment_benchmarks_v1,0a97519bd78f561a,phase_ta_rare|phase=PHASE2/PHASE3|ta=IMMUNOLOGY|rare=1,PHASE2/PHASE3,IMMUNOLOGY,,IMMUNOLOGY,1,phase_ta_rare,9,55.0,65.0,110.0,255.0,True,2026-06-01T13:00:00+00:00,positive completed ACTUAL enrollment; percentiles used without winsorization,Deterministic v1 planned-enrollment benchmark; no enrollment ML model.
enrollment_benchmarks_v1,0a97519bd78f561a,phase_ta_rare|phase=PHASE2/PHASE3|ta=INFECTIONS|rare=0,PHASE2/PHASE3,INFECTIONS,,INFECTIONS,0,phase_ta_rare,115,160.5,540.0,1583.5,3991.8,False,2026-06-01T13:00:00+00:00,positive completed ACTUAL enrollment; percentiles used without winsorization,Deterministic v1 planned-enrollment benchmark; no enrollment ML model.
enrollment_benchmarks_v1,0a97519bd78f561a,phase_ta_rare|phase=PHASE2/PHASE3|ta=INFECTIONS|rare=1,PHASE2/PHASE3,INFECTIONS,,INFECTIONS,1,phase_ta_rare,1,198.0,198.0,198.0,198.0,True,2026-06-01T13:00:00+00:00,positive completed ACTUAL enrollment; percentiles used without winsorization,Deterministic v1 planned-enrollment benchmark; no enrollment ML model.
enrollment_benchmarks_v1,0a97519bd78f561a,phase_ta_rare|phase=PHASE2/PHASE3|ta=METABOLIC|rare=0,PHASE2/PHASE3,METABOLIC,,METABOLIC,0,phase_ta_rare,10,79.25,236.5,649.5,918.8,True,2026-06-01T13:00:00+00:00,positive completed ACTUAL enrollment; percentiles used without winsorization,Deterministic v1 planned-enrollment benchmark; no enrollment ML model.
enrollment_benchmarks_v1,0a97519bd78f561a,phase_ta_rare|phase=PHASE2/PHASE3|ta=METABOLIC|rare=1,PHASE2/PHASE3,METABOLIC,,METABOLIC,1,phase_ta_rare,5,36.0,58.0,205.0,262.0,True,2026-06-01T13:00:00+00:00,positive completed ACTUAL enrollment; percentiles used without winsorization,Deterministic v1 planned-enrollment benchmark; no enrollment ML model.
enrollment_benchmarks_v1,0a97519bd78f561a,phase_ta_rare|phase=PHASE2/PHASE3|ta=MUSCULOSKELETAL|rare=0,PHASE2/PHASE3,MUSCULOSKELETAL,,MUSCULOSKELETAL,0,phase_ta_rare,19,201.0,320.0,526.0,675.0,True,2026-06-01T13:00:00+00:00,positive completed ACTUAL enrollment; percentiles used without winsorization,Deterministic v1 planned-enrollment benchmark; no enrollment ML model.
enrollment_benchmarks_v1,0a97519bd78f561a,phase_ta_rare|phase=PHASE2/PHASE3|ta=MUSCULOSKELETAL|rare=1,PHASE2/PHASE3,MUSCULOSKELETAL,,MUSCULOSKELETAL,1,phase_ta_rare,5,166.0,251.0,272.0,290.0,True,2026-06-01T13:00:00+00:00,positive completed ACTUAL enrollment; percentiles used without winsorization,Deterministic v1 planned-enrollment benchmark; no enrollment ML model.
enrollment_benchmarks_v1,0a97519bd78f561a,phase_ta_rare|phase=PHASE2/PHASE3|ta=NEUROLOGY|rare=0,PHASE2/PHASE3,NEUROLOGY,,NEUROLOGY,0,phase_ta_rare,46,126.5,310.5,416.0,904.0,True,2026-06-01T13:00:00+00:00,positive completed ACTUAL enrollment; percentiles used without winsorization,Deterministic v1 planned-enrollment benchmark; no enrollment ML model.
enrollment_benchmarks_v1,0a97519bd78f561a,phase_ta_rare|phase=PHASE2/PHASE3|ta=NEUROLOGY|rare=1,PHASE2/PHASE3,NEUROLOGY,,NEUROLOGY,1,phase_ta_rare,10,73.25,166.5,292.5,400.5,True,2026-06-01T13:00:00+00:00,positive completed ACTUAL enrollment; percentiles used without winsorization,Deterministic v1 planned-enrollment benchmark; no enrollment ML model.
enrollment_benchmarks_v1,0a97519bd78f561a,phase_ta_rare|phase=PHASE2/PHASE3|ta=ONCOLOGY|rare=0,PHASE2/PHASE3,ONCOLOGY,,ONCOLOGY,0,phase_ta_rare,35,68.5,219.0,429.0,530.0,True,2026-06-01T13:00:00+00:00,positive completed ACTUAL enrollment; percentiles used without winsorization,Deterministic v1 planned-enrollment benchmark; no enrollment ML model.
enrollment_benchmarks_v1,0a97519bd78f561a,phase_ta_rare|phase=PHASE2/PHASE3|ta=ONCOLOGY|rare=1,PHASE2/PHASE3,ONCOLOGY,,ONCOLOGY,1,phase_ta_rare,8,89.5,143.5,356.5,433.6,True,2026-06-01T13:00:00+00:00,positive completed ACTUAL enrollment; percentiles used without winsorization,Deterministic v1 planned-enrollment benchmark; no enrollment ML model.
enrollment_benchmarks_v1,0a97519bd78f561a,phase_ta_rare|phase=PHASE2/PHASE3|ta=OPHTHALMOLOGY|rare=0,PHASE2/PHASE3,OPHTHALMOLOGY,,OPHTHALMOLOGY,0,phase_ta_rare,25,115.0,286.0,450.0,508.0,True,2026-06-01T13:00:00+00:00,positive completed ACTUAL enrollment; percentiles used without winsorization,Deterministic v1 planned-enrollment benchmark; no enrollment ML model.
enrollment_benchmarks_v1,0a97519bd78f561a,phase_ta_rare|phase=PHASE2/PHASE3|ta=OPHTHALMOLOGY|rare=1,PHASE2/PHASE3,OPHTHALMOLOGY,,OPHTHALMOLOGY,1,phase_ta_rare,1,12.0,12.0,12.0,12.0,True,2026-06-01T13:00:00+00:00,positive completed ACTUAL enrollment; percentiles used without winsorization,Deterministic v1 planned-enrollment benchmark; no enrollment ML model.
enrollment_benchmarks_v1,0a97519bd78f561a,phase_ta_rare|phase=PHASE2/PHASE3|ta=PSYCHIATRY|rare=0,PHASE2/PHASE3,PSYCHIATRY,,PSYCHIATRY,0,phase_ta_rare,31,127.0,254.0,404.0,507.0,True,2026-06-01T13:00:00+00:00,positive completed ACTUAL enrollment; percentiles used without winsorization,Deterministic v1 planned-enrollment benchmark; no enrollment ML model.
enrollment_benchmarks_v1,0a97519bd78f561a,phase_ta_rare|phase=PHASE2/PHASE3|ta=RENAL/UROLOGY|rare=0,PHASE2/PHASE3,RENAL/UROLOGY,,RENAL/UROLOGY,0,phase_ta_rare,23,90.5,226.0,402.5,600.2,True,2026-06-01T13:00:00+00:00,positive completed ACTUAL enrollment; percentiles used without winsorization,Deterministic v1 planned-enrollment benchmark; no enrollment ML model.
enrollment_benchmarks_v1,0a97519bd78f561a,phase_ta_rare|phase=PHASE2/PHASE3|ta=RENAL/UROLOGY|rare=1,PHASE2/PHASE3,RENAL/UROLOGY,,RENAL/UROLOGY,1,phase_ta_rare,1,187.0,187.0,187.0,187.0,True,2026-06-01T13:00:00+00:00,positive completed ACTUAL enrollment; percentiles used without winsorization,Deterministic v1 planned-enrollment benchmark; no enrollment ML model.
enrollment_benchmarks_v1,0a97519bd78f561a,phase_ta_rare|phase=PHASE2/PHASE3|ta=REPRODUCTIVE|rare=0,PHASE2/PHASE3,REPRODUCTIVE,,REPRODUCTIVE,0,phase_ta_rare,5,60.0,60.0,68.0,118.4,True,2026-06-01T13:00:00+00:00,positive completed ACTUAL enrollment; percentiles used without winsorization,Deterministic v1 planned-enrollment benchmark; no enrollment ML model.
enrollment_benchmarks_v1,0a97519bd78f561a,phase_ta_rare|phase=PHASE2/PHASE3|ta=RESPIRATORY|rare=0,PHASE2/PHASE3,RESPIRATORY,,RESPIRATORY,0,phase_ta_rare,23,110.5,199.0,597.5,924.6,True,2026-06-01T13:00:00+00:00,positive completed ACTUAL enrollment; percentiles used without winsorization,Deterministic v1 planned-enrollment benchmark; no enrollment ML model.
enrollment_benchmarks_v1,0a97519bd78f561a,phase_ta_rare|phase=PHASE2/PHASE3|ta=RESPIRATORY|rare=1,PHASE2/PHASE3,RESPIRATORY,,RESPIRATORY,1,phase_ta_rare,2,66.0,100.0,134.0,154.4,True,2026-06-01T13:00:00+00:00,positive completed ACTUAL enrollment; percentiles used without winsorization,Deterministic v1 planned-enrollment benchmark; no enrollment ML model.
enrollment_benchmarks_v1,0a97519bd78f561a,phase_ta_rare|phase=PHASE2/PHASE3|ta=UNCLASSIFIED|rare=0,PHASE2/PHASE3,UNCLASSIFIED,,UNCLASSIFIED,0,phase_ta_rare,6,76.75,281.5,444.25,452.0,True,2026-06-01T13:00:00+00:00,positive completed ACTUAL enrollment; percentiles used without winsorization,Deterministic v1 planned-enrollment benchmark; no enrollment ML model.
enrollment_benchmarks_v1,0a97519bd78f561a,phase_ta_rare|phase=PHASE3|ta=CARDIOVASCULAR|rare=0,PHASE3,CARDIOVASCULAR,,CARDIOVASCULAR,0,phase_ta_rare,510,150.25,300.5,717.5,2759.0,False,2026-06-01T13:00:00+00:00,positive completed ACTUAL enrollment; percentiles used without winsorization,Deterministic v1 planned-enrollment benchmark; no enrollment ML model.
enrollment_benchmarks_v1,0a97519bd78f561a,phase_ta_rare|phase=PHASE3|ta=CARDIOVASCULAR|rare=1,PHASE3,CARDIOVASCULAR,,CARDIOVASCULAR,1,phase_ta_rare,40,58.75,192.5,326.25,497.0,True,2026-06-01T13:00:00+00:00,positive completed ACTUAL enrollment; percentiles used without winsorization,Deterministic v1 planned-enrollment benchmark; no enrollment ML model.
enrollment_benchmarks_v1,0a97519bd78f561a,phase_ta_rare|phase=PHASE3|ta=DENTAL|rare=0,PHASE3,DENTAL,,DENTAL,0,phase_ta_rare,104,80.0,119.0,295.5,512.8,False,2026-06-01T13:00:00+00:00,positive completed ACTUAL enrollment; percentiles used without winsorization,Deterministic v1 planned-enrollment benchmark; no enrollment ML model.
enrollment_benchmarks_v1,0a97519bd78f561a,phase_ta_rare|phase=PHASE3|ta=DERMATOLOGY|rare=0,PHASE3,DERMATOLOGY,,DERMATOLOGY,0,phase_ta_rare,770,213.0,383.5,606.75,893.8,False,2026-06-01T13:00:00+00:00,positive completed ACTUAL enrollment; percentiles used without winsorization,Deterministic v1 planned-enrollment benchmark; no enrollment ML model.
enrollment_benchmarks_v1,0a97519bd78f561a,phase_ta_rare|phase=PHASE3|ta=DERMATOLOGY|rare=1,PHASE3,DERMATOLOGY,,DERMATOLOGY,1,phase_ta_rare,19,33.5,93.0,198.0,557.6,True,2026-06-01T13:00:00+00:00,positive completed ACTUAL enrollment; percentiles used without winsorization,Deterministic v1 planned-enrollment benchmark; no enrollment ML model.
enrollment_benchmarks_v1,0a97519bd78f561a,phase_ta_rare|phase=PHASE3|ta=EAR/NOSE/THROAT|rare=0,PHASE3,EAR/NOSE/THROAT,,EAR/NOSE/THROAT,0,phase_ta_rare,44,165.75,266.0,458.75,563.2,True,2026-06-01T13:00:00+00:00,positive completed ACTUAL enrollment; percentiles used without winsorization,Deterministic v1 planned-enrollment benchmark; no enrollment ML model.
enrollment_benchmarks_v1,0a97519bd78f561a,phase_ta_rare|phase=PHASE3|ta=EAR/NOSE/THROAT|rare=1,PHASE3,EAR/NOSE/THROAT,,EAR/NOSE/THROAT,1,phase_ta_rare,1,254.0,254.0,254.0,254.0,True,2026-06-01T13:00:00+00:00,positive completed ACTUAL enrollment; percentiles used without winsorization,Deterministic v1 planned-enrollment benchmark; no enrollment ML model.
enrollment_benchmarks_v1,0a97519bd78f561a,phase_ta_rare|phase=PHASE3|ta=GASTROINTESTINAL|rare=0,PHASE3,GASTROINTESTINAL,,GASTROINTESTINAL,0,phase_ta_rare,601,144.0,300.0,520.0,793.0,False,2026-06-01T13:00:00+00:00,positive completed ACTUAL enrollment; percentiles used without winsorization,Deterministic v1 planned-enrollment benchmark; no enrollment ML model.
enrollment_benchmarks_v1,0a97519bd78f561a,phase_ta_rare|phase=PHASE3|ta=GASTROINTESTINAL|rare=1,PHASE3,GASTROINTESTINAL,,GASTROINTESTINAL,1,phase_ta_rare,49,20.0,67.0,150.0,217.4,True,2026-06-01T13:00:00+00:00,positive completed ACTUAL enrollment; percentiles used without winsorization,Deterministic v1 planned-enrollment benchmark; no enrollment ML model.
enrollment_benchmarks_v1,0a97519bd78f561a,phase_ta_rare|phase=PHASE3|ta=GENETIC|rare=0,PHASE3,GENETIC,,GENETIC,0,phase_ta_rare,7,65.5,146.0,163.5,218.2,True,2026-06-01T13:00:00+00:00,positive completed ACTUAL enrollment; percentiles used without winsorization,Deterministic v1 planned-enrollment benchmark; no enrollment ML model.
enrollment_benchmarks_v1,0a97519bd78f561a,phase_ta_rare|phase=PHASE3|ta=GENETIC|rare=1,PHASE3,GENETIC,,GENETIC,1,phase_ta_rare,139,23.5,62.0,121.0,194.8,False,2026-06-01T13:00:00+00:00,positive completed ACTUAL enrollment; percentiles used without winsorization,Deterministic v1 planned-enrollment benchmark; no enrollment ML model.
enrollment_benchmarks_v1,0a97519bd78f561a,phase_ta_rare|phase=PHASE3|ta=HEMATOLOGY|rare=0,PHASE3,HEMATOLOGY,,HEMATOLOGY,0,phase_ta_rare,69,103.0,170.0,267.0,610.8,False,2026-06-01T13:00:00+00:00,positive completed ACTUAL enrollment; percentiles used without winsorization,Deterministic v1 planned-enrollment benchmark; no enrollment ML model.
enrollment_benchmarks_v1,0a97519bd78f561a,phase_ta_rare|phase=PHASE3|ta=HEMATOLOGY|rare=1,PHASE3,HEMATOLOGY,,HEMATOLOGY,1,phase_ta_rare,193,34.0,67.0,135.0,217.2,False,2026-06-01T13:00:00+00:00,positive completed ACTUAL enrollment; percentiles used without winsorization,Deterministic v1 planned-enrollment benchmark; no enrollment ML model.
enrollment_benchmarks_v1,0a97519bd78f561a,phase_ta_rare|phase=PHASE3|ta=IMMUNOLOGY|rare=0,PHASE3,IMMUNOLOGY,,IMMUNOLOGY,0,phase_ta_rare,38,223.5,377.0,570.25,911.9,True,2026-06-01T13:00:00+00:00,positive completed ACTUAL enrollment; percentiles used without winsorization,Deterministic v1 planned-enrollment benchmark; no enrollment ML model.
enrollment_benchmarks_v1,0a97519bd78f561a,phase_ta_rare|phase=PHASE3|ta=IMMUNOLOGY|rare=1,PHASE3,IMMUNOLOGY,,IMMUNOLOGY,1,phase_ta_rare,79,20.0,49.0,112.0,187.4,False,2026-06-01T13:00:00+00:00,positive completed ACTUAL enrollment; percentiles used without winsorization,Deterministic v1 planned-enrollment benchmark; no enrollment ML model.
enrollment_benchmarks_v1,0a97519bd78f561a,phase_ta_rare|phase=PHASE3|ta=INFECTIONS|rare=0,PHASE3,INFECTIONS,,INFECTIONS,0,phase_ta_rare,1065,234.0,558.0,1212.0,3129.2,False,2026-06-01T13:00:00+00:00,positive completed ACTUAL enrollment; percentiles used without winsorization,Deterministic v1 planned-enrollment benchmark; no enrollment ML model.
enrollment_benchmarks_v1,0a97519bd78f561a,phase_ta_rare|phase=PHASE3|ta=INFECTIONS|rare=1,PHASE3,INFECTIONS,,INFECTIONS,1,phase_ta_rare,14,263.0,466.5,1471.0,2849.2,True,2026-06-01T13:00:00+00:00,positive completed ACTUAL enrollment; percentiles used without winsorization,Deterministic v1 planned-enrollment benchmark; no enrollment ML model.
enrollment_benchmarks_v1,0a97519bd78f561a,phase_ta_rare|phase=PHASE3|ta=METABOLIC|rare=0,PHASE3,METABOLIC,,METABOLIC,0,phase_ta_rare,769,210.0,406.0,667.0,1089.8,False,2026-06-01T13:00:00+00:00,positive completed ACTUAL enrollment; percentiles used without winsorization,Deterministic v1 planned-enrollment benchmark; no enrollment ML model.
enrollment_benchmarks_v1,0a97519bd78f561a,phase_ta_rare|phase=PHASE3|ta=METABOLIC|rare=1,PHASE3,METABOLIC,,METABOLIC,1,phase_ta_rare,66,42.75,68.5,136.5,156.5,False,2026-06-01T13:00:00+00:00,positive completed ACTUAL enrollment; percentiles used without winsorization,Deterministic v1 planned-enrollment benchmark; no enrollment ML model.
enrollment_benchmarks_v1,0a97519bd78f561a,phase_ta_rare|phase=PHASE3|ta=MUSCULOSKELETAL|rare=0,PHASE3,MUSCULOSKELETAL,,MUSCULOSKELETAL,0,phase_ta_rare,658,181.0,340.5,531.25,852.3,False,2026-06-01T13:00:00+00:00,positive completed ACTUAL enrollment; percentiles used without winsorization,Deterministic v1 planned-enrollment benchmark; no enrollment ML model.
enrollment_benchmarks_v1,0a97519bd78f561a,phase_ta_rare|phase=PHASE3|ta=MUSCULOSKELETAL|rare=1,PHASE3,MUSCULOSKELETAL,,MUSCULOSKELETAL,1,phase_ta_rare,41,61.0,118.0,188.0,228.0,True,2026-06-01T13:00:00+00:00,positive completed ACTUAL enrollment; percentiles used without winsorization,Deterministic v1 planned-enrollment benchmark; no enrollment ML model.
enrollment_benchmarks_v1,0a97519bd78f561a,phase_ta_rare|phase=PHASE3|ta=NEUROLOGY|rare=0,PHASE3,NEUROLOGY,,NEUROLOGY,0,phase_ta_rare,544,150.0,269.0,524.25,990.2,False,2026-06-01T13:00:00+00:00,positive completed ACTUAL enrollment; percentiles used without winsorization,Deterministic v1 planned-enrollment benchmark; no enrollment ML model.
enrollment_benchmarks_v1,0a97519bd78f561a,phase_ta_rare|phase=PHASE3|ta=NEUROLOGY|rare=1,PHASE3,NEUROLOGY,,NEUROLOGY,1,phase_ta_rare,119,70.0,129.0,205.5,413.8,False,2026-06-01T13:00:00+00:00,positive completed ACTUAL enrollment; percentiles used without winsorization,Deterministic v1 planned-enrollment benchmark; no enrollment ML model.
enrollment_benchmarks_v1,0a97519bd78f561a,phase_ta_rare|phase=PHASE3|ta=ONCOLOGY|rare=0,PHASE3,ONCOLOGY,,ONCOLOGY,0,phase_ta_rare,894,226.75,436.5,665.75,937.3,False,2026-06-01T13:00:00+00:00,positive completed ACTUAL enrollment; percentiles used without winsorization,Deterministic v1 planned-enrollment benchmark; no enrollment ML model.
enrollment_benchmarks_v1,0a97519bd78f561a,phase_ta_rare|phase=PHASE3|ta=ONCOLOGY|rare=1,PHASE3,ONCOLOGY,,ONCOLOGY,1,phase_ta_rare,45,118.0,199.0,372.0,609.0,True,2026-06-01T13:00:00+00:00,positive completed ACTUAL enrollment; percentiles used without winsorization,Deterministic v1 planned-enrollment benchmark; no enrollment ML model.
enrollment_benchmarks_v1,0a97519bd78f561a,phase_ta_rare|phase=PHASE3|ta=OPHTHALMOLOGY|rare=0,PHASE3,OPHTHALMOLOGY,,OPHTHALMOLOGY,0,phase_ta_rare,454,155.75,303.5,489.75,711.7,False,2026-06-01T13:00:00+00:00,positive completed ACTUAL enrollment; percentiles used without winsorization,Deterministic v1 planned-enrollment benchmark; no enrollment ML model.
enrollment_benchmarks_v1,0a97519bd78f561a,phase_ta_rare|phase=PHASE3|ta=OPHTHALMOLOGY|rare=1,PHASE3,OPHTHALMOLOGY,,OPHTHALMOLOGY,1,phase_ta_rare,23,74.0,127.0,197.5,230.8,True,2026-06-01T13:00:00+00:00,positive completed ACTUAL enrollment; percentiles used without winsorization,Deterministic v1 planned-enrollment benchmark; no enrollment ML model.
enrollment_benchmarks_v1,0a97519bd78f561a,phase_ta_rare|phase=PHASE3|ta=PSYCHIATRY|rare=0,PHASE3,PSYCHIATRY,,PSYCHIATRY,0,phase_ta_rare,452,201.0,380.5,580.25,768.8,False,2026-06-01T13:00:00+00:00,positive completed ACTUAL enrollment; percentiles used without winsorization,Deterministic v1 planned-enrollment benchmark; no enrollment ML model.
enrollment_benchmarks_v1,0a97519bd78f561a,phase_ta_rare|phase=PHASE3|ta=PSYCHIATRY|rare=1,PHASE3,PSYCHIATRY,,PSYCHIATRY,1,phase_ta_rare,1,125.0,125.0,125.0,125.0,True,2026-06-01T13:00:00+00:00,positive completed ACTUAL enrollment; percentiles used without winsorization,Deterministic v1 planned-enrollment benchmark; no enrollment ML model.
enrollment_benchmarks_v1,0a97519bd78f561a,phase_ta_rare|phase=PHASE3|ta=RENAL/UROLOGY|rare=0,PHASE3,RENAL/UROLOGY,,RENAL/UROLOGY,0,phase_ta_rare,359,155.5,298.0,573.0,1060.6,False,2026-06-01T13:00:00+00:00,positive completed ACTUAL enrollment; percentiles used without winsorization,Deterministic v1 planned-enrollment benchmark; no enrollment ML model.
enrollment_benchmarks_v1,0a97519bd78f561a,phase_ta_rare|phase=PHASE3|ta=RENAL/UROLOGY|rare=1,PHASE3,RENAL/UROLOGY,,RENAL/UROLOGY,1,phase_ta_rare,19,42.0,135.0,433.0,1140.4,True,2026-06-01T13:00:00+00:00,positive completed ACTUAL enrollment; percentiles used without winsorization,Deterministic v1 planned-enrollment benchmark; no enrollment ML model.
enrollment_benchmarks_v1,0a97519bd78f561a,phase_ta_rare|phase=PHASE3|ta=REPRODUCTIVE|rare=0,PHASE3,REPRODUCTIVE,,REPRODUCTIVE,0,phase_ta_rare,211,190.0,393.0,657.0,1319.0,False,2026-06-01T13:00:00+00:00,positive completed ACTUAL enrollment; percentiles used without winsorization,Deterministic v1 planned-enrollment benchmark; no enrollment ML model.
enrollment_benchmarks_v1,0a97519bd78f561a,phase_ta_rare|phase=PHASE3|ta=REPRODUCTIVE|rare=1,PHASE3,REPRODUCTIVE,,REPRODUCTIVE,1,phase_ta_rare,2,64.5,65.0,65.5,65.8,True,2026-06-01T13:00:00+00:00,positive completed ACTUAL enrollment; percentiles used without winsorization,Deterministic v1 planned-enrollment benchmark; no enrollment ML model.
enrollment_benchmarks_v1,0a97519bd78f561a,phase_ta_rare|phase=PHASE3|ta=RESPIRATORY|rare=0,PHASE3,RESPIRATORY,,RESPIRATORY,0,phase_ta_rare,628,210.0,425.0,833.25,1495.4,False,2026-06-01T13:00:00+00:00,positive completed ACTUAL enrollment; percentiles used without winsorization,Deterministic v1 planned-enrollment benchmark; no enrollment ML model.
enrollment_benchmarks_v1,0a97519bd78f561a,phase_ta_rare|phase=PHASE3|ta=RESPIRATORY|rare=1,PHASE3,RESPIRATORY,,RESPIRATORY,1,phase_ta_rare,36,71.0,178.5,325.5,589.0,True,2026-06-01T13:00:00+00:00,positive completed ACTUAL enrollment; percentiles used without winsorization,Deterministic v1 planned-enrollment benchmark; no enrollment ML model.
enrollment_benchmarks_v1,0a97519bd78f561a,phase_ta_rare|phase=PHASE3|ta=UNCLASSIFIED|rare=0,PHASE3,UNCLASSIFIED,,UNCLASSIFIED,0,phase_ta_rare,58,76.0,196.0,329.25,466.2,False,2026-06-01T13:00:00+00:00,positive completed ACTUAL enrollment; percentiles used without winsorization,Deterministic v1 planned-enrollment benchmark; no enrollment ML model.
