benchmark_version,source_data_version,benchmark_key,phase,gbd_cause_id_3_ml,therapeutic_area,rare_disease_flag,benchmark_level_used,enrollment_n,enrollment_p25,enrollment_p50,enrollment_p75,enrollment_p90,enrollment_low_confidence_flag,site_count_n,site_count_p25,site_count_p50,site_count_p75,site_count_p90,site_count_low_confidence_flag,patients_per_site_n,patients_per_site_p25,patients_per_site_p50,patients_per_site_p75,patients_per_site_p90,patients_per_site_low_confidence_flag,created_at,outlier_policy,calibration_notes
operational_benchmarks_v1,0a97519bd78f561a,phase_indication_rare|phase=PHASE1/PHASE2|indication=0|rare=0,PHASE1/PHASE2,0,,0,phase_indication_rare,2,138.0,240.0,342.0,403.2,True,2,7.5,13.0,18.5,21.8,True,2,18.12,18.25,18.38,18.45,True,2026-06-02T17:43:11+00:00,"positive completed ACTUAL enrollment, positive completed registry-derived facility-count proxy, and completed ACTUAL enrollment per positive facility-count proxy; percentiles used without winsorization","Deterministic combined operational benchmark for planned enrollment, site-count proxy, and enrollment-coherent patients-per-site defaults; no operational ML model."
operational_benchmarks_v1,0a97519bd78f561a,phase_indication_rare|phase=PHASE1/PHASE2|indication=297|rare=0,PHASE1/PHASE2,297,,0,phase_indication_rare,2,71.0,88.0,105.0,115.2,True,2,1.5,2.0,2.5,2.8,True,2,44.0,47.33,50.67,52.67,True,2026-06-02T17:43:11+00:00,"positive completed ACTUAL enrollment, positive completed registry-derived facility-count proxy, and completed ACTUAL enrollment per positive facility-count proxy; percentiles used without winsorization","Deterministic combined operational benchmark for planned enrollment, site-count proxy, and enrollment-coherent patients-per-site defaults; no operational ML model."
operational_benchmarks_v1,0a97519bd78f561a,phase_indication_rare|phase=PHASE1/PHASE2|indication=298|rare=0,PHASE1/PHASE2,298,,0,phase_indication_rare,26,26.25,36.0,52.0,178.0,True,25,1.0,2.0,6.0,11.0,True,25,9.0,24.0,28.0,36.0,True,2026-06-02T17:43:11+00:00,"positive completed ACTUAL enrollment, positive completed registry-derived facility-count proxy, and completed ACTUAL enrollment per positive facility-count proxy; percentiles used without winsorization","Deterministic combined operational benchmark for planned enrollment, site-count proxy, and enrollment-coherent patients-per-site defaults; no operational ML model."
operational_benchmarks_v1,0a97519bd78f561a,phase_indication_rare|phase=PHASE1/PHASE2|indication=302|rare=0,PHASE1/PHASE2,302,,0,phase_indication_rare,3,116.0,132.0,356.0,490.4,True,3,1.0,1.0,3.0,4.2,True,3,63.2,100.0,340.0,484.0,True,2026-06-02T17:43:11+00:00,"positive completed ACTUAL enrollment, positive completed registry-derived facility-count proxy, and completed ACTUAL enrollment per positive facility-count proxy; percentiles used without winsorization","Deterministic combined operational benchmark for planned enrollment, site-count proxy, and enrollment-coherent patients-per-site defaults; no operational ML model."
operational_benchmarks_v1,0a97519bd78f561a,phase_indication_rare|phase=PHASE1/PHASE2|indication=321|rare=0,PHASE1/PHASE2,321,,0,phase_indication_rare,7,69.0,102.0,358.5,569.6,True,7,1.0,1.0,1.5,2.4,True,7,36.33,102.0,231.5,399.6,True,2026-06-02T17:43:11+00:00,"positive completed ACTUAL enrollment, positive completed registry-derived facility-count proxy, and completed ACTUAL enrollment per positive facility-count proxy; percentiles used without winsorization","Deterministic combined operational benchmark for planned enrollment, site-count proxy, and enrollment-coherent patients-per-site defaults; no operational ML model."
operational_benchmarks_v1,0a97519bd78f561a,phase_indication_rare|phase=PHASE1/PHASE2|indication=322|rare=0,PHASE1/PHASE2,322,,0,phase_indication_rare,37,48.0,183.0,600.0,682.8,True,35,3.5,13.0,25.5,33.6,True,35,5.27,19.71,53.07,117.8,True,2026-06-02T17:43:11+00:00,"positive completed ACTUAL enrollment, positive completed registry-derived facility-count proxy, and completed ACTUAL enrollment per positive facility-count proxy; percentiles used without winsorization","Deterministic combined operational benchmark for planned enrollment, site-count proxy, and enrollment-coherent patients-per-site defaults; no operational ML model."
operational_benchmarks_v1,0a97519bd78f561a,phase_indication_rare|phase=PHASE1/PHASE2|indication=322|rare=1,PHASE1/PHASE2,322,,1,phase_indication_rare,2,32.5,36.0,39.5,41.6,True,2,22.0,24.0,26.0,27.2,True,2,1.47,1.49,1.51,1.53,True,2026-06-02T17:43:11+00:00,"positive completed ACTUAL enrollment, positive completed registry-derived facility-count proxy, and completed ACTUAL enrollment per positive facility-count proxy; percentiles used without winsorization","Deterministic combined operational benchmark for planned enrollment, site-count proxy, and enrollment-coherent patients-per-site defaults; no operational ML model."
operational_benchmarks_v1,0a97519bd78f561a,phase_indication_rare|phase=PHASE1/PHASE2|indication=328|rare=0,PHASE1/PHASE2,328,,0,phase_indication_rare,43,105.0,276.0,534.0,847.6,True,43,1.0,4.0,20.0,27.0,True,40,31.57,55.45,84.62,123.2,True,2026-06-02T17:43:11+00:00,"positive completed ACTUAL enrollment, positive completed registry-derived facility-count proxy, and completed ACTUAL enrollment per positive facility-count proxy; percentiles used without winsorization","Deterministic combined operational benchmark for planned enrollment, site-count proxy, and enrollment-coherent patients-per-site defaults; no operational ML model."
operational_benchmarks_v1,0a97519bd78f561a,phase_indication_rare|phase=PHASE1/PHASE2|indication=329|rare=0,PHASE1/PHASE2,329,,0,phase_indication_rare,0,,,,,True,1,4.0,4.0,4.0,4.0,True,0,,,,,True,2026-06-02T17:43:11+00:00,"positive completed ACTUAL enrollment, positive completed registry-derived facility-count proxy, and completed ACTUAL enrollment per positive facility-count proxy; percentiles used without winsorization","Deterministic combined operational benchmark for planned enrollment, site-count proxy, and enrollment-coherent patients-per-site defaults; no operational ML model."
operational_benchmarks_v1,0a97519bd78f561a,phase_indication_rare|phase=PHASE1/PHASE2|indication=332|rare=0,PHASE1/PHASE2,332,,0,phase_indication_rare,4,166.0,696.5,1271.25,1372.5,True,4,1.0,24.0,48.5,51.2,True,4,26.84,78.58,142.0,163.6,True,2026-06-02T17:43:11+00:00,"positive completed ACTUAL enrollment, positive completed registry-derived facility-count proxy, and completed ACTUAL enrollment per positive facility-count proxy; percentiles used without winsorization","Deterministic combined operational benchmark for planned enrollment, site-count proxy, and enrollment-coherent patients-per-site defaults; no operational ML model."
operational_benchmarks_v1,0a97519bd78f561a,phase_indication_rare|phase=PHASE1/PHASE2|indication=339|rare=0,PHASE1/PHASE2,339,,0,phase_indication_rare,2,373.0,703.0,1033.0,1231.0,True,2,7.25,11.5,15.75,18.3,True,2,27.79,41.24,54.7,62.77,True,2026-06-02T17:43:11+00:00,"positive completed ACTUAL enrollment, positive completed registry-derived facility-count proxy, and completed ACTUAL enrollment per positive facility-count proxy; percentiles used without winsorization","Deterministic combined operational benchmark for planned enrollment, site-count proxy, and enrollment-coherent patients-per-site defaults; no operational ML model."
operational_benchmarks_v1,0a97519bd78f561a,phase_indication_rare|phase=PHASE1/PHASE2|indication=340|rare=0,PHASE1/PHASE2,340,,0,phase_indication_rare,1,202.0,202.0,202.0,202.0,True,1,1.0,1.0,1.0,1.0,True,1,202.0,202.0,202.0,202.0,True,2026-06-02T17:43:11+00:00,"positive completed ACTUAL enrollment, positive completed registry-derived facility-count proxy, and completed ACTUAL enrollment per positive facility-count proxy; percentiles used without winsorization","Deterministic combined operational benchmark for planned enrollment, site-count proxy, and enrollment-coherent patients-per-site defaults; no operational ML model."
operational_benchmarks_v1,0a97519bd78f561a,phase_indication_rare|phase=PHASE1/PHASE2|indication=341|rare=0,PHASE1/PHASE2,341,,0,phase_indication_rare,1,281.0,281.0,281.0,281.0,True,1,1.0,1.0,1.0,1.0,True,1,281.0,281.0,281.0,281.0,True,2026-06-02T17:43:11+00:00,"positive completed ACTUAL enrollment, positive completed registry-derived facility-count proxy, and completed ACTUAL enrollment per positive facility-count proxy; percentiles used without winsorization","Deterministic combined operational benchmark for planned enrollment, site-count proxy, and enrollment-coherent patients-per-site defaults; no operational ML model."
operational_benchmarks_v1,0a97519bd78f561a,phase_indication_rare|phase=PHASE1/PHASE2|indication=342|rare=0,PHASE1/PHASE2,342,,0,phase_indication_rare,1,522.0,522.0,522.0,522.0,True,1,1.0,1.0,1.0,1.0,True,1,522.0,522.0,522.0,522.0,True,2026-06-02T17:43:11+00:00,"positive completed ACTUAL enrollment, positive completed registry-derived facility-count proxy, and completed ACTUAL enrollment per positive facility-count proxy; percentiles used without winsorization","Deterministic combined operational benchmark for planned enrollment, site-count proxy, and enrollment-coherent patients-per-site defaults; no operational ML model."
operational_benchmarks_v1,0a97519bd78f561a,phase_indication_rare|phase=PHASE1/PHASE2|indication=345|rare=0,PHASE1/PHASE2,345,,0,phase_indication_rare,3,99.5,163.0,250.0,302.2,True,3,1.0,1.0,3.0,4.2,True,3,34.3,36.0,186.5,276.8,True,2026-06-02T17:43:11+00:00,"positive completed ACTUAL enrollment, positive completed registry-derived facility-count proxy, and completed ACTUAL enrollment per positive facility-count proxy; percentiles used without winsorization","Deterministic combined operational benchmark for planned enrollment, site-count proxy, and enrollment-coherent patients-per-site defaults; no operational ML model."
operational_benchmarks_v1,0a97519bd78f561a,phase_indication_rare|phase=PHASE1/PHASE2|indication=359|rare=0,PHASE1/PHASE2,359,,0,phase_indication_rare,2,65.75,98.5,131.25,150.9,True,2,1.0,1.0,1.0,1.0,True,2,65.75,98.5,131.25,150.9,True,2026-06-02T17:43:11+00:00,"positive completed ACTUAL enrollment, positive completed registry-derived facility-count proxy, and completed ACTUAL enrollment per positive facility-count proxy; percentiles used without winsorization","Deterministic combined operational benchmark for planned enrollment, site-count proxy, and enrollment-coherent patients-per-site defaults; no operational ML model."
operational_benchmarks_v1,0a97519bd78f561a,phase_indication_rare|phase=PHASE1/PHASE2|indication=365|rare=1,PHASE1/PHASE2,365,,1,phase_indication_rare,1,96.0,96.0,96.0,96.0,True,1,9.0,9.0,9.0,9.0,True,1,10.67,10.67,10.67,10.67,True,2026-06-02T17:43:11+00:00,"positive completed ACTUAL enrollment, positive completed registry-derived facility-count proxy, and completed ACTUAL enrollment per positive facility-count proxy; percentiles used without winsorization","Deterministic combined operational benchmark for planned enrollment, site-count proxy, and enrollment-coherent patients-per-site defaults; no operational ML model."
operational_benchmarks_v1,0a97519bd78f561a,phase_indication_rare|phase=PHASE1/PHASE2|indication=366|rare=0,PHASE1/PHASE2,366,,0,phase_indication_rare,1,230.0,230.0,230.0,230.0,True,1,1.0,1.0,1.0,1.0,True,1,230.0,230.0,230.0,230.0,True,2026-06-02T17:43:11+00:00,"positive completed ACTUAL enrollment, positive completed registry-derived facility-count proxy, and completed ACTUAL enrollment per positive facility-count proxy; percentiles used without winsorization","Deterministic combined operational benchmark for planned enrollment, site-count proxy, and enrollment-coherent patients-per-site defaults; no operational ML model."
operational_benchmarks_v1,0a97519bd78f561a,phase_indication_rare|phase=PHASE1/PHASE2|indication=393|rare=0,PHASE1/PHASE2,393,,0,phase_indication_rare,8,58.5,154.0,400.0,654.7,True,8,3.25,7.0,23.0,25.1,True,8,14.9,18.63,28.59,51.56,True,2026-06-02T17:43:11+00:00,"positive completed ACTUAL enrollment, positive completed registry-derived facility-count proxy, and completed ACTUAL enrollment per positive facility-count proxy; percentiles used without winsorization","Deterministic combined operational benchmark for planned enrollment, site-count proxy, and enrollment-coherent patients-per-site defaults; no operational ML model."
operational_benchmarks_v1,0a97519bd78f561a,phase_indication_rare|phase=PHASE1/PHASE2|indication=400|rare=0,PHASE1/PHASE2,400,,0,phase_indication_rare,4,32.75,40.5,54.75,66.9,True,3,5.0,9.0,12.0,13.8,True,3,3.77,5.33,18.67,26.67,True,2026-06-02T17:43:11+00:00,"positive completed ACTUAL enrollment, positive completed registry-derived facility-count proxy, and completed ACTUAL enrollment per positive facility-count proxy; percentiles used without winsorization","Deterministic combined operational benchmark for planned enrollment, site-count proxy, and enrollment-coherent patients-per-site defaults; no operational ML model."
operational_benchmarks_v1,0a97519bd78f561a,phase_indication_rare|phase=PHASE1/PHASE2|indication=408|rare=0,PHASE1/PHASE2,408,,0,phase_indication_rare,25,27.0,60.0,351.0,824.4,True,22,1.0,2.5,11.0,24.5,True,22,11.62,29.04,60.0,191.68,True,2026-06-02T17:43:11+00:00,"positive completed ACTUAL enrollment, positive completed registry-derived facility-count proxy, and completed ACTUAL enrollment per positive facility-count proxy; percentiles used without winsorization","Deterministic combined operational benchmark for planned enrollment, site-count proxy, and enrollment-coherent patients-per-site defaults; no operational ML model."
operational_benchmarks_v1,0a97519bd78f561a,phase_indication_rare|phase=PHASE1/PHASE2|indication=408|rare=1,PHASE1/PHASE2,408,,1,phase_indication_rare,2,38.25,68.5,98.75,116.9,True,2,1.5,2.0,2.5,2.8,True,2,34.25,65.83,97.42,116.37,True,2026-06-02T17:43:11+00:00,"positive completed ACTUAL enrollment, positive completed registry-derived facility-count proxy, and completed ACTUAL enrollment per positive facility-count proxy; percentiles used without winsorization","Deterministic combined operational benchmark for planned enrollment, site-count proxy, and enrollment-coherent patients-per-site defaults; no operational ML model."
operational_benchmarks_v1,0a97519bd78f561a,phase_indication_rare|phase=PHASE1/PHASE2|indication=411|rare=0,PHASE1/PHASE2,411,,0,phase_indication_rare,2,83.25,85.5,87.75,89.1,True,2,12.25,23.5,34.75,41.5,True,2,21.72,41.48,61.24,73.1,True,2026-06-02T17:43:11+00:00,"positive completed ACTUAL enrollment, positive completed registry-derived facility-count proxy, and completed ACTUAL enrollment per positive facility-count proxy; percentiles used without winsorization","Deterministic combined operational benchmark for planned enrollment, site-count proxy, and enrollment-coherent patients-per-site defaults; no operational ML model."
operational_benchmarks_v1,0a97519bd78f561a,phase_indication_rare|phase=PHASE1/PHASE2|indication=414|rare=0,PHASE1/PHASE2,414,,0,phase_indication_rare,11,31.0,62.0,104.5,130.0,True,10,1.0,3.5,18.0,28.0,True,10,3.56,10.83,25.0,73.4,True,2026-06-02T17:43:11+00:00,"positive completed ACTUAL enrollment, positive completed registry-derived facility-count proxy, and completed ACTUAL enrollment per positive facility-count proxy; percentiles used without winsorization","Deterministic combined operational benchmark for planned enrollment, site-count proxy, and enrollment-coherent patients-per-site defaults; no operational ML model."
operational_benchmarks_v1,0a97519bd78f561a,phase_indication_rare|phase=PHASE1/PHASE2|indication=417|rare=0,PHASE1/PHASE2,417,,0,phase_indication_rare,28,25.25,60.5,103.0,140.5,True,29,2.0,12.0,24.0,34.2,True,28,3.26,6.27,15.94,36.6,True,2026-06-02T17:43:11+00:00,"positive completed ACTUAL enrollment, positive completed registry-derived facility-count proxy, and completed ACTUAL enrollment per positive facility-count proxy; percentiles used without winsorization","Deterministic combined operational benchmark for planned enrollment, site-count proxy, and enrollment-coherent patients-per-site defaults; no operational ML model."
operational_benchmarks_v1,0a97519bd78f561a,phase_indication_rare|phase=PHASE1/PHASE2|indication=417|rare=1,PHASE1/PHASE2,417,,1,phase_indication_rare,1,490.0,490.0,490.0,490.0,True,1,48.0,48.0,48.0,48.0,True,1,10.21,10.21,10.21,10.21,True,2026-06-02T17:43:11+00:00,"positive completed ACTUAL enrollment, positive completed registry-derived facility-count proxy, and completed ACTUAL enrollment per positive facility-count proxy; percentiles used without winsorization","Deterministic combined operational benchmark for planned enrollment, site-count proxy, and enrollment-coherent patients-per-site defaults; no operational ML model."
operational_benchmarks_v1,0a97519bd78f561a,phase_indication_rare|phase=PHASE1/PHASE2|indication=426|rare=0,PHASE1/PHASE2,426,,0,phase_indication_rare,65,40.0,100.0,140.0,224.6,False,64,4.75,14.5,24.5,46.4,False,63,3.21,5.64,13.7,34.6,False,2026-06-02T17:43:11+00:00,"positive completed ACTUAL enrollment, positive completed registry-derived facility-count proxy, and completed ACTUAL enrollment per positive facility-count proxy; percentiles used without winsorization","Deterministic combined operational benchmark for planned enrollment, site-count proxy, and enrollment-coherent patients-per-site defaults; no operational ML model."
operational_benchmarks_v1,0a97519bd78f561a,phase_indication_rare|phase=PHASE1/PHASE2|indication=429|rare=0,PHASE1/PHASE2,429,,0,phase_indication_rare,38,48.25,93.5,147.0,182.9,True,39,7.5,16.0,22.5,38.0,True,38,3.74,5.42,8.58,17.62,True,2026-06-02T17:43:11+00:00,"positive completed ACTUAL enrollment, positive completed registry-derived facility-count proxy, and completed ACTUAL enrollment per positive facility-count proxy; percentiles used without winsorization","Deterministic combined operational benchmark for planned enrollment, site-count proxy, and enrollment-coherent patients-per-site defaults; no operational ML model."
operational_benchmarks_v1,0a97519bd78f561a,phase_indication_rare|phase=PHASE1/PHASE2|indication=432|rare=0,PHASE1/PHASE2,432,,0,phase_indication_rare,11,33.0,93.0,177.0,211.0,True,11,3.5,9.0,30.0,47.0,True,11,4.3,6.75,12.19,32.0,True,2026-06-02T17:43:11+00:00,"positive completed ACTUAL enrollment, positive completed registry-derived facility-count proxy, and completed ACTUAL enrollment per positive facility-count proxy; percentiles used without winsorization","Deterministic combined operational benchmark for planned enrollment, site-count proxy, and enrollment-coherent patients-per-site defaults; no operational ML model."
operational_benchmarks_v1,0a97519bd78f561a,phase_indication_rare|phase=PHASE1/PHASE2|indication=435|rare=0,PHASE1/PHASE2,435,,0,phase_indication_rare,1,103.0,103.0,103.0,103.0,True,1,1.0,1.0,1.0,1.0,True,1,103.0,103.0,103.0,103.0,True,2026-06-02T17:43:11+00:00,"positive completed ACTUAL enrollment, positive completed registry-derived facility-count proxy, and completed ACTUAL enrollment per positive facility-count proxy; percentiles used without winsorization","Deterministic combined operational benchmark for planned enrollment, site-count proxy, and enrollment-coherent patients-per-site defaults; no operational ML model."
operational_benchmarks_v1,0a97519bd78f561a,phase_indication_rare|phase=PHASE1/PHASE2|indication=438|rare=0,PHASE1/PHASE2,438,,0,phase_indication_rare,37,24.0,45.0,75.0,151.4,True,36,3.0,6.0,15.25,35.0,True,36,4.6,8.32,10.0,22.0,True,2026-06-02T17:43:11+00:00,"positive completed ACTUAL enrollment, positive completed registry-derived facility-count proxy, and completed ACTUAL enrollment per positive facility-count proxy; percentiles used without winsorization","Deterministic combined operational benchmark for planned enrollment, site-count proxy, and enrollment-coherent patients-per-site defaults; no operational ML model."
operational_benchmarks_v1,0a97519bd78f561a,phase_indication_rare|phase=PHASE1/PHASE2|indication=441|rare=0,PHASE1/PHASE2,441,,0,phase_indication_rare,34,29.75,54.5,124.5,230.5,True,34,2.25,8.0,26.0,40.0,True,34,4.84,7.06,19.42,29.2,True,2026-06-02T17:43:11+00:00,"positive completed ACTUAL enrollment, positive completed registry-derived facility-count proxy, and completed ACTUAL enrollment per positive facility-count proxy; percentiles used without winsorization","Deterministic combined operational benchmark for planned enrollment, site-count proxy, and enrollment-coherent patients-per-site defaults; no operational ML model."
operational_benchmarks_v1,0a97519bd78f561a,phase_indication_rare|phase=PHASE1/PHASE2|indication=444|rare=0,PHASE1/PHASE2,444,,0,phase_indication_rare,8,19.75,29.0,47.25,160.8,True,8,5.75,9.0,15.5,27.2,True,8,2.38,4.13,7.66,8.11,True,2026-06-02T17:43:11+00:00,"positive completed ACTUAL enrollment, positive completed registry-derived facility-count proxy, and completed ACTUAL enrollment per positive facility-count proxy; percentiles used without winsorization","Deterministic combined operational benchmark for planned enrollment, site-count proxy, and enrollment-coherent patients-per-site defaults; no operational ML model."
operational_benchmarks_v1,0a97519bd78f561a,phase_indication_rare|phase=PHASE1/PHASE2|indication=447|rare=0,PHASE1/PHASE2,447,,0,phase_indication_rare,1,6.0,6.0,6.0,6.0,True,1,25.0,25.0,25.0,25.0,True,1,0.24,0.24,0.24,0.24,True,2026-06-02T17:43:11+00:00,"positive completed ACTUAL enrollment, positive completed registry-derived facility-count proxy, and completed ACTUAL enrollment per positive facility-count proxy; percentiles used without winsorization","Deterministic combined operational benchmark for planned enrollment, site-count proxy, and enrollment-coherent patients-per-site defaults; no operational ML model."
operational_benchmarks_v1,0a97519bd78f561a,phase_indication_rare|phase=PHASE1/PHASE2|indication=450|rare=0,PHASE1/PHASE2,450,,0,phase_indication_rare,3,25.5,29.0,62.0,81.8,True,3,2.5,4.0,13.5,19.2,True,3,5.69,7.25,14.62,19.05,True,2026-06-02T17:43:11+00:00,"positive completed ACTUAL enrollment, positive completed registry-derived facility-count proxy, and completed ACTUAL enrollment per positive facility-count proxy; percentiles used without winsorization","Deterministic combined operational benchmark for planned enrollment, site-count proxy, and enrollment-coherent patients-per-site defaults; no operational ML model."
operational_benchmarks_v1,0a97519bd78f561a,phase_indication_rare|phase=PHASE1/PHASE2|indication=453|rare=0,PHASE1/PHASE2,453,,0,phase_indication_rare,2,61.75,83.5,105.25,118.3,True,2,5.5,9.0,12.5,14.6,True,2,10.95,13.97,16.98,18.79,True,2026-06-02T17:43:11+00:00,"positive completed ACTUAL enrollment, positive completed registry-derived facility-count proxy, and completed ACTUAL enrollment per positive facility-count proxy; percentiles used without winsorization","Deterministic combined operational benchmark for planned enrollment, site-count proxy, and enrollment-coherent patients-per-site defaults; no operational ML model."
operational_benchmarks_v1,0a97519bd78f561a,phase_indication_rare|phase=PHASE1/PHASE2|indication=456|rare=0,PHASE1/PHASE2,456,,0,phase_indication_rare,35,28.5,47.0,131.5,178.4,True,35,3.5,7.0,21.5,26.6,True,35,4.37,6.4,12.14,26.2,True,2026-06-02T17:43:11+00:00,"positive completed ACTUAL enrollment, positive completed registry-derived facility-count proxy, and completed ACTUAL enrollment per positive facility-count proxy; percentiles used without winsorization","Deterministic combined operational benchmark for planned enrollment, site-count proxy, and enrollment-coherent patients-per-site defaults; no operational ML model."
operational_benchmarks_v1,0a97519bd78f561a,phase_indication_rare|phase=PHASE1/PHASE2|indication=456|rare=1,PHASE1/PHASE2,456,,1,phase_indication_rare,1,51.0,51.0,51.0,51.0,True,1,2.0,2.0,2.0,2.0,True,1,25.5,25.5,25.5,25.5,True,2026-06-02T17:43:11+00:00,"positive completed ACTUAL enrollment, positive completed registry-derived facility-count proxy, and completed ACTUAL enrollment per positive facility-count proxy; percentiles used without winsorization","Deterministic combined operational benchmark for planned enrollment, site-count proxy, and enrollment-coherent patients-per-site defaults; no operational ML model."
operational_benchmarks_v1,0a97519bd78f561a,phase_indication_rare|phase=PHASE1/PHASE2|indication=459|rare=0,PHASE1/PHASE2,459,,0,phase_indication_rare,20,26.0,41.5,104.0,153.1,True,19,6.0,9.0,26.0,36.0,True,19,3.36,5.42,7.93,18.6,True,2026-06-02T17:43:11+00:00,"positive completed ACTUAL enrollment, positive completed registry-derived facility-count proxy, and completed ACTUAL enrollment per positive facility-count proxy; percentiles used without winsorization","Deterministic combined operational benchmark for planned enrollment, site-count proxy, and enrollment-coherent patients-per-site defaults; no operational ML model."
operational_benchmarks_v1,0a97519bd78f561a,phase_indication_rare|phase=PHASE1/PHASE2|indication=462|rare=0,PHASE1/PHASE2,462,,0,phase_indication_rare,9,25.0,37.0,224.0,335.0,True,9,1.0,2.0,4.0,21.8,True,9,9.0,12.8,25.0,255.0,True,2026-06-02T17:43:11+00:00,"positive completed ACTUAL enrollment, positive completed registry-derived facility-count proxy, and completed ACTUAL enrollment per positive facility-count proxy; percentiles used without winsorization","Deterministic combined operational benchmark for planned enrollment, site-count proxy, and enrollment-coherent patients-per-site defaults; no operational ML model."
operational_benchmarks_v1,0a97519bd78f561a,phase_indication_rare|phase=PHASE1/PHASE2|indication=465|rare=0,PHASE1/PHASE2,465,,0,phase_indication_rare,14,19.75,88.5,139.0,218.5,True,15,3.0,6.0,14.0,39.6,True,14,3.61,5.2,18.92,22.7,True,2026-06-02T17:43:11+00:00,"positive completed ACTUAL enrollment, positive completed registry-derived facility-count proxy, and completed ACTUAL enrollment per positive facility-count proxy; percentiles used without winsorization","Deterministic combined operational benchmark for planned enrollment, site-count proxy, and enrollment-coherent patients-per-site defaults; no operational ML model."
operational_benchmarks_v1,0a97519bd78f561a,phase_indication_rare|phase=PHASE1/PHASE2|indication=465|rare=1,PHASE1/PHASE2,465,,1,phase_indication_rare,1,117.0,117.0,117.0,117.0,True,1,22.0,22.0,22.0,22.0,True,1,5.32,5.32,5.32,5.32,True,2026-06-02T17:43:11+00:00,"positive completed ACTUAL enrollment, positive completed registry-derived facility-count proxy, and completed ACTUAL enrollment per positive facility-count proxy; percentiles used without winsorization","Deterministic combined operational benchmark for planned enrollment, site-count proxy, and enrollment-coherent patients-per-site defaults; no operational ML model."
operational_benchmarks_v1,0a97519bd78f561a,phase_indication_rare|phase=PHASE1/PHASE2|indication=471|rare=0,PHASE1/PHASE2,471,,0,phase_indication_rare,6,21.25,51.0,91.25,135.0,True,6,3.25,12.0,25.25,32.0,True,6,3.94,5.5,6.83,8.25,True,2026-06-02T17:43:11+00:00,"positive completed ACTUAL enrollment, positive completed registry-derived facility-count proxy, and completed ACTUAL enrollment per positive facility-count proxy; percentiles used without winsorization","Deterministic combined operational benchmark for planned enrollment, site-count proxy, and enrollment-coherent patients-per-site defaults; no operational ML model."
operational_benchmarks_v1,0a97519bd78f561a,phase_indication_rare|phase=PHASE1/PHASE2|indication=474|rare=0,PHASE1/PHASE2,474,,0,phase_indication_rare,7,18.0,35.0,81.5,165.8,True,7,3.5,11.0,24.5,46.2,True,7,3.0,3.18,6.25,9.15,True,2026-06-02T17:43:11+00:00,"positive completed ACTUAL enrollment, positive completed registry-derived facility-count proxy, and completed ACTUAL enrollment per positive facility-count proxy; percentiles used without winsorization","Deterministic combined operational benchmark for planned enrollment, site-count proxy, and enrollment-coherent patients-per-site defaults; no operational ML model."
operational_benchmarks_v1,0a97519bd78f561a,phase_indication_rare|phase=PHASE1/PHASE2|indication=477|rare=0,PHASE1/PHASE2,477,,0,phase_indication_rare,24,21.75,57.0,77.25,119.5,True,25,3.0,6.0,11.0,17.6,True,24,5.2,7.42,11.5,22.7,True,2026-06-02T17:43:11+00:00,"positive completed ACTUAL enrollment, positive completed registry-derived facility-count proxy, and completed ACTUAL enrollment per positive facility-count proxy; percentiles used without winsorization","Deterministic combined operational benchmark for planned enrollment, site-count proxy, and enrollment-coherent patients-per-site defaults; no operational ML model."
operational_benchmarks_v1,0a97519bd78f561a,phase_indication_rare|phase=PHASE1/PHASE2|indication=477|rare=1,PHASE1/PHASE2,477,,1,phase_indication_rare,3,15.5,18.0,23.0,26.0,True,3,3.5,4.0,5.0,5.6,True,3,3.67,4.33,5.67,6.47,True,2026-06-02T17:43:11+00:00,"positive completed ACTUAL enrollment, positive completed registry-derived facility-count proxy, and completed ACTUAL enrollment per positive facility-count proxy; percentiles used without winsorization","Deterministic combined operational benchmark for planned enrollment, site-count proxy, and enrollment-coherent patients-per-site defaults; no operational ML model."
operational_benchmarks_v1,0a97519bd78f561a,phase_indication_rare|phase=PHASE1/PHASE2|indication=480|rare=0,PHASE1/PHASE2,480,,0,phase_indication_rare,4,12.5,23.5,40.75,54.7,True,4,3.25,4.0,4.25,4.7,True,4,3.02,5.88,22.19,47.28,True,2026-06-02T17:43:11+00:00,"positive completed ACTUAL enrollment, positive completed registry-derived facility-count proxy, and completed ACTUAL enrollment per positive facility-count proxy; percentiles used without winsorization","Deterministic combined operational benchmark for planned enrollment, site-count proxy, and enrollment-coherent patients-per-site defaults; no operational ML model."
operational_benchmarks_v1,0a97519bd78f561a,phase_indication_rare|phase=PHASE1/PHASE2|indication=483|rare=0,PHASE1/PHASE2,483,,0,phase_indication_rare,1,40.0,40.0,40.0,40.0,True,1,1.0,1.0,1.0,1.0,True,1,40.0,40.0,40.0,40.0,True,2026-06-02T17:43:11+00:00,"positive completed ACTUAL enrollment, positive completed registry-derived facility-count proxy, and completed ACTUAL enrollment per positive facility-count proxy; percentiles used without winsorization","Deterministic combined operational benchmark for planned enrollment, site-count proxy, and enrollment-coherent patients-per-site defaults; no operational ML model."
operational_benchmarks_v1,0a97519bd78f561a,phase_indication_rare|phase=PHASE1/PHASE2|indication=483|rare=1,PHASE1/PHASE2,483,,1,phase_indication_rare,2,16.0,20.0,24.0,26.4,True,2,2.0,2.0,2.0,2.0,True,2,8.0,10.0,12.0,13.2,True,2026-06-02T17:43:11+00:00,"positive completed ACTUAL enrollment, positive completed registry-derived facility-count proxy, and completed ACTUAL enrollment per positive facility-count proxy; percentiles used without winsorization","Deterministic combined operational benchmark for planned enrollment, site-count proxy, and enrollment-coherent patients-per-site defaults; no operational ML model."
operational_benchmarks_v1,0a97519bd78f561a,phase_indication_rare|phase=PHASE1/PHASE2|indication=484|rare=0,PHASE1/PHASE2,484,,0,phase_indication_rare,3,74.0,93.0,93.5,93.8,True,3,7.0,13.0,13.0,13.0,True,3,5.69,7.15,50.58,76.63,True,2026-06-02T17:43:11+00:00,"positive completed ACTUAL enrollment, positive completed registry-derived facility-count proxy, and completed ACTUAL enrollment per positive facility-count proxy; percentiles used without winsorization","Deterministic combined operational benchmark for planned enrollment, site-count proxy, and enrollment-coherent patients-per-site defaults; no operational ML model."
operational_benchmarks_v1,0a97519bd78f561a,phase_indication_rare|phase=PHASE1/PHASE2|indication=485|rare=0,PHASE1/PHASE2,485,,0,phase_indication_rare,51,36.5,71.0,137.5,267.0,False,50,7.25,18.0,26.5,42.1,False,50,2.84,5.35,7.98,13.67,False,2026-06-02T17:43:11+00:00,"positive completed ACTUAL enrollment, positive completed registry-derived facility-count proxy, and completed ACTUAL enrollment per positive facility-count proxy; percentiles used without winsorization","Deterministic combined operational benchmark for planned enrollment, site-count proxy, and enrollment-coherent patients-per-site defaults; no operational ML model."
operational_benchmarks_v1,0a97519bd78f561a,phase_indication_rare|phase=PHASE1/PHASE2|indication=485|rare=1,PHASE1/PHASE2,485,,1,phase_indication_rare,7,29.0,42.0,73.0,125.4,True,7,10.0,17.0,25.5,38.0,True,6,3.04,3.29,7.11,8.37,True,2026-06-02T17:43:11+00:00,"positive completed ACTUAL enrollment, positive completed registry-derived facility-count proxy, and completed ACTUAL enrollment per positive facility-count proxy; percentiles used without winsorization","Deterministic combined operational benchmark for planned enrollment, site-count proxy, and enrollment-coherent patients-per-site defaults; no operational ML model."
operational_benchmarks_v1,0a97519bd78f561a,phase_indication_rare|phase=PHASE1/PHASE2|indication=486|rare=0,PHASE1/PHASE2,486,,0,phase_indication_rare,31,37.5,50.0,80.0,116.0,True,32,7.0,12.0,21.0,29.6,True,31,3.06,3.75,6.7,9.1,True,2026-06-02T17:43:11+00:00,"positive completed ACTUAL enrollment, positive completed registry-derived facility-count proxy, and completed ACTUAL enrollment per positive facility-count proxy; percentiles used without winsorization","Deterministic combined operational benchmark for planned enrollment, site-count proxy, and enrollment-coherent patients-per-site defaults; no operational ML model."
operational_benchmarks_v1,0a97519bd78f561a,phase_indication_rare|phase=PHASE1/PHASE2|indication=486|rare=1,PHASE1/PHASE2,486,,1,phase_indication_rare,1,19.0,19.0,19.0,19.0,True,1,7.0,7.0,7.0,7.0,True,1,2.71,2.71,2.71,2.71,True,2026-06-02T17:43:11+00:00,"positive completed ACTUAL enrollment, positive completed registry-derived facility-count proxy, and completed ACTUAL enrollment per positive facility-count proxy; percentiles used without winsorization","Deterministic combined operational benchmark for planned enrollment, site-count proxy, and enrollment-coherent patients-per-site defaults; no operational ML model."
operational_benchmarks_v1,0a97519bd78f561a,phase_indication_rare|phase=PHASE1/PHASE2|indication=487|rare=0,PHASE1/PHASE2,487,,0,phase_indication_rare,49,22.0,38.0,69.0,126.6,True,51,2.0,6.0,14.0,24.0,False,49,2.75,5.0,13.0,28.4,True,2026-06-02T17:43:11+00:00,"positive completed ACTUAL enrollment, positive completed registry-derived facility-count proxy, and completed ACTUAL enrollment per positive facility-count proxy; percentiles used without winsorization","Deterministic combined operational benchmark for planned enrollment, site-count proxy, and enrollment-coherent patients-per-site defaults; no operational ML model."
operational_benchmarks_v1,0a97519bd78f561a,phase_indication_rare|phase=PHASE1/PHASE2|indication=487|rare=1,PHASE1/PHASE2,487,,1,phase_indication_rare,4,58.5,79.5,104.25,124.5,True,4,14.25,19.0,24.0,27.6,True,4,2.73,3.61,6.93,11.97,True,2026-06-02T17:43:11+00:00,"positive completed ACTUAL enrollment, positive completed registry-derived facility-count proxy, and completed ACTUAL enrollment per positive facility-count proxy; percentiles used without winsorization","Deterministic combined operational benchmark for planned enrollment, site-count proxy, and enrollment-coherent patients-per-site defaults; no operational ML model."
operational_benchmarks_v1,0a97519bd78f561a,phase_indication_rare|phase=PHASE1/PHASE2|indication=489|rare=0,PHASE1/PHASE2,489,,0,phase_indication_rare,242,38.25,73.0,148.75,280.5,False,243,4.0,11.0,20.0,37.6,False,241,4.33,7.25,13.88,26.88,False,2026-06-02T17:43:11+00:00,"positive completed ACTUAL enrollment, positive completed registry-derived facility-count proxy, and completed ACTUAL enrollment per positive facility-count proxy; percentiles used without winsorization","Deterministic combined operational benchmark for planned enrollment, site-count proxy, and enrollment-coherent patients-per-site defaults; no operational ML model."
operational_benchmarks_v1,0a97519bd78f561a,phase_indication_rare|phase=PHASE1/PHASE2|indication=489|rare=1,PHASE1/PHASE2,489,,1,phase_indication_rare,13,40.0,51.0,65.0,106.8,True,14,6.0,16.0,25.25,35.7,True,13,1.87,4.06,6.16,8.65,True,2026-06-02T17:43:11+00:00,"positive completed ACTUAL enrollment, positive completed registry-derived facility-count proxy, and completed ACTUAL enrollment per positive facility-count proxy; percentiles used without winsorization","Deterministic combined operational benchmark for planned enrollment, site-count proxy, and enrollment-coherent patients-per-site defaults; no operational ML model."
operational_benchmarks_v1,0a97519bd78f561a,phase_indication_rare|phase=PHASE1/PHASE2|indication=490|rare=0,PHASE1/PHASE2,490,,0,phase_indication_rare,9,31.0,48.0,96.0,108.4,True,9,5.0,9.0,12.0,25.2,True,9,3.0,6.2,10.17,25.4,True,2026-06-02T17:43:11+00:00,"positive completed ACTUAL enrollment, positive completed registry-derived facility-count proxy, and completed ACTUAL enrollment per positive facility-count proxy; percentiles used without winsorization","Deterministic combined operational benchmark for planned enrollment, site-count proxy, and enrollment-coherent patients-per-site defaults; no operational ML model."
operational_benchmarks_v1,0a97519bd78f561a,phase_indication_rare|phase=PHASE1/PHASE2|indication=490|rare=1,PHASE1/PHASE2,490,,1,phase_indication_rare,9,50.0,82.0,113.0,161.2,True,9,6.0,13.0,24.0,30.8,True,9,3.42,5.52,14.0,19.93,True,2026-06-02T17:43:11+00:00,"positive completed ACTUAL enrollment, positive completed registry-derived facility-count proxy, and completed ACTUAL enrollment per positive facility-count proxy; percentiles used without winsorization","Deterministic combined operational benchmark for planned enrollment, site-count proxy, and enrollment-coherent patients-per-site defaults; no operational ML model."
operational_benchmarks_v1,0a97519bd78f561a,phase_indication_rare|phase=PHASE1/PHASE2|indication=493|rare=0,PHASE1/PHASE2,493,,0,phase_indication_rare,11,13.5,20.0,72.5,126.0,True,11,1.0,1.0,5.0,16.0,True,11,5.25,10.0,22.0,55.0,True,2026-06-02T17:43:11+00:00,"positive completed ACTUAL enrollment, positive completed registry-derived facility-count proxy, and completed ACTUAL enrollment per positive facility-count proxy; percentiles used without winsorization","Deterministic combined operational benchmark for planned enrollment, site-count proxy, and enrollment-coherent patients-per-site defaults; no operational ML model."
operational_benchmarks_v1,0a97519bd78f561a,phase_indication_rare|phase=PHASE1/PHASE2|indication=494|rare=0,PHASE1/PHASE2,494,,0,phase_indication_rare,10,23.0,56.5,99.25,151.9,True,10,1.5,4.5,21.25,26.2,True,10,2.67,6.52,16.67,87.1,True,2026-06-02T17:43:11+00:00,"positive completed ACTUAL enrollment, positive completed registry-derived facility-count proxy, and completed ACTUAL enrollment per positive facility-count proxy; percentiles used without winsorization","Deterministic combined operational benchmark for planned enrollment, site-count proxy, and enrollment-coherent patients-per-site defaults; no operational ML model."
operational_benchmarks_v1,0a97519bd78f561a,phase_indication_rare|phase=PHASE1/PHASE2|indication=498|rare=0,PHASE1/PHASE2,498,,0,phase_indication_rare,7,34.5,39.0,46.0,54.4,True,7,1.5,5.0,11.0,14.6,True,7,4.06,7.8,13.0,26.8,True,2026-06-02T17:43:11+00:00,"positive completed ACTUAL enrollment, positive completed registry-derived facility-count proxy, and completed ACTUAL enrollment per positive facility-count proxy; percentiles used without winsorization","Deterministic combined operational benchmark for planned enrollment, site-count proxy, and enrollment-coherent patients-per-site defaults; no operational ML model."
operational_benchmarks_v1,0a97519bd78f561a,phase_indication_rare|phase=PHASE1/PHASE2|indication=499|rare=0,PHASE1/PHASE2,499,,0,phase_indication_rare,1,28.0,28.0,28.0,28.0,True,1,1.0,1.0,1.0,1.0,True,1,28.0,28.0,28.0,28.0,True,2026-06-02T17:43:11+00:00,"positive completed ACTUAL enrollment, positive completed registry-derived facility-count proxy, and completed ACTUAL enrollment per positive facility-count proxy; percentiles used without winsorization","Deterministic combined operational benchmark for planned enrollment, site-count proxy, and enrollment-coherent patients-per-site defaults; no operational ML model."
operational_benchmarks_v1,0a97519bd78f561a,phase_indication_rare|phase=PHASE1/PHASE2|indication=499|rare=1,PHASE1/PHASE2,499,,1,phase_indication_rare,1,1.0,1.0,1.0,1.0,True,1,2.0,2.0,2.0,2.0,True,1,0.5,0.5,0.5,0.5,True,2026-06-02T17:43:11+00:00,"positive completed ACTUAL enrollment, positive completed registry-derived facility-count proxy, and completed ACTUAL enrollment per positive facility-count proxy; percentiles used without winsorization","Deterministic combined operational benchmark for planned enrollment, site-count proxy, and enrollment-coherent patients-per-site defaults; no operational ML model."
operational_benchmarks_v1,0a97519bd78f561a,phase_indication_rare|phase=PHASE1/PHASE2|indication=502|rare=0,PHASE1/PHASE2,502,,0,phase_indication_rare,4,20.0,20.5,22.0,23.8,True,4,1.0,2.0,3.25,3.7,True,4,6.5,13.5,21.25,23.5,True,2026-06-02T17:43:11+00:00,"positive completed ACTUAL enrollment, positive completed registry-derived facility-count proxy, and completed ACTUAL enrollment per positive facility-count proxy; percentiles used without winsorization","Deterministic combined operational benchmark for planned enrollment, site-count proxy, and enrollment-coherent patients-per-site defaults; no operational ML model."
operational_benchmarks_v1,0a97519bd78f561a,phase_indication_rare|phase=PHASE1/PHASE2|indication=507|rare=0,PHASE1/PHASE2,507,,0,phase_indication_rare,13,10.0,20.0,36.0,56.0,True,13,1.0,1.0,2.0,7.8,True,13,6.0,12.0,20.0,36.4,True,2026-06-02T17:43:11+00:00,"positive completed ACTUAL enrollment, positive completed registry-derived facility-count proxy, and completed ACTUAL enrollment per positive facility-count proxy; percentiles used without winsorization","Deterministic combined operational benchmark for planned enrollment, site-count proxy, and enrollment-coherent patients-per-site defaults; no operational ML model."
operational_benchmarks_v1,0a97519bd78f561a,phase_indication_rare|phase=PHASE1/PHASE2|indication=509|rare=0,PHASE1/PHASE2,509,,0,phase_indication_rare,9,26.0,33.0,65.0,110.0,True,9,1.0,1.0,5.0,5.2,True,9,7.2,24.0,54.0,75.6,True,2026-06-02T17:43:11+00:00,"positive completed ACTUAL enrollment, positive completed registry-derived facility-count proxy, and completed ACTUAL enrollment per positive facility-count proxy; percentiles used without winsorization","Deterministic combined operational benchmark for planned enrollment, site-count proxy, and enrollment-coherent patients-per-site defaults; no operational ML model."
operational_benchmarks_v1,0a97519bd78f561a,phase_indication_rare|phase=PHASE1/PHASE2|indication=515|rare=0,PHASE1/PHASE2,515,,0,phase_indication_rare,12,23.75,33.5,61.0,84.7,True,12,1.0,1.0,2.25,6.6,True,12,14.41,23.5,32.5,61.6,True,2026-06-02T17:43:11+00:00,"positive completed ACTUAL enrollment, positive completed registry-derived facility-count proxy, and completed ACTUAL enrollment per positive facility-count proxy; percentiles used without winsorization","Deterministic combined operational benchmark for planned enrollment, site-count proxy, and enrollment-coherent patients-per-site defaults; no operational ML model."
operational_benchmarks_v1,0a97519bd78f561a,phase_indication_rare|phase=PHASE1/PHASE2|indication=516|rare=0,PHASE1/PHASE2,516,,0,phase_indication_rare,4,31.5,48.5,71.25,91.5,True,4,4.0,10.0,16.0,17.8,True,4,4.76,8.76,12.75,14.1,True,2026-06-02T17:43:11+00:00,"positive completed ACTUAL enrollment, positive completed registry-derived facility-count proxy, and completed ACTUAL enrollment per positive facility-count proxy; percentiles used without winsorization","Deterministic combined operational benchmark for planned enrollment, site-count proxy, and enrollment-coherent patients-per-site defaults; no operational ML model."
operational_benchmarks_v1,0a97519bd78f561a,phase_indication_rare|phase=PHASE1/PHASE2|indication=516|rare=1,PHASE1/PHASE2,516,,1,phase_indication_rare,2,29.75,35.5,41.25,44.7,True,2,15.0,17.0,19.0,20.2,True,2,1.76,2.38,3.0,3.37,True,2026-06-02T17:43:11+00:00,"positive completed ACTUAL enrollment, positive completed registry-derived facility-count proxy, and completed ACTUAL enrollment per positive facility-count proxy; percentiles used without winsorization","Deterministic combined operational benchmark for planned enrollment, site-count proxy, and enrollment-coherent patients-per-site defaults; no operational ML model."
operational_benchmarks_v1,0a97519bd78f561a,phase_indication_rare|phase=PHASE1/PHASE2|indication=520|rare=0,PHASE1/PHASE2,520,,0,phase_indication_rare,18,39.0,59.5,79.0,88.3,True,17,1.0,2.0,4.0,8.8,True,16,7.47,18.75,58.5,79.0,True,2026-06-02T17:43:11+00:00,"positive completed ACTUAL enrollment, positive completed registry-derived facility-count proxy, and completed ACTUAL enrollment per positive facility-count proxy; percentiles used without winsorization","Deterministic combined operational benchmark for planned enrollment, site-count proxy, and enrollment-coherent patients-per-site defaults; no operational ML model."
operational_benchmarks_v1,0a97519bd78f561a,phase_indication_rare|phase=PHASE1/PHASE2|indication=520|rare=1,PHASE1/PHASE2,520,,1,phase_indication_rare,9,12.0,32.0,70.0,188.2,True,9,3.0,4.0,27.0,40.0,True,9,2.59,3.73,8.0,9.33,True,2026-06-02T17:43:11+00:00,"positive completed ACTUAL enrollment, positive completed registry-derived facility-count proxy, and completed ACTUAL enrollment per positive facility-count proxy; percentiles used without winsorization","Deterministic combined operational benchmark for planned enrollment, site-count proxy, and enrollment-coherent patients-per-site defaults; no operational ML model."
operational_benchmarks_v1,0a97519bd78f561a,phase_indication_rare|phase=PHASE1/PHASE2|indication=521|rare=0,PHASE1/PHASE2,521,,0,phase_indication_rare,30,24.0,37.5,54.75,102.3,True,27,1.0,2.0,8.5,14.0,True,27,4.95,16.29,32.0,48.8,True,2026-06-02T17:43:11+00:00,"positive completed ACTUAL enrollment, positive completed registry-derived facility-count proxy, and completed ACTUAL enrollment per positive facility-count proxy; percentiles used without winsorization","Deterministic combined operational benchmark for planned enrollment, site-count proxy, and enrollment-coherent patients-per-site defaults; no operational ML model."
operational_benchmarks_v1,0a97519bd78f561a,phase_indication_rare|phase=PHASE1/PHASE2|indication=521|rare=1,PHASE1/PHASE2,521,,1,phase_indication_rare,1,42.0,42.0,42.0,42.0,True,1,19.0,19.0,19.0,19.0,True,1,2.21,2.21,2.21,2.21,True,2026-06-02T17:43:11+00:00,"positive completed ACTUAL enrollment, positive completed registry-derived facility-count proxy, and completed ACTUAL enrollment per positive facility-count proxy; percentiles used without winsorization","Deterministic combined operational benchmark for planned enrollment, site-count proxy, and enrollment-coherent patients-per-site defaults; no operational ML model."
operational_benchmarks_v1,0a97519bd78f561a,phase_indication_rare|phase=PHASE1/PHASE2|indication=530|rare=0,PHASE1/PHASE2,530,,0,phase_indication_rare,3,81.0,102.0,111.0,116.4,True,3,1.0,1.0,2.0,2.6,True,3,47.0,60.0,90.0,108.0,True,2026-06-02T17:43:11+00:00,"positive completed ACTUAL enrollment, positive completed registry-derived facility-count proxy, and completed ACTUAL enrollment per positive facility-count proxy; percentiles used without winsorization","Deterministic combined operational benchmark for planned enrollment, site-count proxy, and enrollment-coherent patients-per-site defaults; no operational ML model."
operational_benchmarks_v1,0a97519bd78f561a,phase_indication_rare|phase=PHASE1/PHASE2|indication=531|rare=0,PHASE1/PHASE2,531,,0,phase_indication_rare,1,65.0,65.0,65.0,65.0,True,1,1.0,1.0,1.0,1.0,True,1,65.0,65.0,65.0,65.0,True,2026-06-02T17:43:11+00:00,"positive completed ACTUAL enrollment, positive completed registry-derived facility-count proxy, and completed ACTUAL enrollment per positive facility-count proxy; percentiles used without winsorization","Deterministic combined operational benchmark for planned enrollment, site-count proxy, and enrollment-coherent patients-per-site defaults; no operational ML model."
operational_benchmarks_v1,0a97519bd78f561a,phase_indication_rare|phase=PHASE1/PHASE2|indication=532|rare=0,PHASE1/PHASE2,532,,0,phase_indication_rare,7,22.0,28.0,33.5,48.2,True,7,3.5,4.0,11.0,16.4,True,7,3.0,6.67,8.88,12.2,True,2026-06-02T17:43:11+00:00,"positive completed ACTUAL enrollment, positive completed registry-derived facility-count proxy, and completed ACTUAL enrollment per positive facility-count proxy; percentiles used without winsorization","Deterministic combined operational benchmark for planned enrollment, site-count proxy, and enrollment-coherent patients-per-site defaults; no operational ML model."
operational_benchmarks_v1,0a97519bd78f561a,phase_indication_rare|phase=PHASE1/PHASE2|indication=535|rare=0,PHASE1/PHASE2,535,,0,phase_indication_rare,3,24.0,36.0,150.0,218.4,True,3,4.0,7.0,27.5,39.8,True,3,5.32,5.5,8.75,10.7,True,2026-06-02T17:43:11+00:00,"positive completed ACTUAL enrollment, positive completed registry-derived facility-count proxy, and completed ACTUAL enrollment per positive facility-count proxy; percentiles used without winsorization","Deterministic combined operational benchmark for planned enrollment, site-count proxy, and enrollment-coherent patients-per-site defaults; no operational ML model."
operational_benchmarks_v1,0a97519bd78f561a,phase_indication_rare|phase=PHASE1/PHASE2|indication=535|rare=1,PHASE1/PHASE2,535,,1,phase_indication_rare,1,35.0,35.0,35.0,35.0,True,1,9.0,9.0,9.0,9.0,True,1,3.89,3.89,3.89,3.89,True,2026-06-02T17:43:11+00:00,"positive completed ACTUAL enrollment, positive completed registry-derived facility-count proxy, and completed ACTUAL enrollment per positive facility-count proxy; percentiles used without winsorization","Deterministic combined operational benchmark for planned enrollment, site-count proxy, and enrollment-coherent patients-per-site defaults; no operational ML model."
operational_benchmarks_v1,0a97519bd78f561a,phase_indication_rare|phase=PHASE1/PHASE2|indication=543|rare=0,PHASE1/PHASE2,543,,0,phase_indication_rare,22,23.25,37.5,63.0,106.3,True,22,2.0,3.0,5.75,13.9,True,22,5.91,13.5,21.05,35.9,True,2026-06-02T17:43:11+00:00,"positive completed ACTUAL enrollment, positive completed registry-derived facility-count proxy, and completed ACTUAL enrollment per positive facility-count proxy; percentiles used without winsorization","Deterministic combined operational benchmark for planned enrollment, site-count proxy, and enrollment-coherent patients-per-site defaults; no operational ML model."
operational_benchmarks_v1,0a97519bd78f561a,phase_indication_rare|phase=PHASE1/PHASE2|indication=544|rare=0,PHASE1/PHASE2,544,,0,phase_indication_rare,14,14.0,16.0,36.0,53.7,True,13,2.0,2.0,6.0,11.8,True,13,5.18,6.0,12.0,18.4,True,2026-06-02T17:43:11+00:00,"positive completed ACTUAL enrollment, positive completed registry-derived facility-count proxy, and completed ACTUAL enrollment per positive facility-count proxy; percentiles used without winsorization","Deterministic combined operational benchmark for planned enrollment, site-count proxy, and enrollment-coherent patients-per-site defaults; no operational ML model."
operational_benchmarks_v1,0a97519bd78f561a,phase_indication_rare|phase=PHASE1/PHASE2|indication=545|rare=0,PHASE1/PHASE2,545,,0,phase_indication_rare,6,26.25,30.5,34.0,48.0,True,6,4.75,10.0,12.25,15.0,True,6,2.77,4.5,6.07,8.22,True,2026-06-02T17:43:11+00:00,"positive completed ACTUAL enrollment, positive completed registry-derived facility-count proxy, and completed ACTUAL enrollment per positive facility-count proxy; percentiles used without winsorization","Deterministic combined operational benchmark for planned enrollment, site-count proxy, and enrollment-coherent patients-per-site defaults; no operational ML model."
operational_benchmarks_v1,0a97519bd78f561a,phase_indication_rare|phase=PHASE1/PHASE2|indication=545|rare=1,PHASE1/PHASE2,545,,1,phase_indication_rare,1,62.0,62.0,62.0,62.0,True,1,18.0,18.0,18.0,18.0,True,1,3.44,3.44,3.44,3.44,True,2026-06-02T17:43:11+00:00,"positive completed ACTUAL enrollment, positive completed registry-derived facility-count proxy, and completed ACTUAL enrollment per positive facility-count proxy; percentiles used without winsorization","Deterministic combined operational benchmark for planned enrollment, site-count proxy, and enrollment-coherent patients-per-site defaults; no operational ML model."
operational_benchmarks_v1,0a97519bd78f561a,phase_indication_rare|phase=PHASE1/PHASE2|indication=546|rare=0,PHASE1/PHASE2,546,,0,phase_indication_rare,4,23.75,28.5,32.5,33.4,True,4,1.0,2.0,3.5,4.4,True,4,7.85,14.17,23.5,29.8,True,2026-06-02T17:43:11+00:00,"positive completed ACTUAL enrollment, positive completed registry-derived facility-count proxy, and completed ACTUAL enrollment per positive facility-count proxy; percentiles used without winsorization","Deterministic combined operational benchmark for planned enrollment, site-count proxy, and enrollment-coherent patients-per-site defaults; no operational ML model."
operational_benchmarks_v1,0a97519bd78f561a,phase_indication_rare|phase=PHASE1/PHASE2|indication=554|rare=1,PHASE1/PHASE2,554,,1,phase_indication_rare,8,17.5,25.5,36.25,49.6,True,7,1.0,1.0,4.0,9.2,True,7,8.08,16.0,17.75,39.6,True,2026-06-02T17:43:11+00:00,"positive completed ACTUAL enrollment, positive completed registry-derived facility-count proxy, and completed ACTUAL enrollment per positive facility-count proxy; percentiles used without winsorization","Deterministic combined operational benchmark for planned enrollment, site-count proxy, and enrollment-coherent patients-per-site defaults; no operational ML model."
operational_benchmarks_v1,0a97519bd78f561a,phase_indication_rare|phase=PHASE1/PHASE2|indication=557|rare=0,PHASE1/PHASE2,557,,0,phase_indication_rare,13,24.0,34.0,50.0,58.4,True,13,1.0,1.0,2.0,5.6,True,13,15.0,24.0,34.0,55.2,True,2026-06-02T17:43:11+00:00,"positive completed ACTUAL enrollment, positive completed registry-derived facility-count proxy, and completed ACTUAL enrollment per positive facility-count proxy; percentiles used without winsorization","Deterministic combined operational benchmark for planned enrollment, site-count proxy, and enrollment-coherent patients-per-site defaults; no operational ML model."
operational_benchmarks_v1,0a97519bd78f561a,phase_indication_rare|phase=PHASE1/PHASE2|indication=557|rare=1,PHASE1/PHASE2,557,,1,phase_indication_rare,9,8.0,18.0,46.0,48.0,True,9,1.0,2.0,11.0,25.2,True,9,2.04,5.11,8.0,10.0,True,2026-06-02T17:43:11+00:00,"positive completed ACTUAL enrollment, positive completed registry-derived facility-count proxy, and completed ACTUAL enrollment per positive facility-count proxy; percentiles used without winsorization","Deterministic combined operational benchmark for planned enrollment, site-count proxy, and enrollment-coherent patients-per-site defaults; no operational ML model."
operational_benchmarks_v1,0a97519bd78f561a,phase_indication_rare|phase=PHASE1/PHASE2|indication=559|rare=0,PHASE1/PHASE2,559,,0,phase_indication_rare,6,62.0,69.0,78.25,173.5,True,6,1.25,2.5,6.0,13.0,True,6,16.33,31.17,40.12,50.25,True,2026-06-02T17:43:11+00:00,"positive completed ACTUAL enrollment, positive completed registry-derived facility-count proxy, and completed ACTUAL enrollment per positive facility-count proxy; percentiles used without winsorization","Deterministic combined operational benchmark for planned enrollment, site-count proxy, and enrollment-coherent patients-per-site defaults; no operational ML model."
operational_benchmarks_v1,0a97519bd78f561a,phase_indication_rare|phase=PHASE1/PHASE2|indication=560|rare=0,PHASE1/PHASE2,560,,0,phase_indication_rare,2,25.25,25.5,25.75,25.9,True,2,1.0,1.0,1.0,1.0,True,2,25.25,25.5,25.75,25.9,True,2026-06-02T17:43:11+00:00,"positive completed ACTUAL enrollment, positive completed registry-derived facility-count proxy, and completed ACTUAL enrollment per positive facility-count proxy; percentiles used without winsorization","Deterministic combined operational benchmark for planned enrollment, site-count proxy, and enrollment-coherent patients-per-site defaults; no operational ML model."
operational_benchmarks_v1,0a97519bd78f561a,phase_indication_rare|phase=PHASE1/PHASE2|indication=561|rare=0,PHASE1/PHASE2,561,,0,phase_indication_rare,5,51.0,77.0,116.0,181.4,True,5,1.0,2.0,2.0,2.6,True,5,38.5,51.0,58.0,68.2,True,2026-06-02T17:43:11+00:00,"positive completed ACTUAL enrollment, positive completed registry-derived facility-count proxy, and completed ACTUAL enrollment per positive facility-count proxy; percentiles used without winsorization","Deterministic combined operational benchmark for planned enrollment, site-count proxy, and enrollment-coherent patients-per-site defaults; no operational ML model."
operational_benchmarks_v1,0a97519bd78f561a,phase_indication_rare|phase=PHASE1/PHASE2|indication=567|rare=0,PHASE1/PHASE2,567,,0,phase_indication_rare,7,33.0,42.0,61.5,130.0,True,8,1.0,1.5,2.25,3.6,True,7,22.5,33.0,41.0,43.28,True,2026-06-02T17:43:11+00:00,"positive completed ACTUAL enrollment, positive completed registry-derived facility-count proxy, and completed ACTUAL enrollment per positive facility-count proxy; percentiles used without winsorization","Deterministic combined operational benchmark for planned enrollment, site-count proxy, and enrollment-coherent patients-per-site defaults; no operational ML model."
operational_benchmarks_v1,0a97519bd78f561a,phase_indication_rare|phase=PHASE1/PHASE2|indication=571|rare=0,PHASE1/PHASE2,571,,0,phase_indication_rare,3,72.5,79.0,132.5,164.6,True,3,1.5,2.0,9.0,13.2,True,3,18.97,33.0,109.5,155.4,True,2026-06-02T17:43:11+00:00,"positive completed ACTUAL enrollment, positive completed registry-derived facility-count proxy, and completed ACTUAL enrollment per positive facility-count proxy; percentiles used without winsorization","Deterministic combined operational benchmark for planned enrollment, site-count proxy, and enrollment-coherent patients-per-site defaults; no operational ML model."
operational_benchmarks_v1,0a97519bd78f561a,phase_indication_rare|phase=PHASE1/PHASE2|indication=575|rare=0,PHASE1/PHASE2,575,,0,phase_indication_rare,3,18.5,20.0,28.5,33.6,True,3,1.0,1.0,1.0,1.0,True,3,18.5,20.0,28.5,33.6,True,2026-06-02T17:43:11+00:00,"positive completed ACTUAL enrollment, positive completed registry-derived facility-count proxy, and completed ACTUAL enrollment per positive facility-count proxy; percentiles used without winsorization","Deterministic combined operational benchmark for planned enrollment, site-count proxy, and enrollment-coherent patients-per-site defaults; no operational ML model."
operational_benchmarks_v1,0a97519bd78f561a,phase_indication_rare|phase=PHASE1/PHASE2|indication=578|rare=0,PHASE1/PHASE2,578,,0,phase_indication_rare,4,37.75,42.5,46.75,49.9,True,4,1.0,1.5,2.5,3.4,True,4,18.25,25.5,34.5,40.8,True,2026-06-02T17:43:11+00:00,"positive completed ACTUAL enrollment, positive completed registry-derived facility-count proxy, and completed ACTUAL enrollment per positive facility-count proxy; percentiles used without winsorization","Deterministic combined operational benchmark for planned enrollment, site-count proxy, and enrollment-coherent patients-per-site defaults; no operational ML model."
operational_benchmarks_v1,0a97519bd78f561a,phase_indication_rare|phase=PHASE1/PHASE2|indication=582|rare=1,PHASE1/PHASE2,582,,1,phase_indication_rare,1,74.0,74.0,74.0,74.0,True,1,25.0,25.0,25.0,25.0,True,1,2.96,2.96,2.96,2.96,True,2026-06-02T17:43:11+00:00,"positive completed ACTUAL enrollment, positive completed registry-derived facility-count proxy, and completed ACTUAL enrollment per positive facility-count proxy; percentiles used without winsorization","Deterministic combined operational benchmark for planned enrollment, site-count proxy, and enrollment-coherent patients-per-site defaults; no operational ML model."
operational_benchmarks_v1,0a97519bd78f561a,phase_indication_rare|phase=PHASE1/PHASE2|indication=585|rare=0,PHASE1/PHASE2,585,,0,phase_indication_rare,5,12.0,30.0,65.0,84.2,True,5,1.0,2.0,2.0,5.0,True,5,12.0,13.86,15.0,25.5,True,2026-06-02T17:43:11+00:00,"positive completed ACTUAL enrollment, positive completed registry-derived facility-count proxy, and completed ACTUAL enrollment per positive facility-count proxy; percentiles used without winsorization","Deterministic combined operational benchmark for planned enrollment, site-count proxy, and enrollment-coherent patients-per-site defaults; no operational ML model."
operational_benchmarks_v1,0a97519bd78f561a,phase_indication_rare|phase=PHASE1/PHASE2|indication=587|rare=0,PHASE1/PHASE2,587,,0,phase_indication_rare,46,24.0,41.0,74.25,140.0,True,43,1.0,2.0,5.5,11.0,True,43,9.7,18.0,39.0,61.2,True,2026-06-02T17:43:11+00:00,"positive completed ACTUAL enrollment, positive completed registry-derived facility-count proxy, and completed ACTUAL enrollment per positive facility-count proxy; percentiles used without winsorization","Deterministic combined operational benchmark for planned enrollment, site-count proxy, and enrollment-coherent patients-per-site defaults; no operational ML model."
operational_benchmarks_v1,0a97519bd78f561a,phase_indication_rare|phase=PHASE1/PHASE2|indication=589|rare=0,PHASE1/PHASE2,589,,0,phase_indication_rare,27,20.0,31.0,51.0,71.6,True,27,1.0,3.0,6.0,11.6,True,27,7.03,12.0,23.0,31.4,True,2026-06-02T17:43:11+00:00,"positive completed ACTUAL enrollment, positive completed registry-derived facility-count proxy, and completed ACTUAL enrollment per positive facility-count proxy; percentiles used without winsorization","Deterministic combined operational benchmark for planned enrollment, site-count proxy, and enrollment-coherent patients-per-site defaults; no operational ML model."
operational_benchmarks_v1,0a97519bd78f561a,phase_indication_rare|phase=PHASE1/PHASE2|indication=589|rare=1,PHASE1/PHASE2,589,,1,phase_indication_rare,3,24.0,28.0,45.0,55.2,True,3,12.0,16.0,16.5,16.8,True,3,2.34,3.5,3.69,3.8,True,2026-06-02T17:43:11+00:00,"positive completed ACTUAL enrollment, positive completed registry-derived facility-count proxy, and completed ACTUAL enrollment per positive facility-count proxy; percentiles used without winsorization","Deterministic combined operational benchmark for planned enrollment, site-count proxy, and enrollment-coherent patients-per-site defaults; no operational ML model."
operational_benchmarks_v1,0a97519bd78f561a,phase_indication_rare|phase=PHASE1/PHASE2|indication=594|rare=0,PHASE1/PHASE2,594,,0,phase_indication_rare,13,24.0,33.0,42.0,79.4,True,13,1.0,3.0,5.0,13.8,True,13,4.67,8.0,31.33,57.0,True,2026-06-02T17:43:11+00:00,"positive completed ACTUAL enrollment, positive completed registry-derived facility-count proxy, and completed ACTUAL enrollment per positive facility-count proxy; percentiles used without winsorization","Deterministic combined operational benchmark for planned enrollment, site-count proxy, and enrollment-coherent patients-per-site defaults; no operational ML model."
operational_benchmarks_v1,0a97519bd78f561a,phase_indication_rare|phase=PHASE1/PHASE2|indication=594|rare=1,PHASE1/PHASE2,594,,1,phase_indication_rare,2,56.25,60.5,64.75,67.3,True,2,9.5,10.0,10.5,10.8,True,2,5.9,6.03,6.15,6.22,True,2026-06-02T17:43:11+00:00,"positive completed ACTUAL enrollment, positive completed registry-derived facility-count proxy, and completed ACTUAL enrollment per positive facility-count proxy; percentiles used without winsorization","Deterministic combined operational benchmark for planned enrollment, site-count proxy, and enrollment-coherent patients-per-site defaults; no operational ML model."
operational_benchmarks_v1,0a97519bd78f561a,phase_indication_rare|phase=PHASE1/PHASE2|indication=603|rare=0,PHASE1/PHASE2,603,,0,phase_indication_rare,13,36.0,49.0,52.0,96.0,True,13,1.0,1.0,2.0,2.8,True,12,16.92,45.5,50.5,96.1,True,2026-06-02T17:43:11+00:00,"positive completed ACTUAL enrollment, positive completed registry-derived facility-count proxy, and completed ACTUAL enrollment per positive facility-count proxy; percentiles used without winsorization","Deterministic combined operational benchmark for planned enrollment, site-count proxy, and enrollment-coherent patients-per-site defaults; no operational ML model."
operational_benchmarks_v1,0a97519bd78f561a,phase_indication_rare|phase=PHASE1/PHASE2|indication=613|rare=0,PHASE1/PHASE2,613,,0,phase_indication_rare,3,19.5,24.0,39.0,48.0,True,3,6.0,9.0,10.0,10.6,True,3,3.79,4.91,4.95,4.98,True,2026-06-02T17:43:11+00:00,"positive completed ACTUAL enrollment, positive completed registry-derived facility-count proxy, and completed ACTUAL enrollment per positive facility-count proxy; percentiles used without winsorization","Deterministic combined operational benchmark for planned enrollment, site-count proxy, and enrollment-coherent patients-per-site defaults; no operational ML model."
operational_benchmarks_v1,0a97519bd78f561a,phase_indication_rare|phase=PHASE1/PHASE2|indication=613|rare=1,PHASE1/PHASE2,613,,1,phase_indication_rare,8,7.0,17.5,24.0,41.7,True,8,2.75,4.5,6.0,6.0,True,8,2.72,5.42,7.88,12.0,True,2026-06-02T17:43:11+00:00,"positive completed ACTUAL enrollment, positive completed registry-derived facility-count proxy, and completed ACTUAL enrollment per positive facility-count proxy; percentiles used without winsorization","Deterministic combined operational benchmark for planned enrollment, site-count proxy, and enrollment-coherent patients-per-site defaults; no operational ML model."
operational_benchmarks_v1,0a97519bd78f561a,phase_indication_rare|phase=PHASE1/PHASE2|indication=619|rare=0,PHASE1/PHASE2,619,,0,phase_indication_rare,37,30.0,55.0,73.0,115.8,True,37,1.0,2.0,12.0,17.4,True,37,5.0,15.0,48.0,66.6,True,2026-06-02T17:43:11+00:00,"positive completed ACTUAL enrollment, positive completed registry-derived facility-count proxy, and completed ACTUAL enrollment per positive facility-count proxy; percentiles used without winsorization","Deterministic combined operational benchmark for planned enrollment, site-count proxy, and enrollment-coherent patients-per-site defaults; no operational ML model."
operational_benchmarks_v1,0a97519bd78f561a,phase_indication_rare|phase=PHASE1/PHASE2|indication=619|rare=1,PHASE1/PHASE2,619,,1,phase_indication_rare,101,12.0,18.0,30.0,59.0,False,99,2.0,5.0,9.0,18.2,False,99,1.88,3.2,8.75,20.2,False,2026-06-02T17:43:11+00:00,"positive completed ACTUAL enrollment, positive completed registry-derived facility-count proxy, and completed ACTUAL enrollment per positive facility-count proxy; percentiles used without winsorization","Deterministic combined operational benchmark for planned enrollment, site-count proxy, and enrollment-coherent patients-per-site defaults; no operational ML model."
operational_benchmarks_v1,0a97519bd78f561a,phase_indication_rare|phase=PHASE1/PHASE2|indication=627|rare=0,PHASE1/PHASE2,627,,0,phase_indication_rare,20,22.5,46.5,102.0,254.4,True,19,1.5,6.0,19.0,37.0,True,19,4.57,6.67,14.0,26.8,True,2026-06-02T17:43:11+00:00,"positive completed ACTUAL enrollment, positive completed registry-derived facility-count proxy, and completed ACTUAL enrollment per positive facility-count proxy; percentiles used without winsorization","Deterministic combined operational benchmark for planned enrollment, site-count proxy, and enrollment-coherent patients-per-site defaults; no operational ML model."
operational_benchmarks_v1,0a97519bd78f561a,phase_indication_rare|phase=PHASE1/PHASE2|indication=628|rare=0,PHASE1/PHASE2,628,,0,phase_indication_rare,20,28.75,52.0,85.75,154.3,True,20,1.0,1.0,2.25,3.1,True,19,16.0,28.5,47.62,79.4,True,2026-06-02T17:43:11+00:00,"positive completed ACTUAL enrollment, positive completed registry-derived facility-count proxy, and completed ACTUAL enrollment per positive facility-count proxy; percentiles used without winsorization","Deterministic combined operational benchmark for planned enrollment, site-count proxy, and enrollment-coherent patients-per-site defaults; no operational ML model."
operational_benchmarks_v1,0a97519bd78f561a,phase_indication_rare|phase=PHASE1/PHASE2|indication=630|rare=0,PHASE1/PHASE2,630,,0,phase_indication_rare,10,26.5,30.5,41.25,100.2,True,10,1.0,2.0,9.25,11.4,True,10,6.32,13.0,24.0,30.6,True,2026-06-02T17:43:11+00:00,"positive completed ACTUAL enrollment, positive completed registry-derived facility-count proxy, and completed ACTUAL enrollment per positive facility-count proxy; percentiles used without winsorization","Deterministic combined operational benchmark for planned enrollment, site-count proxy, and enrollment-coherent patients-per-site defaults; no operational ML model."
operational_benchmarks_v1,0a97519bd78f561a,phase_indication_rare|phase=PHASE1/PHASE2|indication=632|rare=0,PHASE1/PHASE2,632,,0,phase_indication_rare,3,65.0,110.0,115.5,118.8,True,3,1.0,1.0,2.5,3.4,True,3,57.5,110.0,115.5,118.8,True,2026-06-02T17:43:11+00:00,"positive completed ACTUAL enrollment, positive completed registry-derived facility-count proxy, and completed ACTUAL enrollment per positive facility-count proxy; percentiles used without winsorization","Deterministic combined operational benchmark for planned enrollment, site-count proxy, and enrollment-coherent patients-per-site defaults; no operational ML model."
operational_benchmarks_v1,0a97519bd78f561a,phase_indication_rare|phase=PHASE1/PHASE2|indication=639|rare=0,PHASE1/PHASE2,639,,0,phase_indication_rare,19,22.0,40.0,54.0,64.2,True,18,1.0,2.5,6.0,7.2,True,18,6.67,11.5,23.0,38.2,True,2026-06-02T17:43:11+00:00,"positive completed ACTUAL enrollment, positive completed registry-derived facility-count proxy, and completed ACTUAL enrollment per positive facility-count proxy; percentiles used without winsorization","Deterministic combined operational benchmark for planned enrollment, site-count proxy, and enrollment-coherent patients-per-site defaults; no operational ML model."
operational_benchmarks_v1,0a97519bd78f561a,phase_indication_rare|phase=PHASE1/PHASE2|indication=639|rare=1,PHASE1/PHASE2,639,,1,phase_indication_rare,19,8.5,19.0,39.0,52.4,True,18,3.0,5.0,6.75,8.6,True,18,3.25,4.69,6.15,8.31,True,2026-06-02T17:43:11+00:00,"positive completed ACTUAL enrollment, positive completed registry-derived facility-count proxy, and completed ACTUAL enrollment per positive facility-count proxy; percentiles used without winsorization","Deterministic combined operational benchmark for planned enrollment, site-count proxy, and enrollment-coherent patients-per-site defaults; no operational ML model."
operational_benchmarks_v1,0a97519bd78f561a,phase_indication_rare|phase=PHASE1/PHASE2|indication=641|rare=0,PHASE1/PHASE2,641,,0,phase_indication_rare,1,40.0,40.0,40.0,40.0,True,1,3.0,3.0,3.0,3.0,True,1,13.33,13.33,13.33,13.33,True,2026-06-02T17:43:11+00:00,"positive completed ACTUAL enrollment, positive completed registry-derived facility-count proxy, and completed ACTUAL enrollment per positive facility-count proxy; percentiles used without winsorization","Deterministic combined operational benchmark for planned enrollment, site-count proxy, and enrollment-coherent patients-per-site defaults; no operational ML model."
operational_benchmarks_v1,0a97519bd78f561a,phase_indication_rare|phase=PHASE1/PHASE2|indication=641|rare=1,PHASE1/PHASE2,641,,1,phase_indication_rare,4,17.75,29.0,37.5,40.2,True,4,1.75,4.0,8.5,13.0,True,4,4.41,5.5,7.25,9.5,True,2026-06-02T17:43:11+00:00,"positive completed ACTUAL enrollment, positive completed registry-derived facility-count proxy, and completed ACTUAL enrollment per positive facility-count proxy; percentiles used without winsorization","Deterministic combined operational benchmark for planned enrollment, site-count proxy, and enrollment-coherent patients-per-site defaults; no operational ML model."
operational_benchmarks_v1,0a97519bd78f561a,phase_indication_rare|phase=PHASE1/PHASE2|indication=654|rare=0,PHASE1/PHASE2,654,,0,phase_indication_rare,29,34.0,56.0,107.0,238.6,True,28,1.0,3.0,7.75,20.5,True,28,9.01,17.83,31.0,96.5,True,2026-06-02T17:43:11+00:00,"positive completed ACTUAL enrollment, positive completed registry-derived facility-count proxy, and completed ACTUAL enrollment per positive facility-count proxy; percentiles used without winsorization","Deterministic combined operational benchmark for planned enrollment, site-count proxy, and enrollment-coherent patients-per-site defaults; no operational ML model."
operational_benchmarks_v1,0a97519bd78f561a,phase_indication_rare|phase=PHASE1/PHASE2|indication=655|rare=0,PHASE1/PHASE2,655,,0,phase_indication_rare,14,14.25,26.0,86.75,101.6,True,14,1.0,1.0,7.5,12.1,True,13,9.0,13.0,16.23,22.8,True,2026-06-02T17:43:11+00:00,"positive completed ACTUAL enrollment, positive completed registry-derived facility-count proxy, and completed ACTUAL enrollment per positive facility-count proxy; percentiles used without winsorization","Deterministic combined operational benchmark for planned enrollment, site-count proxy, and enrollment-coherent patients-per-site defaults; no operational ML model."
operational_benchmarks_v1,0a97519bd78f561a,phase_indication_rare|phase=PHASE1/PHASE2|indication=659|rare=0,PHASE1/PHASE2,659,,0,phase_indication_rare,2,65.0,106.0,147.0,171.6,True,2,5.75,10.5,15.25,18.1,True,2,13.05,16.7,20.35,22.54,True,2026-06-02T17:43:11+00:00,"positive completed ACTUAL enrollment, positive completed registry-derived facility-count proxy, and completed ACTUAL enrollment per positive facility-count proxy; percentiles used without winsorization","Deterministic combined operational benchmark for planned enrollment, site-count proxy, and enrollment-coherent patients-per-site defaults; no operational ML model."
operational_benchmarks_v1,0a97519bd78f561a,phase_indication_rare|phase=PHASE1/PHASE2|indication=660|rare=0,PHASE1/PHASE2,660,,0,phase_indication_rare,4,43.5,96.5,147.0,161.4,True,4,1.0,2.5,4.25,4.7,True,4,23.85,35.27,45.56,50.62,True,2026-06-02T17:43:11+00:00,"positive completed ACTUAL enrollment, positive completed registry-derived facility-count proxy, and completed ACTUAL enrollment per positive facility-count proxy; percentiles used without winsorization","Deterministic combined operational benchmark for planned enrollment, site-count proxy, and enrollment-coherent patients-per-site defaults; no operational ML model."
operational_benchmarks_v1,0a97519bd78f561a,phase_indication_rare|phase=PHASE1/PHASE2|indication=661|rare=0,PHASE1/PHASE2,661,,0,phase_indication_rare,10,44.0,71.0,125.25,216.2,True,10,1.0,2.0,3.75,12.8,True,10,12.5,20.83,61.5,140.6,True,2026-06-02T17:43:11+00:00,"positive completed ACTUAL enrollment, positive completed registry-derived facility-count proxy, and completed ACTUAL enrollment per positive facility-count proxy; percentiles used without winsorization","Deterministic combined operational benchmark for planned enrollment, site-count proxy, and enrollment-coherent patients-per-site defaults; no operational ML model."
operational_benchmarks_v1,0a97519bd78f561a,phase_indication_rare|phase=PHASE1/PHASE2|indication=662|rare=0,PHASE1/PHASE2,662,,0,phase_indication_rare,2,36.75,44.5,52.25,56.9,True,2,5.0,9.0,13.0,15.4,True,2,16.28,30.85,45.43,54.17,True,2026-06-02T17:43:11+00:00,"positive completed ACTUAL enrollment, positive completed registry-derived facility-count proxy, and completed ACTUAL enrollment per positive facility-count proxy; percentiles used without winsorization","Deterministic combined operational benchmark for planned enrollment, site-count proxy, and enrollment-coherent patients-per-site defaults; no operational ML model."
operational_benchmarks_v1,0a97519bd78f561a,phase_indication_rare|phase=PHASE1/PHASE2|indication=665|rare=0,PHASE1/PHASE2,665,,0,phase_indication_rare,3,59.5,93.0,126.0,145.8,True,3,1.5,2.0,8.0,11.6,True,3,12.18,13.0,53.0,77.0,True,2026-06-02T17:43:11+00:00,"positive completed ACTUAL enrollment, positive completed registry-derived facility-count proxy, and completed ACTUAL enrollment per positive facility-count proxy; percentiles used without winsorization","Deterministic combined operational benchmark for planned enrollment, site-count proxy, and enrollment-coherent patients-per-site defaults; no operational ML model."
operational_benchmarks_v1,0a97519bd78f561a,phase_indication_rare|phase=PHASE1/PHASE2|indication=668|rare=0,PHASE1/PHASE2,668,,0,phase_indication_rare,23,23.5,40.0,58.5,69.6,True,23,1.0,1.0,2.5,5.8,True,23,16.5,30.0,46.0,59.4,True,2026-06-02T17:43:11+00:00,"positive completed ACTUAL enrollment, positive completed registry-derived facility-count proxy, and completed ACTUAL enrollment per positive facility-count proxy; percentiles used without winsorization","Deterministic combined operational benchmark for planned enrollment, site-count proxy, and enrollment-coherent patients-per-site defaults; no operational ML model."
operational_benchmarks_v1,0a97519bd78f561a,phase_indication_rare|phase=PHASE1/PHASE2|indication=668|rare=1,PHASE1/PHASE2,668,,1,phase_indication_rare,6,11.25,12.0,15.0,33.0,True,6,1.5,4.0,5.75,10.5,True,6,2.83,3.67,9.25,11.5,True,2026-06-02T17:43:11+00:00,"positive completed ACTUAL enrollment, positive completed registry-derived facility-count proxy, and completed ACTUAL enrollment per positive facility-count proxy; percentiles used without winsorization","Deterministic combined operational benchmark for planned enrollment, site-count proxy, and enrollment-coherent patients-per-site defaults; no operational ML model."
operational_benchmarks_v1,0a97519bd78f561a,phase_indication_rare|phase=PHASE1/PHASE2|indication=674|rare=0,PHASE1/PHASE2,674,,0,phase_indication_rare,4,22.75,25.5,48.5,85.4,True,4,3.25,6.0,8.0,8.0,True,4,5.0,9.62,16.06,20.23,True,2026-06-02T17:43:11+00:00,"positive completed ACTUAL enrollment, positive completed registry-derived facility-count proxy, and completed ACTUAL enrollment per positive facility-count proxy; percentiles used without winsorization","Deterministic combined operational benchmark for planned enrollment, site-count proxy, and enrollment-coherent patients-per-site defaults; no operational ML model."
operational_benchmarks_v1,0a97519bd78f561a,phase_indication_rare|phase=PHASE1/PHASE2|indication=679|rare=0,PHASE1/PHASE2,679,,0,phase_indication_rare,32,31.0,60.0,104.25,148.8,True,32,1.0,3.5,8.25,14.6,True,31,4.09,11.0,76.0,105.0,True,2026-06-02T17:43:11+00:00,"positive completed ACTUAL enrollment, positive completed registry-derived facility-count proxy, and completed ACTUAL enrollment per positive facility-count proxy; percentiles used without winsorization","Deterministic combined operational benchmark for planned enrollment, site-count proxy, and enrollment-coherent patients-per-site defaults; no operational ML model."
operational_benchmarks_v1,0a97519bd78f561a,phase_indication_rare|phase=PHASE1/PHASE2|indication=679|rare=1,PHASE1/PHASE2,679,,1,phase_indication_rare,9,23.0,38.0,75.0,180.0,True,9,2.0,2.0,5.0,34.2,True,9,10.0,11.0,14.0,22.6,True,2026-06-02T17:43:11+00:00,"positive completed ACTUAL enrollment, positive completed registry-derived facility-count proxy, and completed ACTUAL enrollment per positive facility-count proxy; percentiles used without winsorization","Deterministic combined operational benchmark for planned enrollment, site-count proxy, and enrollment-coherent patients-per-site defaults; no operational ML model."
operational_benchmarks_v1,0a97519bd78f561a,phase_indication_rare|phase=PHASE1/PHASE2|indication=680|rare=0,PHASE1/PHASE2,680,,0,phase_indication_rare,5,27.0,39.0,40.0,92.2,True,5,1.0,1.0,3.0,3.6,True,5,27.0,31.75,39.0,39.6,True,2026-06-02T17:43:11+00:00,"positive completed ACTUAL enrollment, positive completed registry-derived facility-count proxy, and completed ACTUAL enrollment per positive facility-count proxy; percentiles used without winsorization","Deterministic combined operational benchmark for planned enrollment, site-count proxy, and enrollment-coherent patients-per-site defaults; no operational ML model."
operational_benchmarks_v1,0a97519bd78f561a,phase_indication_rare|phase=PHASE1/PHASE2|indication=716|rare=0,PHASE1/PHASE2,716,,0,phase_indication_rare,2,15.25,18.5,21.75,23.7,True,2,4.5,6.0,7.5,8.4,True,2,3.08,3.39,3.69,3.88,True,2026-06-02T17:43:11+00:00,"positive completed ACTUAL enrollment, positive completed registry-derived facility-count proxy, and completed ACTUAL enrollment per positive facility-count proxy; percentiles used without winsorization","Deterministic combined operational benchmark for planned enrollment, site-count proxy, and enrollment-coherent patients-per-site defaults; no operational ML model."
operational_benchmarks_v1,0a97519bd78f561a,phase_indication_rare|phase=PHASE1/PHASE2|indication=959|rare=0,PHASE1/PHASE2,959,,0,phase_indication_rare,1,155.0,155.0,155.0,155.0,True,1,2.0,2.0,2.0,2.0,True,1,77.5,77.5,77.5,77.5,True,2026-06-02T17:43:11+00:00,"positive completed ACTUAL enrollment, positive completed registry-derived facility-count proxy, and completed ACTUAL enrollment per positive facility-count proxy; percentiles used without winsorization","Deterministic combined operational benchmark for planned enrollment, site-count proxy, and enrollment-coherent patients-per-site defaults; no operational ML model."
operational_benchmarks_v1,0a97519bd78f561a,phase_indication_rare|phase=PHASE1/PHASE2|indication=972|rare=0,PHASE1/PHASE2,972,,0,phase_indication_rare,3,35.0,47.0,47.5,47.8,True,3,1.0,1.0,1.5,1.8,True,3,23.5,24.0,35.5,42.4,True,2026-06-02T17:43:11+00:00,"positive completed ACTUAL enrollment, positive completed registry-derived facility-count proxy, and completed ACTUAL enrollment per positive facility-count proxy; percentiles used without winsorization","Deterministic combined operational benchmark for planned enrollment, site-count proxy, and enrollment-coherent patients-per-site defaults; no operational ML model."
operational_benchmarks_v1,0a97519bd78f561a,phase_indication_rare|phase=PHASE1/PHASE2|indication=980|rare=0,PHASE1/PHASE2,980,,0,phase_indication_rare,4,62.5,73.5,75.75,78.9,True,5,1.0,1.0,3.0,4.2,True,4,14.73,44.6,73.25,73.7,True,2026-06-02T17:43:11+00:00,"positive completed ACTUAL enrollment, positive completed registry-derived facility-count proxy, and completed ACTUAL enrollment per positive facility-count proxy; percentiles used without winsorization","Deterministic combined operational benchmark for planned enrollment, site-count proxy, and enrollment-coherent patients-per-site defaults; no operational ML model."
operational_benchmarks_v1,0a97519bd78f561a,phase_indication_rare|phase=PHASE1/PHASE2|indication=981|rare=0,PHASE1/PHASE2,981,,0,phase_indication_rare,56,25.0,47.0,102.25,164.5,False,53,1.0,4.0,9.0,19.0,False,53,3.33,12.5,25.0,86.4,False,2026-06-02T17:43:11+00:00,"positive completed ACTUAL enrollment, positive completed registry-derived facility-count proxy, and completed ACTUAL enrollment per positive facility-count proxy; percentiles used without winsorization","Deterministic combined operational benchmark for planned enrollment, site-count proxy, and enrollment-coherent patients-per-site defaults; no operational ML model."
operational_benchmarks_v1,0a97519bd78f561a,phase_indication_rare|phase=PHASE1/PHASE2|indication=981|rare=1,PHASE1/PHASE2,981,,1,phase_indication_rare,15,12.0,14.0,19.5,40.2,True,15,2.0,3.0,4.5,7.6,True,15,3.83,5.5,8.25,11.12,True,2026-06-02T17:43:11+00:00,"positive completed ACTUAL enrollment, positive completed registry-derived facility-count proxy, and completed ACTUAL enrollment per positive facility-count proxy; percentiles used without winsorization","Deterministic combined operational benchmark for planned enrollment, site-count proxy, and enrollment-coherent patients-per-site defaults; no operational ML model."
operational_benchmarks_v1,0a97519bd78f561a,phase_indication_rare|phase=PHASE1/PHASE2|indication=992|rare=0,PHASE1/PHASE2,992,,0,phase_indication_rare,4,173.0,231.0,281.0,322.4,True,4,1.0,3.5,6.5,7.4,True,4,28.0,146.0,281.0,322.4,True,2026-06-02T17:43:11+00:00,"positive completed ACTUAL enrollment, positive completed registry-derived facility-count proxy, and completed ACTUAL enrollment per positive facility-count proxy; percentiles used without winsorization","Deterministic combined operational benchmark for planned enrollment, site-count proxy, and enrollment-coherent patients-per-site defaults; no operational ML model."
operational_benchmarks_v1,0a97519bd78f561a,phase_indication_rare|phase=PHASE1/PHASE2|indication=1004|rare=1,PHASE1/PHASE2,1004,,1,phase_indication_rare,2,21.75,23.5,25.25,26.3,True,2,8.5,11.0,13.5,15.0,True,2,2.06,2.88,3.69,4.17,True,2026-06-02T17:43:11+00:00,"positive completed ACTUAL enrollment, positive completed registry-derived facility-count proxy, and completed ACTUAL enrollment per positive facility-count proxy; percentiles used without winsorization","Deterministic combined operational benchmark for planned enrollment, site-count proxy, and enrollment-coherent patients-per-site defaults; no operational ML model."
operational_benchmarks_v1,0a97519bd78f561a,phase_indication_rare|phase=PHASE1/PHASE2|indication=1008|rare=0,PHASE1/PHASE2,1008,,0,phase_indication_rare,1,57.0,57.0,57.0,57.0,True,1,13.0,13.0,13.0,13.0,True,1,4.38,4.38,4.38,4.38,True,2026-06-02T17:43:11+00:00,"positive completed ACTUAL enrollment, positive completed registry-derived facility-count proxy, and completed ACTUAL enrollment per positive facility-count proxy; percentiles used without winsorization","Deterministic combined operational benchmark for planned enrollment, site-count proxy, and enrollment-coherent patients-per-site defaults; no operational ML model."
operational_benchmarks_v1,0a97519bd78f561a,phase_indication_rare|phase=PHASE1/PHASE2|indication=1008|rare=1,PHASE1/PHASE2,1008,,1,phase_indication_rare,2,47.75,80.5,113.25,132.9,True,2,8.75,14.5,20.25,23.7,True,2,5.15,5.31,5.46,5.55,True,2026-06-02T17:43:11+00:00,"positive completed ACTUAL enrollment, positive completed registry-derived facility-count proxy, and completed ACTUAL enrollment per positive facility-count proxy; percentiles used without winsorization","Deterministic combined operational benchmark for planned enrollment, site-count proxy, and enrollment-coherent patients-per-site defaults; no operational ML model."
operational_benchmarks_v1,0a97519bd78f561a,phase_indication_rare|phase=PHASE1/PHASE2|indication=1011|rare=0,PHASE1/PHASE2,1011,,0,phase_indication_rare,5,70.0,111.0,245.0,284.0,True,5,5.0,9.0,40.0,44.8,True,5,6.46,7.2,12.33,46.93,True,2026-06-02T17:43:11+00:00,"positive completed ACTUAL enrollment, positive completed registry-derived facility-count proxy, and completed ACTUAL enrollment per positive facility-count proxy; percentiles used without winsorization","Deterministic combined operational benchmark for planned enrollment, site-count proxy, and enrollment-coherent patients-per-site defaults; no operational ML model."
operational_benchmarks_v1,0a97519bd78f561a,phase_indication_rare|phase=PHASE1/PHASE2|indication=1011|rare=1,PHASE1/PHASE2,1011,,1,phase_indication_rare,3,12.0,16.0,82.0,121.6,True,3,6.5,8.0,12.5,15.2,True,3,1.8,2.0,5.35,7.36,True,2026-06-02T17:43:11+00:00,"positive completed ACTUAL enrollment, positive completed registry-derived facility-count proxy, and completed ACTUAL enrollment per positive facility-count proxy; percentiles used without winsorization","Deterministic combined operational benchmark for planned enrollment, site-count proxy, and enrollment-coherent patients-per-site defaults; no operational ML model."
operational_benchmarks_v1,0a97519bd78f561a,phase_indication_rare|phase=PHASE1/PHASE2|indication=1012|rare=1,PHASE1/PHASE2,1012,,1,phase_indication_rare,1,18.0,18.0,18.0,18.0,True,1,5.0,5.0,5.0,5.0,True,1,3.6,3.6,3.6,3.6,True,2026-06-02T17:43:11+00:00,"positive completed ACTUAL enrollment, positive completed registry-derived facility-count proxy, and completed ACTUAL enrollment per positive facility-count proxy; percentiles used without winsorization","Deterministic combined operational benchmark for planned enrollment, site-count proxy, and enrollment-coherent patients-per-site defaults; no operational ML model."
operational_benchmarks_v1,0a97519bd78f561a,phase_indication_rare|phase=PHASE1/PHASE2|indication=1013|rare=1,PHASE1/PHASE2,1013,,1,phase_indication_rare,2,22.0,24.0,26.0,27.2,True,2,10.75,11.5,12.25,12.7,True,2,2.04,2.08,2.12,2.14,True,2026-06-02T17:43:11+00:00,"positive completed ACTUAL enrollment, positive completed registry-derived facility-count proxy, and completed ACTUAL enrollment per positive facility-count proxy; percentiles used without winsorization","Deterministic combined operational benchmark for planned enrollment, site-count proxy, and enrollment-coherent patients-per-site defaults; no operational ML model."
operational_benchmarks_v1,0a97519bd78f561a,phase_indication_rare|phase=PHASE1/PHASE2|indication=1048|rare=0,PHASE1/PHASE2,1048,,0,phase_indication_rare,66,61.5,166.5,479.5,915.5,False,66,1.0,4.0,7.75,19.5,False,66,18.08,39.48,100.0,451.0,False,2026-06-02T17:43:11+00:00,"positive completed ACTUAL enrollment, positive completed registry-derived facility-count proxy, and completed ACTUAL enrollment per positive facility-count proxy; percentiles used without winsorization","Deterministic combined operational benchmark for planned enrollment, site-count proxy, and enrollment-coherent patients-per-site defaults; no operational ML model."
operational_benchmarks_v1,0a97519bd78f561a,phase_indication_rare|phase=PHASE1/PHASE2|indication=1161|rare=0,PHASE1/PHASE2,1161,,0,phase_indication_rare,17,27.0,45.0,66.0,86.4,True,19,1.0,1.0,2.0,2.0,True,17,19.0,31.0,54.0,86.4,True,2026-06-02T17:43:11+00:00,"positive completed ACTUAL enrollment, positive completed registry-derived facility-count proxy, and completed ACTUAL enrollment per positive facility-count proxy; percentiles used without winsorization","Deterministic combined operational benchmark for planned enrollment, site-count proxy, and enrollment-coherent patients-per-site defaults; no operational ML model."
operational_benchmarks_v1,0a97519bd78f561a,phase_indication_rare|phase=PHASE1/PHASE2|indication=1161|rare=1,PHASE1/PHASE2,1161,,1,phase_indication_rare,6,8.25,10.5,21.0,33.5,True,6,1.25,3.0,6.25,15.0,True,6,3.11,3.96,7.12,8.0,True,2026-06-02T17:43:11+00:00,"positive completed ACTUAL enrollment, positive completed registry-derived facility-count proxy, and completed ACTUAL enrollment per positive facility-count proxy; percentiles used without winsorization","Deterministic combined operational benchmark for planned enrollment, site-count proxy, and enrollment-coherent patients-per-site defaults; no operational ML model."
operational_benchmarks_v1,0a97519bd78f561a,phase_indication_rare|phase=PHASE2|indication=0|rare=0,PHASE2,0,,0,phase_indication_rare,7,70.0,126.0,182.0,282.0,True,7,1.0,2.0,3.0,24.2,True,7,38.5,43.0,71.67,101.6,True,2026-06-02T17:43:11+00:00,"positive completed ACTUAL enrollment, positive completed registry-derived facility-count proxy, and completed ACTUAL enrollment per positive facility-count proxy; percentiles used without winsorization","Deterministic combined operational benchmark for planned enrollment, site-count proxy, and enrollment-coherent patients-per-site defaults; no operational ML model."
operational_benchmarks_v1,0a97519bd78f561a,phase_indication_rare|phase=PHASE2|indication=297|rare=0,PHASE2,297,,0,phase_indication_rare,27,60.0,99.0,216.5,347.0,True,25,1.0,2.0,3.0,7.2,True,25,20.5,60.0,104.0,276.6,True,2026-06-02T17:43:11+00:00,"positive completed ACTUAL enrollment, positive completed registry-derived facility-count proxy, and completed ACTUAL enrollment per positive facility-count proxy; percentiles used without winsorization","Deterministic combined operational benchmark for planned enrollment, site-count proxy, and enrollment-coherent patients-per-site defaults; no operational ML model."
operational_benchmarks_v1,0a97519bd78f561a,phase_indication_rare|phase=PHASE2|indication=298|rare=0,PHASE2,298,,0,phase_indication_rare,66,31.25,54.0,139.5,225.0,False,61,3.0,14.0,26.0,42.0,False,61,2.98,5.08,14.5,32.0,False,2026-06-02T17:43:11+00:00,"positive completed ACTUAL enrollment, positive completed registry-derived facility-count proxy, and completed ACTUAL enrollment per positive facility-count proxy; percentiles used without winsorization","Deterministic combined operational benchmark for planned enrollment, site-count proxy, and enrollment-coherent patients-per-site defaults; no operational ML model."
operational_benchmarks_v1,0a97519bd78f561a,phase_indication_rare|phase=PHASE2|indication=302|rare=0,PHASE2,302,,0,phase_indication_rare,23,70.5,145.0,564.0,821.8,True,21,1.0,2.0,10.0,12.0,True,21,40.0,60.25,120.0,749.0,True,2026-06-02T17:43:11+00:00,"positive completed ACTUAL enrollment, positive completed registry-derived facility-count proxy, and completed ACTUAL enrollment per positive facility-count proxy; percentiles used without winsorization","Deterministic combined operational benchmark for planned enrollment, site-count proxy, and enrollment-coherent patients-per-site defaults; no operational ML model."
operational_benchmarks_v1,0a97519bd78f561a,phase_indication_rare|phase=PHASE2|indication=321|rare=0,PHASE2,321,,0,phase_indication_rare,32,58.25,101.5,180.75,269.6,True,31,6.0,20.0,32.5,50.0,True,31,2.77,4.09,31.83,80.0,True,2026-06-02T17:43:11+00:00,"positive completed ACTUAL enrollment, positive completed registry-derived facility-count proxy, and completed ACTUAL enrollment per positive facility-count proxy; percentiles used without winsorization","Deterministic combined operational benchmark for planned enrollment, site-count proxy, and enrollment-coherent patients-per-site defaults; no operational ML model."
operational_benchmarks_v1,0a97519bd78f561a,phase_indication_rare|phase=PHASE2|indication=322|rare=0,PHASE2,322,,0,phase_indication_rare,120,69.0,159.0,409.5,755.2,False,116,1.0,12.0,32.25,56.0,False,116,3.34,25.73,66.0,149.0,False,2026-06-02T17:43:11+00:00,"positive completed ACTUAL enrollment, positive completed registry-derived facility-count proxy, and completed ACTUAL enrollment per positive facility-count proxy; percentiles used without winsorization","Deterministic combined operational benchmark for planned enrollment, site-count proxy, and enrollment-coherent patients-per-site defaults; no operational ML model."
operational_benchmarks_v1,0a97519bd78f561a,phase_indication_rare|phase=PHASE2|indication=328|rare=0,PHASE2,328,,0,phase_indication_rare,159,115.0,188.0,409.0,751.2,False,159,1.0,4.0,12.0,30.0,False,157,26.43,60.0,117.0,197.0,False,2026-06-02T17:43:11+00:00,"positive completed ACTUAL enrollment, positive completed registry-derived facility-count proxy, and completed ACTUAL enrollment per positive facility-count proxy; percentiles used without winsorization","Deterministic combined operational benchmark for planned enrollment, site-count proxy, and enrollment-coherent patients-per-site defaults; no operational ML model."
operational_benchmarks_v1,0a97519bd78f561a,phase_indication_rare|phase=PHASE2|indication=329|rare=0,PHASE2,329,,0,phase_indication_rare,8,58.5,82.0,105.25,620.2,True,9,3.0,5.0,7.0,11.0,True,8,9.34,16.43,97.0,180.46,True,2026-06-02T17:43:11+00:00,"positive completed ACTUAL enrollment, positive completed registry-derived facility-count proxy, and completed ACTUAL enrollment per positive facility-count proxy; percentiles used without winsorization","Deterministic combined operational benchmark for planned enrollment, site-count proxy, and enrollment-coherent patients-per-site defaults; no operational ML model."
operational_benchmarks_v1,0a97519bd78f561a,phase_indication_rare|phase=PHASE2|indication=332|rare=0,PHASE2,332,,0,phase_indication_rare,38,207.5,462.0,813.75,1567.0,True,38,4.25,11.5,26.5,36.6,True,38,23.27,35.18,60.61,189.7,True,2026-06-02T17:43:11+00:00,"positive completed ACTUAL enrollment, positive completed registry-derived facility-count proxy, and completed ACTUAL enrollment per positive facility-count proxy; percentiles used without winsorization","Deterministic combined operational benchmark for planned enrollment, site-count proxy, and enrollment-coherent patients-per-site defaults; no operational ML model."
operational_benchmarks_v1,0a97519bd78f561a,phase_indication_rare|phase=PHASE2|indication=337|rare=0,PHASE2,337,,0,phase_indication_rare,1,23.0,23.0,23.0,23.0,True,1,1.0,1.0,1.0,1.0,True,1,23.0,23.0,23.0,23.0,True,2026-06-02T17:43:11+00:00,"positive completed ACTUAL enrollment, positive completed registry-derived facility-count proxy, and completed ACTUAL enrollment per positive facility-count proxy; percentiles used without winsorization","Deterministic combined operational benchmark for planned enrollment, site-count proxy, and enrollment-coherent patients-per-site defaults; no operational ML model."
operational_benchmarks_v1,0a97519bd78f561a,phase_indication_rare|phase=PHASE2|indication=338|rare=0,PHASE2,338,,0,phase_indication_rare,2,398.5,406.0,413.5,418.0,True,2,9.0,9.0,9.0,9.0,True,2,44.28,45.11,45.94,46.44,True,2026-06-02T17:43:11+00:00,"positive completed ACTUAL enrollment, positive completed registry-derived facility-count proxy, and completed ACTUAL enrollment per positive facility-count proxy; percentiles used without winsorization","Deterministic combined operational benchmark for planned enrollment, site-count proxy, and enrollment-coherent patients-per-site defaults; no operational ML model."
operational_benchmarks_v1,0a97519bd78f561a,phase_indication_rare|phase=PHASE2|indication=339|rare=0,PHASE2,339,,0,phase_indication_rare,3,76.5,100.0,234.0,314.4,True,3,1.5,2.0,9.0,13.2,True,3,24.75,26.5,63.25,85.3,True,2026-06-02T17:43:11+00:00,"positive completed ACTUAL enrollment, positive completed registry-derived facility-count proxy, and completed ACTUAL enrollment per positive facility-count proxy; percentiles used without winsorization","Deterministic combined operational benchmark for planned enrollment, site-count proxy, and enrollment-coherent patients-per-site defaults; no operational ML model."
operational_benchmarks_v1,0a97519bd78f561a,phase_indication_rare|phase=PHASE2|indication=340|rare=0,PHASE2,340,,0,phase_indication_rare,1,240.0,240.0,240.0,240.0,True,1,4.0,4.0,4.0,4.0,True,1,60.0,60.0,60.0,60.0,True,2026-06-02T17:43:11+00:00,"positive completed ACTUAL enrollment, positive completed registry-derived facility-count proxy, and completed ACTUAL enrollment per positive facility-count proxy; percentiles used without winsorization","Deterministic combined operational benchmark for planned enrollment, site-count proxy, and enrollment-coherent patients-per-site defaults; no operational ML model."
operational_benchmarks_v1,0a97519bd78f561a,phase_indication_rare|phase=PHASE2|indication=341|rare=0,PHASE2,341,,0,phase_indication_rare,4,398.25,651.0,915.5,1121.6,True,4,4.75,26.5,47.25,47.7,True,4,23.93,54.86,85.12,88.05,True,2026-06-02T17:43:11+00:00,"positive completed ACTUAL enrollment, positive completed registry-derived facility-count proxy, and completed ACTUAL enrollment per positive facility-count proxy; percentiles used without winsorization","Deterministic combined operational benchmark for planned enrollment, site-count proxy, and enrollment-coherent patients-per-site defaults; no operational ML model."
operational_benchmarks_v1,0a97519bd78f561a,phase_indication_rare|phase=PHASE2|indication=342|rare=0,PHASE2,342,,0,phase_indication_rare,8,122.5,251.0,368.0,527.0,True,6,3.5,11.5,14.25,33.0,True,6,12.17,24.93,46.04,101.0,True,2026-06-02T17:43:11+00:00,"positive completed ACTUAL enrollment, positive completed registry-derived facility-count proxy, and completed ACTUAL enrollment per positive facility-count proxy; percentiles used without winsorization","Deterministic combined operational benchmark for planned enrollment, site-count proxy, and enrollment-coherent patients-per-site defaults; no operational ML model."
operational_benchmarks_v1,0a97519bd78f561a,phase_indication_rare|phase=PHASE2|indication=345|rare=0,PHASE2,345,,0,phase_indication_rare,30,54.0,147.0,298.75,620.0,True,29,1.0,3.0,6.0,9.0,True,29,20.0,47.64,154.0,328.0,True,2026-06-02T17:43:11+00:00,"positive completed ACTUAL enrollment, positive completed registry-derived facility-count proxy, and completed ACTUAL enrollment per positive facility-count proxy; percentiles used without winsorization","Deterministic combined operational benchmark for planned enrollment, site-count proxy, and enrollment-coherent patients-per-site defaults; no operational ML model."
operational_benchmarks_v1,0a97519bd78f561a,phase_indication_rare|phase=PHASE2|indication=346|rare=0,PHASE2,346,,0,phase_indication_rare,1,120.0,120.0,120.0,120.0,True,0,,,,,True,0,,,,,True,2026-06-02T17:43:11+00:00,"positive completed ACTUAL enrollment, positive completed registry-derived facility-count proxy, and completed ACTUAL enrollment per positive facility-count proxy; percentiles used without winsorization","Deterministic combined operational benchmark for planned enrollment, site-count proxy, and enrollment-coherent patients-per-site defaults; no operational ML model."
operational_benchmarks_v1,0a97519bd78f561a,phase_indication_rare|phase=PHASE2|indication=347|rare=0,PHASE2,347,,0,phase_indication_rare,1,4.0,4.0,4.0,4.0,True,1,2.0,2.0,2.0,2.0,True,1,2.0,2.0,2.0,2.0,True,2026-06-02T17:43:11+00:00,"positive completed ACTUAL enrollment, positive completed registry-derived facility-count proxy, and completed ACTUAL enrollment per positive facility-count proxy; percentiles used without winsorization","Deterministic combined operational benchmark for planned enrollment, site-count proxy, and enrollment-coherent patients-per-site defaults; no operational ML model."
operational_benchmarks_v1,0a97519bd78f561a,phase_indication_rare|phase=PHASE2|indication=351|rare=0,PHASE2,351,,0,phase_indication_rare,1,444.0,444.0,444.0,444.0,True,1,1.0,1.0,1.0,1.0,True,1,444.0,444.0,444.0,444.0,True,2026-06-02T17:43:11+00:00,"positive completed ACTUAL enrollment, positive completed registry-derived facility-count proxy, and completed ACTUAL enrollment per positive facility-count proxy; percentiles used without winsorization","Deterministic combined operational benchmark for planned enrollment, site-count proxy, and enrollment-coherent patients-per-site defaults; no operational ML model."
operational_benchmarks_v1,0a97519bd78f561a,phase_indication_rare|phase=PHASE2|indication=357|rare=0,PHASE2,357,,0,phase_indication_rare,28,88.75,205.0,442.5,1219.9,True,28,1.0,3.0,5.0,7.0,True,28,39.62,62.88,150.0,218.88,True,2026-06-02T17:43:11+00:00,"positive completed ACTUAL enrollment, positive completed registry-derived facility-count proxy, and completed ACTUAL enrollment per positive facility-count proxy; percentiles used without winsorization","Deterministic combined operational benchmark for planned enrollment, site-count proxy, and enrollment-coherent patients-per-site defaults; no operational ML model."
operational_benchmarks_v1,0a97519bd78f561a,phase_indication_rare|phase=PHASE2|indication=359|rare=0,PHASE2,359,,0,phase_indication_rare,8,300.0,342.0,390.0,420.0,True,8,2.0,5.0,6.0,8.4,True,8,63.75,66.0,94.05,191.7,True,2026-06-02T17:43:11+00:00,"positive completed ACTUAL enrollment, positive completed registry-derived facility-count proxy, and completed ACTUAL enrollment per positive facility-count proxy; percentiles used without winsorization","Deterministic combined operational benchmark for planned enrollment, site-count proxy, and enrollment-coherent patients-per-site defaults; no operational ML model."
operational_benchmarks_v1,0a97519bd78f561a,phase_indication_rare|phase=PHASE2|indication=365|rare=0,PHASE2,365,,0,phase_indication_rare,7,45.0,264.0,457.5,542.4,True,7,1.0,2.0,3.0,6.6,True,7,27.5,30.0,182.67,318.2,True,2026-06-02T17:43:11+00:00,"positive completed ACTUAL enrollment, positive completed registry-derived facility-count proxy, and completed ACTUAL enrollment per positive facility-count proxy; percentiles used without winsorization","Deterministic combined operational benchmark for planned enrollment, site-count proxy, and enrollment-coherent patients-per-site defaults; no operational ML model."
operational_benchmarks_v1,0a97519bd78f561a,phase_indication_rare|phase=PHASE2|indication=366|rare=0,PHASE2,366,,0,phase_indication_rare,7,43.5,75.0,367.5,707.6,True,7,5.0,8.0,11.5,21.2,True,7,10.12,24.0,32.04,34.21,True,2026-06-02T17:43:11+00:00,"positive completed ACTUAL enrollment, positive completed registry-derived facility-count proxy, and completed ACTUAL enrollment per positive facility-count proxy; percentiles used without winsorization","Deterministic combined operational benchmark for planned enrollment, site-count proxy, and enrollment-coherent patients-per-site defaults; no operational ML model."
operational_benchmarks_v1,0a97519bd78f561a,phase_indication_rare|phase=PHASE2|indication=380|rare=0,PHASE2,380,,0,phase_indication_rare,7,85.5,123.0,241.0,265.0,True,7,7.5,18.0,32.0,46.2,True,7,5.2,6.37,18.64,45.1,True,2026-06-02T17:43:11+00:00,"positive completed ACTUAL enrollment, positive completed registry-derived facility-count proxy, and completed ACTUAL enrollment per positive facility-count proxy; percentiles used without winsorization","Deterministic combined operational benchmark for planned enrollment, site-count proxy, and enrollment-coherent patients-per-site defaults; no operational ML model."
operational_benchmarks_v1,0a97519bd78f561a,phase_indication_rare|phase=PHASE2|indication=390|rare=0,PHASE2,390,,0,phase_indication_rare,3,42.0,49.0,65.0,74.6,True,3,1.0,1.0,5.5,8.2,True,3,26.25,49.0,65.0,74.6,True,2026-06-02T17:43:11+00:00,"positive completed ACTUAL enrollment, positive completed registry-derived facility-count proxy, and completed ACTUAL enrollment per positive facility-count proxy; percentiles used without winsorization","Deterministic combined operational benchmark for planned enrollment, site-count proxy, and enrollment-coherent patients-per-site defaults; no operational ML model."
operational_benchmarks_v1,0a97519bd78f561a,phase_indication_rare|phase=PHASE2|indication=393|rare=0,PHASE2,393,,0,phase_indication_rare,23,85.0,132.0,282.0,456.4,True,23,2.0,5.0,13.0,15.8,True,23,16.19,24.0,43.0,380.2,True,2026-06-02T17:43:11+00:00,"positive completed ACTUAL enrollment, positive completed registry-derived facility-count proxy, and completed ACTUAL enrollment per positive facility-count proxy; percentiles used without winsorization","Deterministic combined operational benchmark for planned enrollment, site-count proxy, and enrollment-coherent patients-per-site defaults; no operational ML model."
operational_benchmarks_v1,0a97519bd78f561a,phase_indication_rare|phase=PHASE2|indication=400|rare=0,PHASE2,400,,0,phase_indication_rare,9,26.0,60.0,67.0,87.8,True,9,1.0,1.0,10.0,11.4,True,9,6.5,11.5,60.0,65.8,True,2026-06-02T17:43:11+00:00,"positive completed ACTUAL enrollment, positive completed registry-derived facility-count proxy, and completed ACTUAL enrollment per positive facility-count proxy; percentiles used without winsorization","Deterministic combined operational benchmark for planned enrollment, site-count proxy, and enrollment-coherent patients-per-site defaults; no operational ML model."
operational_benchmarks_v1,0a97519bd78f561a,phase_indication_rare|phase=PHASE2|indication=405|rare=1,PHASE2,405,,1,phase_indication_rare,1,11.0,11.0,11.0,11.0,True,1,2.0,2.0,2.0,2.0,True,1,5.5,5.5,5.5,5.5,True,2026-06-02T17:43:11+00:00,"positive completed ACTUAL enrollment, positive completed registry-derived facility-count proxy, and completed ACTUAL enrollment per positive facility-count proxy; percentiles used without winsorization","Deterministic combined operational benchmark for planned enrollment, site-count proxy, and enrollment-coherent patients-per-site defaults; no operational ML model."
operational_benchmarks_v1,0a97519bd78f561a,phase_indication_rare|phase=PHASE2|indication=408|rare=0,PHASE2,408,,0,phase_indication_rare,117,65.0,148.0,257.0,488.0,False,110,3.0,9.0,23.5,39.1,False,110,5.34,19.64,44.06,117.3,False,2026-06-02T17:43:11+00:00,"positive completed ACTUAL enrollment, positive completed registry-derived facility-count proxy, and completed ACTUAL enrollment per positive facility-count proxy; percentiles used without winsorization","Deterministic combined operational benchmark for planned enrollment, site-count proxy, and enrollment-coherent patients-per-site defaults; no operational ML model."
operational_benchmarks_v1,0a97519bd78f561a,phase_indication_rare|phase=PHASE2|indication=408|rare=1,PHASE2,408,,1,phase_indication_rare,6,46.5,129.0,173.25,192.5,True,6,4.0,4.5,15.5,19.5,True,6,6.99,8.88,33.75,47.25,True,2026-06-02T17:43:11+00:00,"positive completed ACTUAL enrollment, positive completed registry-derived facility-count proxy, and completed ACTUAL enrollment per positive facility-count proxy; percentiles used without winsorization","Deterministic combined operational benchmark for planned enrollment, site-count proxy, and enrollment-coherent patients-per-site defaults; no operational ML model."
operational_benchmarks_v1,0a97519bd78f561a,phase_indication_rare|phase=PHASE2|indication=411|rare=0,PHASE2,411,,0,phase_indication_rare,11,46.5,70.0,144.5,190.0,True,10,1.75,7.0,16.0,55.4,True,10,3.99,8.93,36.75,67.6,True,2026-06-02T17:43:11+00:00,"positive completed ACTUAL enrollment, positive completed registry-derived facility-count proxy, and completed ACTUAL enrollment per positive facility-count proxy; percentiles used without winsorization","Deterministic combined operational benchmark for planned enrollment, site-count proxy, and enrollment-coherent patients-per-site defaults; no operational ML model."
operational_benchmarks_v1,0a97519bd78f561a,phase_indication_rare|phase=PHASE2|indication=414|rare=0,PHASE2,414,,0,phase_indication_rare,34,40.5,87.5,150.75,220.4,True,33,8.0,24.0,36.0,62.4,True,33,3.27,3.97,5.62,35.54,True,2026-06-02T17:43:11+00:00,"positive completed ACTUAL enrollment, positive completed registry-derived facility-count proxy, and completed ACTUAL enrollment per positive facility-count proxy; percentiles used without winsorization","Deterministic combined operational benchmark for planned enrollment, site-count proxy, and enrollment-coherent patients-per-site defaults; no operational ML model."
operational_benchmarks_v1,0a97519bd78f561a,phase_indication_rare|phase=PHASE2|indication=414|rare=1,PHASE2,414,,1,phase_indication_rare,1,8.0,8.0,8.0,8.0,True,1,1.0,1.0,1.0,1.0,True,1,8.0,8.0,8.0,8.0,True,2026-06-02T17:43:11+00:00,"positive completed ACTUAL enrollment, positive completed registry-derived facility-count proxy, and completed ACTUAL enrollment per positive facility-count proxy; percentiles used without winsorization","Deterministic combined operational benchmark for planned enrollment, site-count proxy, and enrollment-coherent patients-per-site defaults; no operational ML model."
operational_benchmarks_v1,0a97519bd78f561a,phase_indication_rare|phase=PHASE2|indication=417|rare=0,PHASE2,417,,0,phase_indication_rare,59,31.5,70.0,145.0,207.2,False,57,3.0,15.0,28.0,55.2,False,57,3.25,6.14,13.0,26.0,False,2026-06-02T17:43:11+00:00,"positive completed ACTUAL enrollment, positive completed registry-derived facility-count proxy, and completed ACTUAL enrollment per positive facility-count proxy; percentiles used without winsorization","Deterministic combined operational benchmark for planned enrollment, site-count proxy, and enrollment-coherent patients-per-site defaults; no operational ML model."
operational_benchmarks_v1,0a97519bd78f561a,phase_indication_rare|phase=PHASE2|indication=417|rare=1,PHASE2,417,,1,phase_indication_rare,2,36.25,37.5,38.75,39.5,True,2,2.0,3.0,4.0,4.6,True,2,15.25,23.5,31.75,36.7,True,2026-06-02T17:43:11+00:00,"positive completed ACTUAL enrollment, positive completed registry-derived facility-count proxy, and completed ACTUAL enrollment per positive facility-count proxy; percentiles used without winsorization","Deterministic combined operational benchmark for planned enrollment, site-count proxy, and enrollment-coherent patients-per-site defaults; no operational ML model."
operational_benchmarks_v1,0a97519bd78f561a,phase_indication_rare|phase=PHASE2|indication=426|rare=0,PHASE2,426,,0,phase_indication_rare,237,52.0,100.0,153.0,226.0,False,230,8.0,19.0,44.0,69.0,False,229,2.83,4.25,7.59,31.62,False,2026-06-02T17:43:11+00:00,"positive completed ACTUAL enrollment, positive completed registry-derived facility-count proxy, and completed ACTUAL enrollment per positive facility-count proxy; percentiles used without winsorization","Deterministic combined operational benchmark for planned enrollment, site-count proxy, and enrollment-coherent patients-per-site defaults; no operational ML model."
operational_benchmarks_v1,0a97519bd78f561a,phase_indication_rare|phase=PHASE2|indication=429|rare=0,PHASE2,429,,0,phase_indication_rare,147,50.0,103.0,184.0,301.8,False,144,9.75,25.0,51.25,83.0,False,142,2.56,3.8,7.13,12.23,False,2026-06-02T17:43:11+00:00,"positive completed ACTUAL enrollment, positive completed registry-derived facility-count proxy, and completed ACTUAL enrollment per positive facility-count proxy; percentiles used without winsorization","Deterministic combined operational benchmark for planned enrollment, site-count proxy, and enrollment-coherent patients-per-site defaults; no operational ML model."
operational_benchmarks_v1,0a97519bd78f561a,phase_indication_rare|phase=PHASE2|indication=432|rare=0,PHASE2,432,,0,phase_indication_rare,25,52.0,119.0,194.0,239.6,True,26,2.0,8.0,43.0,67.0,True,25,2.97,14.0,25.0,119.6,True,2026-06-02T17:43:11+00:00,"positive completed ACTUAL enrollment, positive completed registry-derived facility-count proxy, and completed ACTUAL enrollment per positive facility-count proxy; percentiles used without winsorization","Deterministic combined operational benchmark for planned enrollment, site-count proxy, and enrollment-coherent patients-per-site defaults; no operational ML model."
operational_benchmarks_v1,0a97519bd78f561a,phase_indication_rare|phase=PHASE2|indication=435|rare=0,PHASE2,435,,0,phase_indication_rare,9,64.0,70.0,133.0,184.2,True,9,36.0,42.0,54.0,78.0,True,9,1.67,1.78,3.09,4.81,True,2026-06-02T17:43:11+00:00,"positive completed ACTUAL enrollment, positive completed registry-derived facility-count proxy, and completed ACTUAL enrollment per positive facility-count proxy; percentiles used without winsorization","Deterministic combined operational benchmark for planned enrollment, site-count proxy, and enrollment-coherent patients-per-site defaults; no operational ML model."
operational_benchmarks_v1,0a97519bd78f561a,phase_indication_rare|phase=PHASE2|indication=435|rare=1,PHASE2,435,,1,phase_indication_rare,2,96.25,100.5,104.75,107.3,True,2,34.25,41.5,48.75,53.1,True,2,2.24,2.84,3.44,3.8,True,2026-06-02T17:43:11+00:00,"positive completed ACTUAL enrollment, positive completed registry-derived facility-count proxy, and completed ACTUAL enrollment per positive facility-count proxy; percentiles used without winsorization","Deterministic combined operational benchmark for planned enrollment, site-count proxy, and enrollment-coherent patients-per-site defaults; no operational ML model."
operational_benchmarks_v1,0a97519bd78f561a,phase_indication_rare|phase=PHASE2|indication=438|rare=0,PHASE2,438,,0,phase_indication_rare,99,40.0,62.0,108.5,184.6,False,101,4.0,10.0,24.0,54.0,False,97,3.32,5.6,12.5,25.6,False,2026-06-02T17:43:11+00:00,"positive completed ACTUAL enrollment, positive completed registry-derived facility-count proxy, and completed ACTUAL enrollment per positive facility-count proxy; percentiles used without winsorization","Deterministic combined operational benchmark for planned enrollment, site-count proxy, and enrollment-coherent patients-per-site defaults; no operational ML model."
operational_benchmarks_v1,0a97519bd78f561a,phase_indication_rare|phase=PHASE2|indication=441|rare=0,PHASE2,441,,0,phase_indication_rare,77,41.0,75.0,154.0,245.6,False,74,5.0,13.0,36.25,64.4,False,74,3.15,5.85,11.52,39.85,False,2026-06-02T17:43:11+00:00,"positive completed ACTUAL enrollment, positive completed registry-derived facility-count proxy, and completed ACTUAL enrollment per positive facility-count proxy; percentiles used without winsorization","Deterministic combined operational benchmark for planned enrollment, site-count proxy, and enrollment-coherent patients-per-site defaults; no operational ML model."
operational_benchmarks_v1,0a97519bd78f561a,phase_indication_rare|phase=PHASE2|indication=444|rare=0,PHASE2,444,,0,phase_indication_rare,13,55.0,80.0,123.0,217.0,True,13,7.0,22.0,34.0,66.2,True,13,2.6,3.81,10.43,23.76,True,2026-06-02T17:43:11+00:00,"positive completed ACTUAL enrollment, positive completed registry-derived facility-count proxy, and completed ACTUAL enrollment per positive facility-count proxy; percentiles used without winsorization","Deterministic combined operational benchmark for planned enrollment, site-count proxy, and enrollment-coherent patients-per-site defaults; no operational ML model."
operational_benchmarks_v1,0a97519bd78f561a,phase_indication_rare|phase=PHASE2|indication=447|rare=0,PHASE2,447,,0,phase_indication_rare,8,32.5,90.0,135.75,153.9,True,8,1.0,1.0,1.25,6.8,True,8,27.25,46.0,87.0,153.9,True,2026-06-02T17:43:11+00:00,"positive completed ACTUAL enrollment, positive completed registry-derived facility-count proxy, and completed ACTUAL enrollment per positive facility-count proxy; percentiles used without winsorization","Deterministic combined operational benchmark for planned enrollment, site-count proxy, and enrollment-coherent patients-per-site defaults; no operational ML model."
operational_benchmarks_v1,0a97519bd78f561a,phase_indication_rare|phase=PHASE2|indication=447|rare=1,PHASE2,447,,1,phase_indication_rare,1,47.0,47.0,47.0,47.0,True,1,5.0,5.0,5.0,5.0,True,1,9.4,9.4,9.4,9.4,True,2026-06-02T17:43:11+00:00,"positive completed ACTUAL enrollment, positive completed registry-derived facility-count proxy, and completed ACTUAL enrollment per positive facility-count proxy; percentiles used without winsorization","Deterministic combined operational benchmark for planned enrollment, site-count proxy, and enrollment-coherent patients-per-site defaults; no operational ML model."
operational_benchmarks_v1,0a97519bd78f561a,phase_indication_rare|phase=PHASE2|indication=450|rare=0,PHASE2,450,,0,phase_indication_rare,14,23.25,56.0,99.75,156.3,True,14,6.25,17.0,32.5,46.2,True,14,2.46,3.48,6.02,7.16,True,2026-06-02T17:43:11+00:00,"positive completed ACTUAL enrollment, positive completed registry-derived facility-count proxy, and completed ACTUAL enrollment per positive facility-count proxy; percentiles used without winsorization","Deterministic combined operational benchmark for planned enrollment, site-count proxy, and enrollment-coherent patients-per-site defaults; no operational ML model."
operational_benchmarks_v1,0a97519bd78f561a,phase_indication_rare|phase=PHASE2|indication=453|rare=0,PHASE2,453,,0,phase_indication_rare,4,26.75,34.0,42.0,47.4,True,4,4.75,5.0,5.5,6.4,True,4,4.11,5.97,9.04,11.27,True,2026-06-02T17:43:11+00:00,"positive completed ACTUAL enrollment, positive completed registry-derived facility-count proxy, and completed ACTUAL enrollment per positive facility-count proxy; percentiles used without winsorization","Deterministic combined operational benchmark for planned enrollment, site-count proxy, and enrollment-coherent patients-per-site defaults; no operational ML model."
operational_benchmarks_v1,0a97519bd78f561a,phase_indication_rare|phase=PHASE2|indication=453|rare=1,PHASE2,453,,1,phase_indication_rare,3,48.5,63.0,111.0,139.8,True,3,17.0,33.0,44.5,51.4,True,3,2.97,4.82,19.41,28.16,True,2026-06-02T17:43:11+00:00,"positive completed ACTUAL enrollment, positive completed registry-derived facility-count proxy, and completed ACTUAL enrollment per positive facility-count proxy; percentiles used without winsorization","Deterministic combined operational benchmark for planned enrollment, site-count proxy, and enrollment-coherent patients-per-site defaults; no operational ML model."
operational_benchmarks_v1,0a97519bd78f561a,phase_indication_rare|phase=PHASE2|indication=456|rare=0,PHASE2,456,,0,phase_indication_rare,47,35.0,65.0,138.5,209.8,True,47,4.0,15.0,33.5,53.4,True,47,2.91,5.24,12.75,20.0,True,2026-06-02T17:43:11+00:00,"positive completed ACTUAL enrollment, positive completed registry-derived facility-count proxy, and completed ACTUAL enrollment per positive facility-count proxy; percentiles used without winsorization","Deterministic combined operational benchmark for planned enrollment, site-count proxy, and enrollment-coherent patients-per-site defaults; no operational ML model."
operational_benchmarks_v1,0a97519bd78f561a,phase_indication_rare|phase=PHASE2|indication=456|rare=1,PHASE2,456,,1,phase_indication_rare,1,12.0,12.0,12.0,12.0,True,1,4.0,4.0,4.0,4.0,True,1,3.0,3.0,3.0,3.0,True,2026-06-02T17:43:11+00:00,"positive completed ACTUAL enrollment, positive completed registry-derived facility-count proxy, and completed ACTUAL enrollment per positive facility-count proxy; percentiles used without winsorization","Deterministic combined operational benchmark for planned enrollment, site-count proxy, and enrollment-coherent patients-per-site defaults; no operational ML model."
operational_benchmarks_v1,0a97519bd78f561a,phase_indication_rare|phase=PHASE2|indication=459|rare=0,PHASE2,459,,0,phase_indication_rare,63,42.5,80.0,153.0,215.2,False,60,10.0,16.5,33.75,49.0,False,60,2.96,4.7,7.62,12.05,False,2026-06-02T17:43:11+00:00,"positive completed ACTUAL enrollment, positive completed registry-derived facility-count proxy, and completed ACTUAL enrollment per positive facility-count proxy; percentiles used without winsorization","Deterministic combined operational benchmark for planned enrollment, site-count proxy, and enrollment-coherent patients-per-site defaults; no operational ML model."
operational_benchmarks_v1,0a97519bd78f561a,phase_indication_rare|phase=PHASE2|indication=459|rare=1,PHASE2,459,,1,phase_indication_rare,2,38.25,56.5,74.75,85.7,True,2,14.5,17.0,19.5,21.0,True,2,2.31,2.95,3.59,3.97,True,2026-06-02T17:43:11+00:00,"positive completed ACTUAL enrollment, positive completed registry-derived facility-count proxy, and completed ACTUAL enrollment per positive facility-count proxy; percentiles used without winsorization","Deterministic combined operational benchmark for planned enrollment, site-count proxy, and enrollment-coherent patients-per-site defaults; no operational ML model."
operational_benchmarks_v1,0a97519bd78f561a,phase_indication_rare|phase=PHASE2|indication=462|rare=0,PHASE2,462,,0,phase_indication_rare,40,35.25,84.5,160.75,230.5,True,42,1.0,5.5,12.75,58.9,True,40,6.95,14.0,26.25,41.6,True,2026-06-02T17:43:11+00:00,"positive completed ACTUAL enrollment, positive completed registry-derived facility-count proxy, and completed ACTUAL enrollment per positive facility-count proxy; percentiles used without winsorization","Deterministic combined operational benchmark for planned enrollment, site-count proxy, and enrollment-coherent patients-per-site defaults; no operational ML model."
operational_benchmarks_v1,0a97519bd78f561a,phase_indication_rare|phase=PHASE2|indication=462|rare=1,PHASE2,462,,1,phase_indication_rare,5,17.0,18.0,21.0,52.2,True,5,3.0,6.0,7.0,12.4,True,5,3.0,4.56,6.0,7.5,True,2026-06-02T17:43:11+00:00,"positive completed ACTUAL enrollment, positive completed registry-derived facility-count proxy, and completed ACTUAL enrollment per positive facility-count proxy; percentiles used without winsorization","Deterministic combined operational benchmark for planned enrollment, site-count proxy, and enrollment-coherent patients-per-site defaults; no operational ML model."
operational_benchmarks_v1,0a97519bd78f561a,phase_indication_rare|phase=PHASE2|indication=465|rare=0,PHASE2,465,,0,phase_indication_rare,63,35.0,93.0,138.5,190.8,False,62,4.0,14.0,31.75,49.7,False,62,2.81,4.22,10.26,46.2,False,2026-06-02T17:43:11+00:00,"positive completed ACTUAL enrollment, positive completed registry-derived facility-count proxy, and completed ACTUAL enrollment per positive facility-count proxy; percentiles used without winsorization","Deterministic combined operational benchmark for planned enrollment, site-count proxy, and enrollment-coherent patients-per-site defaults; no operational ML model."
operational_benchmarks_v1,0a97519bd78f561a,phase_indication_rare|phase=PHASE2|indication=465|rare=1,PHASE2,465,,1,phase_indication_rare,2,133.75,214.5,295.25,343.7,True,1,21.0,21.0,21.0,21.0,True,1,2.52,2.52,2.52,2.52,True,2026-06-02T17:43:11+00:00,"positive completed ACTUAL enrollment, positive completed registry-derived facility-count proxy, and completed ACTUAL enrollment per positive facility-count proxy; percentiles used without winsorization","Deterministic combined operational benchmark for planned enrollment, site-count proxy, and enrollment-coherent patients-per-site defaults; no operational ML model."
operational_benchmarks_v1,0a97519bd78f561a,phase_indication_rare|phase=PHASE2|indication=468|rare=1,PHASE2,468,,1,phase_indication_rare,1,19.0,19.0,19.0,19.0,True,1,3.0,3.0,3.0,3.0,True,1,6.33,6.33,6.33,6.33,True,2026-06-02T17:43:11+00:00,"positive completed ACTUAL enrollment, positive completed registry-derived facility-count proxy, and completed ACTUAL enrollment per positive facility-count proxy; percentiles used without winsorization","Deterministic combined operational benchmark for planned enrollment, site-count proxy, and enrollment-coherent patients-per-site defaults; no operational ML model."
operational_benchmarks_v1,0a97519bd78f561a,phase_indication_rare|phase=PHASE2|indication=471|rare=0,PHASE2,471,,0,phase_indication_rare,28,85.0,108.0,189.75,350.2,True,26,17.5,24.0,41.75,74.5,True,26,2.93,4.03,6.37,13.47,True,2026-06-02T17:43:11+00:00,"positive completed ACTUAL enrollment, positive completed registry-derived facility-count proxy, and completed ACTUAL enrollment per positive facility-count proxy; percentiles used without winsorization","Deterministic combined operational benchmark for planned enrollment, site-count proxy, and enrollment-coherent patients-per-site defaults; no operational ML model."
operational_benchmarks_v1,0a97519bd78f561a,phase_indication_rare|phase=PHASE2|indication=471|rare=1,PHASE2,471,,1,phase_indication_rare,3,22.5,41.0,84.0,109.8,True,3,4.5,8.0,24.0,33.6,True,3,3.59,4.0,4.56,4.9,True,2026-06-02T17:43:11+00:00,"positive completed ACTUAL enrollment, positive completed registry-derived facility-count proxy, and completed ACTUAL enrollment per positive facility-count proxy; percentiles used without winsorization","Deterministic combined operational benchmark for planned enrollment, site-count proxy, and enrollment-coherent patients-per-site defaults; no operational ML model."
operational_benchmarks_v1,0a97519bd78f561a,phase_indication_rare|phase=PHASE2|indication=474|rare=0,PHASE2,474,,0,phase_indication_rare,29,40.0,50.0,107.0,207.6,True,25,6.0,17.0,29.0,62.2,True,25,2.38,4.03,7.17,16.2,True,2026-06-02T17:43:11+00:00,"positive completed ACTUAL enrollment, positive completed registry-derived facility-count proxy, and completed ACTUAL enrollment per positive facility-count proxy; percentiles used without winsorization","Deterministic combined operational benchmark for planned enrollment, site-count proxy, and enrollment-coherent patients-per-site defaults; no operational ML model."
operational_benchmarks_v1,0a97519bd78f561a,phase_indication_rare|phase=PHASE2|indication=477|rare=0,PHASE2,477,,0,phase_indication_rare,40,25.75,56.5,121.75,160.4,True,39,4.0,8.0,16.5,53.8,True,39,3.38,5.17,10.27,21.73,True,2026-06-02T17:43:11+00:00,"positive completed ACTUAL enrollment, positive completed registry-derived facility-count proxy, and completed ACTUAL enrollment per positive facility-count proxy; percentiles used without winsorization","Deterministic combined operational benchmark for planned enrollment, site-count proxy, and enrollment-coherent patients-per-site defaults; no operational ML model."
operational_benchmarks_v1,0a97519bd78f561a,phase_indication_rare|phase=PHASE2|indication=477|rare=1,PHASE2,477,,1,phase_indication_rare,2,26.5,31.0,35.5,38.2,True,2,14.0,23.0,32.0,37.4,True,2,2.4,4.27,6.13,7.25,True,2026-06-02T17:43:11+00:00,"positive completed ACTUAL enrollment, positive completed registry-derived facility-count proxy, and completed ACTUAL enrollment per positive facility-count proxy; percentiles used without winsorization","Deterministic combined operational benchmark for planned enrollment, site-count proxy, and enrollment-coherent patients-per-site defaults; no operational ML model."
operational_benchmarks_v1,0a97519bd78f561a,phase_indication_rare|phase=PHASE2|indication=480|rare=0,PHASE2,480,,0,phase_indication_rare,5,48.0,51.0,51.0,165.0,True,5,3.0,3.0,16.0,67.0,True,5,3.19,9.67,17.0,35.6,True,2026-06-02T17:43:11+00:00,"positive completed ACTUAL enrollment, positive completed registry-derived facility-count proxy, and completed ACTUAL enrollment per positive facility-count proxy; percentiles used without winsorization","Deterministic combined operational benchmark for planned enrollment, site-count proxy, and enrollment-coherent patients-per-site defaults; no operational ML model."
operational_benchmarks_v1,0a97519bd78f561a,phase_indication_rare|phase=PHASE2|indication=480|rare=1,PHASE2,480,,1,phase_indication_rare,4,30.75,46.5,60.0,63.6,True,4,1.75,3.5,6.25,8.5,True,4,5.25,19.4,33.5,34.4,True,2026-06-02T17:43:11+00:00,"positive completed ACTUAL enrollment, positive completed registry-derived facility-count proxy, and completed ACTUAL enrollment per positive facility-count proxy; percentiles used without winsorization","Deterministic combined operational benchmark for planned enrollment, site-count proxy, and enrollment-coherent patients-per-site defaults; no operational ML model."
operational_benchmarks_v1,0a97519bd78f561a,phase_indication_rare|phase=PHASE2|indication=483|rare=0,PHASE2,483,,0,phase_indication_rare,2,65.0,89.0,113.0,127.4,True,2,4.5,8.0,11.5,13.6,True,2,17.1,25.07,33.03,37.81,True,2026-06-02T17:43:11+00:00,"positive completed ACTUAL enrollment, positive completed registry-derived facility-count proxy, and completed ACTUAL enrollment per positive facility-count proxy; percentiles used without winsorization","Deterministic combined operational benchmark for planned enrollment, site-count proxy, and enrollment-coherent patients-per-site defaults; no operational ML model."
operational_benchmarks_v1,0a97519bd78f561a,phase_indication_rare|phase=PHASE2|indication=483|rare=1,PHASE2,483,,1,phase_indication_rare,4,80.0,92.0,138.5,204.2,True,4,15.25,18.5,34.5,58.8,True,4,4.3,4.74,5.22,5.87,True,2026-06-02T17:43:11+00:00,"positive completed ACTUAL enrollment, positive completed registry-derived facility-count proxy, and completed ACTUAL enrollment per positive facility-count proxy; percentiles used without winsorization","Deterministic combined operational benchmark for planned enrollment, site-count proxy, and enrollment-coherent patients-per-site defaults; no operational ML model."
operational_benchmarks_v1,0a97519bd78f561a,phase_indication_rare|phase=PHASE2|indication=484|rare=0,PHASE2,484,,0,phase_indication_rare,19,42.5,75.0,113.0,159.0,True,18,3.25,8.5,27.0,49.8,True,18,3.39,5.59,10.71,86.2,True,2026-06-02T17:43:11+00:00,"positive completed ACTUAL enrollment, positive completed registry-derived facility-count proxy, and completed ACTUAL enrollment per positive facility-count proxy; percentiles used without winsorization","Deterministic combined operational benchmark for planned enrollment, site-count proxy, and enrollment-coherent patients-per-site defaults; no operational ML model."
operational_benchmarks_v1,0a97519bd78f561a,phase_indication_rare|phase=PHASE2|indication=484|rare=1,PHASE2,484,,1,phase_indication_rare,1,203.0,203.0,203.0,203.0,True,1,105.0,105.0,105.0,105.0,True,1,1.93,1.93,1.93,1.93,True,2026-06-02T17:43:11+00:00,"positive completed ACTUAL enrollment, positive completed registry-derived facility-count proxy, and completed ACTUAL enrollment per positive facility-count proxy; percentiles used without winsorization","Deterministic combined operational benchmark for planned enrollment, site-count proxy, and enrollment-coherent patients-per-site defaults; no operational ML model."
operational_benchmarks_v1,0a97519bd78f561a,phase_indication_rare|phase=PHASE2|indication=485|rare=0,PHASE2,485,,0,phase_indication_rare,87,42.0,64.0,103.5,163.4,False,83,11.5,22.0,38.5,67.0,False,83,2.08,2.63,4.43,8.87,False,2026-06-02T17:43:11+00:00,"positive completed ACTUAL enrollment, positive completed registry-derived facility-count proxy, and completed ACTUAL enrollment per positive facility-count proxy; percentiles used without winsorization","Deterministic combined operational benchmark for planned enrollment, site-count proxy, and enrollment-coherent patients-per-site defaults; no operational ML model."
operational_benchmarks_v1,0a97519bd78f561a,phase_indication_rare|phase=PHASE2|indication=485|rare=1,PHASE2,485,,1,phase_indication_rare,38,29.0,51.5,85.0,116.5,True,37,13.0,19.0,32.0,64.2,True,37,1.57,2.79,4.33,6.48,True,2026-06-02T17:43:11+00:00,"positive completed ACTUAL enrollment, positive completed registry-derived facility-count proxy, and completed ACTUAL enrollment per positive facility-count proxy; percentiles used without winsorization","Deterministic combined operational benchmark for planned enrollment, site-count proxy, and enrollment-coherent patients-per-site defaults; no operational ML model."
operational_benchmarks_v1,0a97519bd78f561a,phase_indication_rare|phase=PHASE2|indication=486|rare=0,PHASE2,486,,0,phase_indication_rare,62,30.25,74.0,121.0,193.2,False,62,11.0,21.5,35.25,58.8,False,62,2.26,3.34,5.32,8.31,False,2026-06-02T17:43:11+00:00,"positive completed ACTUAL enrollment, positive completed registry-derived facility-count proxy, and completed ACTUAL enrollment per positive facility-count proxy; percentiles used without winsorization","Deterministic combined operational benchmark for planned enrollment, site-count proxy, and enrollment-coherent patients-per-site defaults; no operational ML model."
operational_benchmarks_v1,0a97519bd78f561a,phase_indication_rare|phase=PHASE2|indication=486|rare=1,PHASE2,486,,1,phase_indication_rare,4,57.75,76.5,142.5,244.2,True,4,21.25,33.0,43.25,47.3,True,4,1.7,2.36,5.37,9.64,True,2026-06-02T17:43:11+00:00,"positive completed ACTUAL enrollment, positive completed registry-derived facility-count proxy, and completed ACTUAL enrollment per positive facility-count proxy; percentiles used without winsorization","Deterministic combined operational benchmark for planned enrollment, site-count proxy, and enrollment-coherent patients-per-site defaults; no operational ML model."
operational_benchmarks_v1,0a97519bd78f561a,phase_indication_rare|phase=PHASE2|indication=487|rare=0,PHASE2,487,,0,phase_indication_rare,94,35.25,66.5,121.75,177.3,False,93,8.0,21.0,40.0,77.4,False,92,2.03,3.47,6.09,11.15,False,2026-06-02T17:43:11+00:00,"positive completed ACTUAL enrollment, positive completed registry-derived facility-count proxy, and completed ACTUAL enrollment per positive facility-count proxy; percentiles used without winsorization","Deterministic combined operational benchmark for planned enrollment, site-count proxy, and enrollment-coherent patients-per-site defaults; no operational ML model."
operational_benchmarks_v1,0a97519bd78f561a,phase_indication_rare|phase=PHASE2|indication=487|rare=1,PHASE2,487,,1,phase_indication_rare,8,29.75,39.0,86.25,151.5,True,8,9.5,14.0,42.5,54.8,True,8,1.76,3.39,5.77,7.04,True,2026-06-02T17:43:11+00:00,"positive completed ACTUAL enrollment, positive completed registry-derived facility-count proxy, and completed ACTUAL enrollment per positive facility-count proxy; percentiles used without winsorization","Deterministic combined operational benchmark for planned enrollment, site-count proxy, and enrollment-coherent patients-per-site defaults; no operational ML model."
operational_benchmarks_v1,0a97519bd78f561a,phase_indication_rare|phase=PHASE2|indication=489|rare=0,PHASE2,489,,0,phase_indication_rare,150,27.5,60.0,111.75,217.7,False,147,4.0,12.0,27.5,58.4,False,147,2.42,4.58,9.06,27.5,False,2026-06-02T17:43:11+00:00,"positive completed ACTUAL enrollment, positive completed registry-derived facility-count proxy, and completed ACTUAL enrollment per positive facility-count proxy; percentiles used without winsorization","Deterministic combined operational benchmark for planned enrollment, site-count proxy, and enrollment-coherent patients-per-site defaults; no operational ML model."
operational_benchmarks_v1,0a97519bd78f561a,phase_indication_rare|phase=PHASE2|indication=489|rare=1,PHASE2,489,,1,phase_indication_rare,51,20.0,39.0,89.0,116.0,False,51,6.0,15.0,32.0,46.0,False,51,1.84,3.34,4.6,7.6,False,2026-06-02T17:43:11+00:00,"positive completed ACTUAL enrollment, positive completed registry-derived facility-count proxy, and completed ACTUAL enrollment per positive facility-count proxy; percentiles used without winsorization","Deterministic combined operational benchmark for planned enrollment, site-count proxy, and enrollment-coherent patients-per-site defaults; no operational ML model."
operational_benchmarks_v1,0a97519bd78f561a,phase_indication_rare|phase=PHASE2|indication=490|rare=0,PHASE2,490,,0,phase_indication_rare,20,42.5,81.5,98.75,177.1,True,20,4.75,18.0,31.25,64.7,True,20,2.31,3.72,13.66,40.5,True,2026-06-02T17:43:11+00:00,"positive completed ACTUAL enrollment, positive completed registry-derived facility-count proxy, and completed ACTUAL enrollment per positive facility-count proxy; percentiles used without winsorization","Deterministic combined operational benchmark for planned enrollment, site-count proxy, and enrollment-coherent patients-per-site defaults; no operational ML model."
operational_benchmarks_v1,0a97519bd78f561a,phase_indication_rare|phase=PHASE2|indication=490|rare=1,PHASE2,490,,1,phase_indication_rare,43,28.5,45.0,74.5,119.6,True,44,2.75,10.0,21.0,26.0,True,43,2.52,4.38,8.83,47.6,True,2026-06-02T17:43:11+00:00,"positive completed ACTUAL enrollment, positive completed registry-derived facility-count proxy, and completed ACTUAL enrollment per positive facility-count proxy; percentiles used without winsorization","Deterministic combined operational benchmark for planned enrollment, site-count proxy, and enrollment-coherent patients-per-site defaults; no operational ML model."
operational_benchmarks_v1,0a97519bd78f561a,phase_indication_rare|phase=PHASE2|indication=493|rare=0,PHASE2,493,,0,phase_indication_rare,105,51.0,129.0,324.0,533.8,False,102,5.0,15.5,38.75,75.0,False,102,5.18,8.0,14.97,42.08,False,2026-06-02T17:43:11+00:00,"positive completed ACTUAL enrollment, positive completed registry-derived facility-count proxy, and completed ACTUAL enrollment per positive facility-count proxy; percentiles used without winsorization","Deterministic combined operational benchmark for planned enrollment, site-count proxy, and enrollment-coherent patients-per-site defaults; no operational ML model."
operational_benchmarks_v1,0a97519bd78f561a,phase_indication_rare|phase=PHASE2|indication=494|rare=0,PHASE2,494,,0,phase_indication_rare,42,34.5,84.5,154.25,300.4,True,43,3.0,11.0,21.5,52.4,True,42,4.16,7.08,13.71,39.0,True,2026-06-02T17:43:11+00:00,"positive completed ACTUAL enrollment, positive completed registry-derived facility-count proxy, and completed ACTUAL enrollment per positive facility-count proxy; percentiles used without winsorization","Deterministic combined operational benchmark for planned enrollment, site-count proxy, and enrollment-coherent patients-per-site defaults; no operational ML model."
operational_benchmarks_v1,0a97519bd78f561a,phase_indication_rare|phase=PHASE2|indication=498|rare=0,PHASE2,498,,0,phase_indication_rare,40,55.75,83.5,248.25,398.2,True,40,3.0,13.0,30.0,67.0,True,40,3.99,6.84,17.41,94.45,True,2026-06-02T17:43:11+00:00,"positive completed ACTUAL enrollment, positive completed registry-derived facility-count proxy, and completed ACTUAL enrollment per positive facility-count proxy; percentiles used without winsorization","Deterministic combined operational benchmark for planned enrollment, site-count proxy, and enrollment-coherent patients-per-site defaults; no operational ML model."
operational_benchmarks_v1,0a97519bd78f561a,phase_indication_rare|phase=PHASE2|indication=499|rare=0,PHASE2,499,,0,phase_indication_rare,16,29.0,47.5,99.25,363.5,True,16,4.75,16.0,35.5,79.5,True,16,2.89,4.48,4.88,8.17,True,2026-06-02T17:43:11+00:00,"positive completed ACTUAL enrollment, positive completed registry-derived facility-count proxy, and completed ACTUAL enrollment per positive facility-count proxy; percentiles used without winsorization","Deterministic combined operational benchmark for planned enrollment, site-count proxy, and enrollment-coherent patients-per-site defaults; no operational ML model."
operational_benchmarks_v1,0a97519bd78f561a,phase_indication_rare|phase=PHASE2|indication=499|rare=1,PHASE2,499,,1,phase_indication_rare,7,16.5,25.0,47.5,71.4,True,7,5.0,7.0,11.5,23.4,True,7,2.35,3.0,4.18,6.09,True,2026-06-02T17:43:11+00:00,"positive completed ACTUAL enrollment, positive completed registry-derived facility-count proxy, and completed ACTUAL enrollment per positive facility-count proxy; percentiles used without winsorization","Deterministic combined operational benchmark for planned enrollment, site-count proxy, and enrollment-coherent patients-per-site defaults; no operational ML model."
operational_benchmarks_v1,0a97519bd78f561a,phase_indication_rare|phase=PHASE2|indication=500|rare=0,PHASE2,500,,0,phase_indication_rare,19,85.0,176.0,254.0,430.2,True,18,6.0,22.5,33.5,94.2,True,18,4.86,7.3,10.22,19.69,True,2026-06-02T17:43:11+00:00,"positive completed ACTUAL enrollment, positive completed registry-derived facility-count proxy, and completed ACTUAL enrollment per positive facility-count proxy; percentiles used without winsorization","Deterministic combined operational benchmark for planned enrollment, site-count proxy, and enrollment-coherent patients-per-site defaults; no operational ML model."
operational_benchmarks_v1,0a97519bd78f561a,phase_indication_rare|phase=PHASE2|indication=501|rare=0,PHASE2,501,,0,phase_indication_rare,1,57.0,57.0,57.0,57.0,True,1,15.0,15.0,15.0,15.0,True,1,3.8,3.8,3.8,3.8,True,2026-06-02T17:43:11+00:00,"positive completed ACTUAL enrollment, positive completed registry-derived facility-count proxy, and completed ACTUAL enrollment per positive facility-count proxy; percentiles used without winsorization","Deterministic combined operational benchmark for planned enrollment, site-count proxy, and enrollment-coherent patients-per-site defaults; no operational ML model."
operational_benchmarks_v1,0a97519bd78f561a,phase_indication_rare|phase=PHASE2|indication=502|rare=0,PHASE2,502,,0,phase_indication_rare,18,35.5,53.5,95.0,200.9,True,19,6.0,10.0,17.5,22.0,True,17,3.83,5.38,16.0,22.93,True,2026-06-02T17:43:11+00:00,"positive completed ACTUAL enrollment, positive completed registry-derived facility-count proxy, and completed ACTUAL enrollment per positive facility-count proxy; percentiles used without winsorization","Deterministic combined operational benchmark for planned enrollment, site-count proxy, and enrollment-coherent patients-per-site defaults; no operational ML model."
operational_benchmarks_v1,0a97519bd78f561a,phase_indication_rare|phase=PHASE2|indication=502|rare=1,PHASE2,502,,1,phase_indication_rare,1,90.0,90.0,90.0,90.0,True,1,10.0,10.0,10.0,10.0,True,1,9.0,9.0,9.0,9.0,True,2026-06-02T17:43:11+00:00,"positive completed ACTUAL enrollment, positive completed registry-derived facility-count proxy, and completed ACTUAL enrollment per positive facility-count proxy; percentiles used without winsorization","Deterministic combined operational benchmark for planned enrollment, site-count proxy, and enrollment-coherent patients-per-site defaults; no operational ML model."
operational_benchmarks_v1,0a97519bd78f561a,phase_indication_rare|phase=PHASE2|indication=503|rare=0,PHASE2,503,,0,phase_indication_rare,1,121.0,121.0,121.0,121.0,True,1,78.0,78.0,78.0,78.0,True,1,1.55,1.55,1.55,1.55,True,2026-06-02T17:43:11+00:00,"positive completed ACTUAL enrollment, positive completed registry-derived facility-count proxy, and completed ACTUAL enrollment per positive facility-count proxy; percentiles used without winsorization","Deterministic combined operational benchmark for planned enrollment, site-count proxy, and enrollment-coherent patients-per-site defaults; no operational ML model."
operational_benchmarks_v1,0a97519bd78f561a,phase_indication_rare|phase=PHASE2|indication=504|rare=0,PHASE2,504,,0,phase_indication_rare,1,228.0,228.0,228.0,228.0,True,1,10.0,10.0,10.0,10.0,True,1,22.8,22.8,22.8,22.8,True,2026-06-02T17:43:11+00:00,"positive completed ACTUAL enrollment, positive completed registry-derived facility-count proxy, and completed ACTUAL enrollment per positive facility-count proxy; percentiles used without winsorization","Deterministic combined operational benchmark for planned enrollment, site-count proxy, and enrollment-coherent patients-per-site defaults; no operational ML model."
operational_benchmarks_v1,0a97519bd78f561a,phase_indication_rare|phase=PHASE2|indication=507|rare=0,PHASE2,507,,0,phase_indication_rare,145,60.0,159.0,270.0,423.0,False,143,2.0,14.0,39.0,80.8,False,142,4.53,8.87,27.75,118.8,False,2026-06-02T17:43:11+00:00,"positive completed ACTUAL enrollment, positive completed registry-derived facility-count proxy, and completed ACTUAL enrollment per positive facility-count proxy; percentiles used without winsorization","Deterministic combined operational benchmark for planned enrollment, site-count proxy, and enrollment-coherent patients-per-site defaults; no operational ML model."
operational_benchmarks_v1,0a97519bd78f561a,phase_indication_rare|phase=PHASE2|indication=507|rare=1,PHASE2,507,,1,phase_indication_rare,16,22.25,27.0,53.75,85.5,True,16,1.75,4.5,14.5,23.0,True,16,3.16,5.75,12.5,21.5,True,2026-06-02T17:43:11+00:00,"positive completed ACTUAL enrollment, positive completed registry-derived facility-count proxy, and completed ACTUAL enrollment per positive facility-count proxy; percentiles used without winsorization","Deterministic combined operational benchmark for planned enrollment, site-count proxy, and enrollment-coherent patients-per-site defaults; no operational ML model."
operational_benchmarks_v1,0a97519bd78f561a,phase_indication_rare|phase=PHASE2|indication=509|rare=0,PHASE2,509,,0,phase_indication_rare,142,49.0,106.0,281.75,435.4,False,137,3.0,10.0,29.0,67.0,False,137,6.83,10.5,20.35,49.4,False,2026-06-02T17:43:11+00:00,"positive completed ACTUAL enrollment, positive completed registry-derived facility-count proxy, and completed ACTUAL enrollment per positive facility-count proxy; percentiles used without winsorization","Deterministic combined operational benchmark for planned enrollment, site-count proxy, and enrollment-coherent patients-per-site defaults; no operational ML model."
operational_benchmarks_v1,0a97519bd78f561a,phase_indication_rare|phase=PHASE2|indication=509|rare=1,PHASE2,509,,1,phase_indication_rare,4,75.75,95.0,99.0,99.0,True,4,14.0,21.5,35.75,53.3,True,4,3.24,4.58,5.51,5.81,True,2026-06-02T17:43:11+00:00,"positive completed ACTUAL enrollment, positive completed registry-derived facility-count proxy, and completed ACTUAL enrollment per positive facility-count proxy; percentiles used without winsorization","Deterministic combined operational benchmark for planned enrollment, site-count proxy, and enrollment-coherent patients-per-site defaults; no operational ML model."
operational_benchmarks_v1,0a97519bd78f561a,phase_indication_rare|phase=PHASE2|indication=515|rare=0,PHASE2,515,,0,phase_indication_rare,225,36.0,79.0,243.0,527.2,False,220,2.0,10.5,43.25,96.1,False,215,4.47,6.75,14.0,41.2,False,2026-06-02T17:43:11+00:00,"positive completed ACTUAL enrollment, positive completed registry-derived facility-count proxy, and completed ACTUAL enrollment per positive facility-count proxy; percentiles used without winsorization","Deterministic combined operational benchmark for planned enrollment, site-count proxy, and enrollment-coherent patients-per-site defaults; no operational ML model."
operational_benchmarks_v1,0a97519bd78f561a,phase_indication_rare|phase=PHASE2|indication=516|rare=0,PHASE2,516,,0,phase_indication_rare,39,38.0,63.0,153.5,223.4,True,38,6.5,22.0,51.5,82.8,True,38,2.87,3.37,5.0,8.74,True,2026-06-02T17:43:11+00:00,"positive completed ACTUAL enrollment, positive completed registry-derived facility-count proxy, and completed ACTUAL enrollment per positive facility-count proxy; percentiles used without winsorization","Deterministic combined operational benchmark for planned enrollment, site-count proxy, and enrollment-coherent patients-per-site defaults; no operational ML model."
operational_benchmarks_v1,0a97519bd78f561a,phase_indication_rare|phase=PHASE2|indication=516|rare=1,PHASE2,516,,1,phase_indication_rare,13,49.0,117.0,165.0,239.6,True,13,4.0,18.0,59.0,68.4,True,13,3.57,6.0,7.6,21.0,True,2026-06-02T17:43:11+00:00,"positive completed ACTUAL enrollment, positive completed registry-derived facility-count proxy, and completed ACTUAL enrollment per positive facility-count proxy; percentiles used without winsorization","Deterministic combined operational benchmark for planned enrollment, site-count proxy, and enrollment-coherent patients-per-site defaults; no operational ML model."
operational_benchmarks_v1,0a97519bd78f561a,phase_indication_rare|phase=PHASE2|indication=520|rare=0,PHASE2,520,,0,phase_indication_rare,159,40.0,70.0,180.0,300.0,False,160,1.0,2.0,14.0,34.1,False,151,6.88,16.45,62.0,159.0,False,2026-06-02T17:43:11+00:00,"positive completed ACTUAL enrollment, positive completed registry-derived facility-count proxy, and completed ACTUAL enrollment per positive facility-count proxy; percentiles used without winsorization","Deterministic combined operational benchmark for planned enrollment, site-count proxy, and enrollment-coherent patients-per-site defaults; no operational ML model."
operational_benchmarks_v1,0a97519bd78f561a,phase_indication_rare|phase=PHASE2|indication=520|rare=1,PHASE2,520,,1,phase_indication_rare,25,40.0,85.0,123.0,158.4,True,25,12.0,26.0,38.0,55.2,True,25,2.26,3.15,4.3,8.21,True,2026-06-02T17:43:11+00:00,"positive completed ACTUAL enrollment, positive completed registry-derived facility-count proxy, and completed ACTUAL enrollment per positive facility-count proxy; percentiles used without winsorization","Deterministic combined operational benchmark for planned enrollment, site-count proxy, and enrollment-coherent patients-per-site defaults; no operational ML model."
operational_benchmarks_v1,0a97519bd78f561a,phase_indication_rare|phase=PHASE2|indication=521|rare=0,PHASE2,521,,0,phase_indication_rare,399,45.5,91.0,179.0,297.0,False,367,4.5,16.0,37.5,73.8,False,365,3.14,5.32,10.0,41.8,False,2026-06-02T17:43:11+00:00,"positive completed ACTUAL enrollment, positive completed registry-derived facility-count proxy, and completed ACTUAL enrollment per positive facility-count proxy; percentiles used without winsorization","Deterministic combined operational benchmark for planned enrollment, site-count proxy, and enrollment-coherent patients-per-site defaults; no operational ML model."
operational_benchmarks_v1,0a97519bd78f561a,phase_indication_rare|phase=PHASE2|indication=521|rare=1,PHASE2,521,,1,phase_indication_rare,21,23.0,36.0,68.0,120.0,True,21,4.0,14.0,24.0,36.0,True,21,2.14,3.0,6.33,8.0,True,2026-06-02T17:43:11+00:00,"positive completed ACTUAL enrollment, positive completed registry-derived facility-count proxy, and completed ACTUAL enrollment per positive facility-count proxy; percentiles used without winsorization","Deterministic combined operational benchmark for planned enrollment, site-count proxy, and enrollment-coherent patients-per-site defaults; no operational ML model."
operational_benchmarks_v1,0a97519bd78f561a,phase_indication_rare|phase=PHASE2|indication=530|rare=0,PHASE2,530,,0,phase_indication_rare,18,45.25,69.0,129.0,209.4,True,18,2.0,4.5,12.0,30.4,True,18,5.97,10.18,42.38,71.55,True,2026-06-02T17:43:11+00:00,"positive completed ACTUAL enrollment, positive completed registry-derived facility-count proxy, and completed ACTUAL enrollment per positive facility-count proxy; percentiles used without winsorization","Deterministic combined operational benchmark for planned enrollment, site-count proxy, and enrollment-coherent patients-per-site defaults; no operational ML model."
operational_benchmarks_v1,0a97519bd78f561a,phase_indication_rare|phase=PHASE2|indication=531|rare=0,PHASE2,531,,0,phase_indication_rare,5,50.0,64.0,105.0,319.8,True,5,1.0,3.0,5.0,5.0,True,5,12.8,21.0,50.0,112.6,True,2026-06-02T17:43:11+00:00,"positive completed ACTUAL enrollment, positive completed registry-derived facility-count proxy, and completed ACTUAL enrollment per positive facility-count proxy; percentiles used without winsorization","Deterministic combined operational benchmark for planned enrollment, site-count proxy, and enrollment-coherent patients-per-site defaults; no operational ML model."
operational_benchmarks_v1,0a97519bd78f561a,phase_indication_rare|phase=PHASE2|indication=532|rare=0,PHASE2,532,,0,phase_indication_rare,125,50.0,112.0,195.0,266.8,False,123,16.0,38.0,81.5,129.4,False,121,1.69,2.29,3.67,10.0,False,2026-06-02T17:43:11+00:00,"positive completed ACTUAL enrollment, positive completed registry-derived facility-count proxy, and completed ACTUAL enrollment per positive facility-count proxy; percentiles used without winsorization","Deterministic combined operational benchmark for planned enrollment, site-count proxy, and enrollment-coherent patients-per-site defaults; no operational ML model."
operational_benchmarks_v1,0a97519bd78f561a,phase_indication_rare|phase=PHASE2|indication=532|rare=1,PHASE2,532,,1,phase_indication_rare,1,7.0,7.0,7.0,7.0,True,1,5.0,5.0,5.0,5.0,True,1,1.4,1.4,1.4,1.4,True,2026-06-02T17:43:11+00:00,"positive completed ACTUAL enrollment, positive completed registry-derived facility-count proxy, and completed ACTUAL enrollment per positive facility-count proxy; percentiles used without winsorization","Deterministic combined operational benchmark for planned enrollment, site-count proxy, and enrollment-coherent patients-per-site defaults; no operational ML model."
operational_benchmarks_v1,0a97519bd78f561a,phase_indication_rare|phase=PHASE2|indication=533|rare=0,PHASE2,533,,0,phase_indication_rare,1,10.0,10.0,10.0,10.0,True,1,1.0,1.0,1.0,1.0,True,1,10.0,10.0,10.0,10.0,True,2026-06-02T17:43:11+00:00,"positive completed ACTUAL enrollment, positive completed registry-derived facility-count proxy, and completed ACTUAL enrollment per positive facility-count proxy; percentiles used without winsorization","Deterministic combined operational benchmark for planned enrollment, site-count proxy, and enrollment-coherent patients-per-site defaults; no operational ML model."
operational_benchmarks_v1,0a97519bd78f561a,phase_indication_rare|phase=PHASE2|indication=534|rare=0,PHASE2,534,,0,phase_indication_rare,6,49.25,62.0,89.0,166.5,True,6,12.0,31.0,48.5,63.5,True,6,1.69,2.06,2.91,50.57,True,2026-06-02T17:43:11+00:00,"positive completed ACTUAL enrollment, positive completed registry-derived facility-count proxy, and completed ACTUAL enrollment per positive facility-count proxy; percentiles used without winsorization","Deterministic combined operational benchmark for planned enrollment, site-count proxy, and enrollment-coherent patients-per-site defaults; no operational ML model."
operational_benchmarks_v1,0a97519bd78f561a,phase_indication_rare|phase=PHASE2|indication=534|rare=1,PHASE2,534,,1,phase_indication_rare,5,24.0,52.0,59.0,95.0,True,5,12.0,23.0,26.0,33.2,True,5,2.26,2.27,2.67,2.95,True,2026-06-02T17:43:11+00:00,"positive completed ACTUAL enrollment, positive completed registry-derived facility-count proxy, and completed ACTUAL enrollment per positive facility-count proxy; percentiles used without winsorization","Deterministic combined operational benchmark for planned enrollment, site-count proxy, and enrollment-coherent patients-per-site defaults; no operational ML model."
operational_benchmarks_v1,0a97519bd78f561a,phase_indication_rare|phase=PHASE2|indication=535|rare=0,PHASE2,535,,0,phase_indication_rare,5,11.0,21.0,33.0,142.8,True,5,1.0,6.0,9.0,25.8,True,5,2.33,5.84,7.0,22.6,True,2026-06-02T17:43:11+00:00,"positive completed ACTUAL enrollment, positive completed registry-derived facility-count proxy, and completed ACTUAL enrollment per positive facility-count proxy; percentiles used without winsorization","Deterministic combined operational benchmark for planned enrollment, site-count proxy, and enrollment-coherent patients-per-site defaults; no operational ML model."
operational_benchmarks_v1,0a97519bd78f561a,phase_indication_rare|phase=PHASE2|indication=535|rare=1,PHASE2,535,,1,phase_indication_rare,3,30.5,41.0,55.5,64.2,True,3,12.0,14.0,15.5,16.4,True,3,2.46,2.93,3.52,3.88,True,2026-06-02T17:43:11+00:00,"positive completed ACTUAL enrollment, positive completed registry-derived facility-count proxy, and completed ACTUAL enrollment per positive facility-count proxy; percentiles used without winsorization","Deterministic combined operational benchmark for planned enrollment, site-count proxy, and enrollment-coherent patients-per-site defaults; no operational ML model."
operational_benchmarks_v1,0a97519bd78f561a,phase_indication_rare|phase=PHASE2|indication=543|rare=0,PHASE2,543,,0,phase_indication_rare,155,61.0,124.0,251.0,366.6,False,154,6.0,17.0,36.5,63.1,False,153,4.47,6.62,12.33,40.35,False,2026-06-02T17:43:11+00:00,"positive completed ACTUAL enrollment, positive completed registry-derived facility-count proxy, and completed ACTUAL enrollment per positive facility-count proxy; percentiles used without winsorization","Deterministic combined operational benchmark for planned enrollment, site-count proxy, and enrollment-coherent patients-per-site defaults; no operational ML model."
operational_benchmarks_v1,0a97519bd78f561a,phase_indication_rare|phase=PHASE2|indication=543|rare=1,PHASE2,543,,1,phase_indication_rare,9,49.0,109.0,189.0,322.4,True,9,2.0,12.0,40.0,50.8,True,9,3.98,9.41,49.0,50.9,True,2026-06-02T17:43:11+00:00,"positive completed ACTUAL enrollment, positive completed registry-derived facility-count proxy, and completed ACTUAL enrollment per positive facility-count proxy; percentiles used without winsorization","Deterministic combined operational benchmark for planned enrollment, site-count proxy, and enrollment-coherent patients-per-site defaults; no operational ML model."
operational_benchmarks_v1,0a97519bd78f561a,phase_indication_rare|phase=PHASE2|indication=544|rare=0,PHASE2,544,,0,phase_indication_rare,79,26.0,64.0,113.5,170.2,False,79,3.0,11.0,25.0,42.4,False,76,3.33,4.88,10.25,27.5,False,2026-06-02T17:43:11+00:00,"positive completed ACTUAL enrollment, positive completed registry-derived facility-count proxy, and completed ACTUAL enrollment per positive facility-count proxy; percentiles used without winsorization","Deterministic combined operational benchmark for planned enrollment, site-count proxy, and enrollment-coherent patients-per-site defaults; no operational ML model."
operational_benchmarks_v1,0a97519bd78f561a,phase_indication_rare|phase=PHASE2|indication=544|rare=1,PHASE2,544,,1,phase_indication_rare,2,106.75,107.5,108.25,108.7,True,2,19.75,20.5,21.25,21.7,True,2,5.05,5.28,5.51,5.64,True,2026-06-02T17:43:11+00:00,"positive completed ACTUAL enrollment, positive completed registry-derived facility-count proxy, and completed ACTUAL enrollment per positive facility-count proxy; percentiles used without winsorization","Deterministic combined operational benchmark for planned enrollment, site-count proxy, and enrollment-coherent patients-per-site defaults; no operational ML model."
operational_benchmarks_v1,0a97519bd78f561a,phase_indication_rare|phase=PHASE2|indication=545|rare=0,PHASE2,545,,0,phase_indication_rare,41,21.0,35.0,93.0,156.0,True,41,6.0,11.0,28.0,67.0,True,41,2.12,3.18,5.0,7.0,True,2026-06-02T17:43:11+00:00,"positive completed ACTUAL enrollment, positive completed registry-derived facility-count proxy, and completed ACTUAL enrollment per positive facility-count proxy; percentiles used without winsorization","Deterministic combined operational benchmark for planned enrollment, site-count proxy, and enrollment-coherent patients-per-site defaults; no operational ML model."
operational_benchmarks_v1,0a97519bd78f561a,phase_indication_rare|phase=PHASE2|indication=545|rare=1,PHASE2,545,,1,phase_indication_rare,7,26.5,30.0,37.5,81.0,True,7,10.5,12.0,21.5,34.4,True,7,2.01,3.0,3.15,3.24,True,2026-06-02T17:43:11+00:00,"positive completed ACTUAL enrollment, positive completed registry-derived facility-count proxy, and completed ACTUAL enrollment per positive facility-count proxy; percentiles used without winsorization","Deterministic combined operational benchmark for planned enrollment, site-count proxy, and enrollment-coherent patients-per-site defaults; no operational ML model."
operational_benchmarks_v1,0a97519bd78f561a,phase_indication_rare|phase=PHASE2|indication=546|rare=0,PHASE2,546,,0,phase_indication_rare,51,54.5,130.0,257.5,407.0,False,52,11.75,19.5,51.25,72.0,False,50,4.01,5.04,8.85,23.15,False,2026-06-02T17:43:11+00:00,"positive completed ACTUAL enrollment, positive completed registry-derived facility-count proxy, and completed ACTUAL enrollment per positive facility-count proxy; percentiles used without winsorization","Deterministic combined operational benchmark for planned enrollment, site-count proxy, and enrollment-coherent patients-per-site defaults; no operational ML model."
operational_benchmarks_v1,0a97519bd78f561a,phase_indication_rare|phase=PHASE2|indication=546|rare=1,PHASE2,546,,1,phase_indication_rare,2,164.5,200.0,235.5,256.8,True,2,1.0,1.0,1.0,1.0,True,2,164.5,200.0,235.5,256.8,True,2026-06-02T17:43:11+00:00,"positive completed ACTUAL enrollment, positive completed registry-derived facility-count proxy, and completed ACTUAL enrollment per positive facility-count proxy; percentiles used without winsorization","Deterministic combined operational benchmark for planned enrollment, site-count proxy, and enrollment-coherent patients-per-site defaults; no operational ML model."
operational_benchmarks_v1,0a97519bd78f561a,phase_indication_rare|phase=PHASE2|indication=554|rare=0,PHASE2,554,,0,phase_indication_rare,9,27.0,66.0,70.0,334.8,True,9,5.0,11.0,17.0,40.8,True,9,3.6,4.47,7.16,20.95,True,2026-06-02T17:43:11+00:00,"positive completed ACTUAL enrollment, positive completed registry-derived facility-count proxy, and completed ACTUAL enrollment per positive facility-count proxy; percentiles used without winsorization","Deterministic combined operational benchmark for planned enrollment, site-count proxy, and enrollment-coherent patients-per-site defaults; no operational ML model."
operational_benchmarks_v1,0a97519bd78f561a,phase_indication_rare|phase=PHASE2|indication=554|rare=1,PHASE2,554,,1,phase_indication_rare,31,18.0,49.0,73.5,138.0,True,31,2.5,7.0,19.0,24.0,True,31,5.06,6.33,12.5,16.0,True,2026-06-02T17:43:11+00:00,"positive completed ACTUAL enrollment, positive completed registry-derived facility-count proxy, and completed ACTUAL enrollment per positive facility-count proxy; percentiles used without winsorization","Deterministic combined operational benchmark for planned enrollment, site-count proxy, and enrollment-coherent patients-per-site defaults; no operational ML model."
operational_benchmarks_v1,0a97519bd78f561a,phase_indication_rare|phase=PHASE2|indication=557|rare=0,PHASE2,557,,0,phase_indication_rare,161,46.0,100.0,174.0,294.0,False,160,1.0,9.0,27.25,41.3,False,155,4.05,7.52,24.0,101.8,False,2026-06-02T17:43:11+00:00,"positive completed ACTUAL enrollment, positive completed registry-derived facility-count proxy, and completed ACTUAL enrollment per positive facility-count proxy; percentiles used without winsorization","Deterministic combined operational benchmark for planned enrollment, site-count proxy, and enrollment-coherent patients-per-site defaults; no operational ML model."
operational_benchmarks_v1,0a97519bd78f561a,phase_indication_rare|phase=PHASE2|indication=557|rare=1,PHASE2,557,,1,phase_indication_rare,88,29.75,44.5,78.75,140.5,False,90,2.0,8.0,20.75,45.2,False,87,2.85,5.0,11.54,28.4,False,2026-06-02T17:43:11+00:00,"positive completed ACTUAL enrollment, positive completed registry-derived facility-count proxy, and completed ACTUAL enrollment per positive facility-count proxy; percentiles used without winsorization","Deterministic combined operational benchmark for planned enrollment, site-count proxy, and enrollment-coherent patients-per-site defaults; no operational ML model."
operational_benchmarks_v1,0a97519bd78f561a,phase_indication_rare|phase=PHASE2|indication=559|rare=0,PHASE2,559,,0,phase_indication_rare,69,90.0,207.0,300.0,408.8,False,69,5.0,23.0,40.0,65.6,False,68,6.18,8.96,15.22,40.56,False,2026-06-02T17:43:11+00:00,"positive completed ACTUAL enrollment, positive completed registry-derived facility-count proxy, and completed ACTUAL enrollment per positive facility-count proxy; percentiles used without winsorization","Deterministic combined operational benchmark for planned enrollment, site-count proxy, and enrollment-coherent patients-per-site defaults; no operational ML model."
operational_benchmarks_v1,0a97519bd78f561a,phase_indication_rare|phase=PHASE2|indication=560|rare=0,PHASE2,560,,0,phase_indication_rare,8,22.5,64.0,138.0,268.8,True,8,1.0,1.5,8.0,20.0,True,8,12.95,17.8,28.0,91.0,True,2026-06-02T17:43:11+00:00,"positive completed ACTUAL enrollment, positive completed registry-derived facility-count proxy, and completed ACTUAL enrollment per positive facility-count proxy; percentiles used without winsorization","Deterministic combined operational benchmark for planned enrollment, site-count proxy, and enrollment-coherent patients-per-site defaults; no operational ML model."
operational_benchmarks_v1,0a97519bd78f561a,phase_indication_rare|phase=PHASE2|indication=561|rare=0,PHASE2,561,,0,phase_indication_rare,39,44.5,123.0,214.0,303.6,True,39,1.0,2.0,8.0,15.6,True,39,19.98,31.75,44.5,130.0,True,2026-06-02T17:43:11+00:00,"positive completed ACTUAL enrollment, positive completed registry-derived facility-count proxy, and completed ACTUAL enrollment per positive facility-count proxy; percentiles used without winsorization","Deterministic combined operational benchmark for planned enrollment, site-count proxy, and enrollment-coherent patients-per-site defaults; no operational ML model."
operational_benchmarks_v1,0a97519bd78f561a,phase_indication_rare|phase=PHASE2|indication=567|rare=0,PHASE2,567,,0,phase_indication_rare,117,84.0,164.0,251.0,381.2,False,118,10.25,21.5,40.5,63.2,False,117,4.67,7.14,12.75,34.23,False,2026-06-02T17:43:11+00:00,"positive completed ACTUAL enrollment, positive completed registry-derived facility-count proxy, and completed ACTUAL enrollment per positive facility-count proxy; percentiles used without winsorization","Deterministic combined operational benchmark for planned enrollment, site-count proxy, and enrollment-coherent patients-per-site defaults; no operational ML model."
operational_benchmarks_v1,0a97519bd78f561a,phase_indication_rare|phase=PHASE2|indication=570|rare=0,PHASE2,570,,0,phase_indication_rare,9,35.0,116.0,234.0,392.0,True,9,12.0,26.0,44.0,87.2,True,9,3.18,4.03,6.64,7.67,True,2026-06-02T17:43:11+00:00,"positive completed ACTUAL enrollment, positive completed registry-derived facility-count proxy, and completed ACTUAL enrollment per positive facility-count proxy; percentiles used without winsorization","Deterministic combined operational benchmark for planned enrollment, site-count proxy, and enrollment-coherent patients-per-site defaults; no operational ML model."
operational_benchmarks_v1,0a97519bd78f561a,phase_indication_rare|phase=PHASE2|indication=571|rare=0,PHASE2,571,,0,phase_indication_rare,23,39.5,83.0,150.5,223.6,True,23,2.5,10.0,20.5,29.2,True,23,6.57,8.6,14.7,20.0,True,2026-06-02T17:43:11+00:00,"positive completed ACTUAL enrollment, positive completed registry-derived facility-count proxy, and completed ACTUAL enrollment per positive facility-count proxy; percentiles used without winsorization","Deterministic combined operational benchmark for planned enrollment, site-count proxy, and enrollment-coherent patients-per-site defaults; no operational ML model."
operational_benchmarks_v1,0a97519bd78f561a,phase_indication_rare|phase=PHASE2|indication=571|rare=1,PHASE2,571,,1,phase_indication_rare,1,12.0,12.0,12.0,12.0,True,1,1.0,1.0,1.0,1.0,True,1,12.0,12.0,12.0,12.0,True,2026-06-02T17:43:11+00:00,"positive completed ACTUAL enrollment, positive completed registry-derived facility-count proxy, and completed ACTUAL enrollment per positive facility-count proxy; percentiles used without winsorization","Deterministic combined operational benchmark for planned enrollment, site-count proxy, and enrollment-coherent patients-per-site defaults; no operational ML model."
operational_benchmarks_v1,0a97519bd78f561a,phase_indication_rare|phase=PHASE2|indication=572|rare=0,PHASE2,572,,0,phase_indication_rare,7,26.0,69.0,141.5,196.6,True,7,3.0,6.0,27.5,30.4,True,7,5.44,6.4,10.12,14.9,True,2026-06-02T17:43:11+00:00,"positive completed ACTUAL enrollment, positive completed registry-derived facility-count proxy, and completed ACTUAL enrollment per positive facility-count proxy; percentiles used without winsorization","Deterministic combined operational benchmark for planned enrollment, site-count proxy, and enrollment-coherent patients-per-site defaults; no operational ML model."
operational_benchmarks_v1,0a97519bd78f561a,phase_indication_rare|phase=PHASE2|indication=575|rare=0,PHASE2,575,,0,phase_indication_rare,15,55.0,103.0,153.0,376.6,True,15,8.0,19.0,24.0,78.8,True,15,4.98,6.25,7.49,16.07,True,2026-06-02T17:43:11+00:00,"positive completed ACTUAL enrollment, positive completed registry-derived facility-count proxy, and completed ACTUAL enrollment per positive facility-count proxy; percentiles used without winsorization","Deterministic combined operational benchmark for planned enrollment, site-count proxy, and enrollment-coherent patients-per-site defaults; no operational ML model."
operational_benchmarks_v1,0a97519bd78f561a,phase_indication_rare|phase=PHASE2|indication=578|rare=0,PHASE2,578,,0,phase_indication_rare,29,53.0,109.0,222.0,304.2,True,29,1.0,6.0,16.0,28.6,True,29,11.0,15.13,26.5,61.8,True,2026-06-02T17:43:11+00:00,"positive completed ACTUAL enrollment, positive completed registry-derived facility-count proxy, and completed ACTUAL enrollment per positive facility-count proxy; percentiles used without winsorization","Deterministic combined operational benchmark for planned enrollment, site-count proxy, and enrollment-coherent patients-per-site defaults; no operational ML model."
operational_benchmarks_v1,0a97519bd78f561a,phase_indication_rare|phase=PHASE2|indication=582|rare=1,PHASE2,582,,1,phase_indication_rare,12,39.75,53.5,88.75,171.4,True,12,5.0,18.0,25.0,37.3,True,12,3.35,4.7,6.23,9.8,True,2026-06-02T17:43:11+00:00,"positive completed ACTUAL enrollment, positive completed registry-derived facility-count proxy, and completed ACTUAL enrollment per positive facility-count proxy; percentiles used without winsorization","Deterministic combined operational benchmark for planned enrollment, site-count proxy, and enrollment-coherent patients-per-site defaults; no operational ML model."
operational_benchmarks_v1,0a97519bd78f561a,phase_indication_rare|phase=PHASE2|indication=585|rare=0,PHASE2,585,,0,phase_indication_rare,34,38.0,105.5,209.5,327.8,True,34,2.5,12.0,30.5,53.4,True,34,5.1,7.86,13.56,39.88,True,2026-06-02T17:43:11+00:00,"positive completed ACTUAL enrollment, positive completed registry-derived facility-count proxy, and completed ACTUAL enrollment per positive facility-count proxy; percentiles used without winsorization","Deterministic combined operational benchmark for planned enrollment, site-count proxy, and enrollment-coherent patients-per-site defaults; no operational ML model."
operational_benchmarks_v1,0a97519bd78f561a,phase_indication_rare|phase=PHASE2|indication=585|rare=1,PHASE2,585,,1,phase_indication_rare,3,17.5,18.0,27.0,32.4,True,3,2.5,4.0,5.0,5.6,True,3,5.25,6.0,11.5,14.8,True,2026-06-02T17:43:11+00:00,"positive completed ACTUAL enrollment, positive completed registry-derived facility-count proxy, and completed ACTUAL enrollment per positive facility-count proxy; percentiles used without winsorization","Deterministic combined operational benchmark for planned enrollment, site-count proxy, and enrollment-coherent patients-per-site defaults; no operational ML model."
operational_benchmarks_v1,0a97519bd78f561a,phase_indication_rare|phase=PHASE2|indication=587|rare=0,PHASE2,587,,0,phase_indication_rare,352,51.0,108.5,234.5,382.2,False,342,1.0,10.0,30.0,63.9,False,340,5.55,9.89,25.25,76.5,False,2026-06-02T17:43:11+00:00,"positive completed ACTUAL enrollment, positive completed registry-derived facility-count proxy, and completed ACTUAL enrollment per positive facility-count proxy; percentiles used without winsorization","Deterministic combined operational benchmark for planned enrollment, site-count proxy, and enrollment-coherent patients-per-site defaults; no operational ML model."
operational_benchmarks_v1,0a97519bd78f561a,phase_indication_rare|phase=PHASE2|indication=587|rare=1,PHASE2,587,,1,phase_indication_rare,1,18.0,18.0,18.0,18.0,True,1,5.0,5.0,5.0,5.0,True,1,3.6,3.6,3.6,3.6,True,2026-06-02T17:43:11+00:00,"positive completed ACTUAL enrollment, positive completed registry-derived facility-count proxy, and completed ACTUAL enrollment per positive facility-count proxy; percentiles used without winsorization","Deterministic combined operational benchmark for planned enrollment, site-count proxy, and enrollment-coherent patients-per-site defaults; no operational ML model."
operational_benchmarks_v1,0a97519bd78f561a,phase_indication_rare|phase=PHASE2|indication=588|rare=0,PHASE2,588,,0,phase_indication_rare,4,134.25,202.0,260.75,308.9,True,4,7.5,14.0,23.25,30.9,True,4,7.46,9.21,26.6,57.44,True,2026-06-02T17:43:11+00:00,"positive completed ACTUAL enrollment, positive completed registry-derived facility-count proxy, and completed ACTUAL enrollment per positive facility-count proxy; percentiles used without winsorization","Deterministic combined operational benchmark for planned enrollment, site-count proxy, and enrollment-coherent patients-per-site defaults; no operational ML model."
operational_benchmarks_v1,0a97519bd78f561a,phase_indication_rare|phase=PHASE2|indication=589|rare=0,PHASE2,589,,0,phase_indication_rare,197,49.0,97.0,183.0,312.6,False,196,4.0,18.0,41.25,83.0,False,193,2.99,5.0,10.6,66.0,False,2026-06-02T17:43:11+00:00,"positive completed ACTUAL enrollment, positive completed registry-derived facility-count proxy, and completed ACTUAL enrollment per positive facility-count proxy; percentiles used without winsorization","Deterministic combined operational benchmark for planned enrollment, site-count proxy, and enrollment-coherent patients-per-site defaults; no operational ML model."
operational_benchmarks_v1,0a97519bd78f561a,phase_indication_rare|phase=PHASE2|indication=589|rare=1,PHASE2,589,,1,phase_indication_rare,33,22.0,43.0,103.0,172.6,True,33,7.0,22.0,37.0,52.4,True,33,1.27,2.0,3.8,5.07,True,2026-06-02T17:43:11+00:00,"positive completed ACTUAL enrollment, positive completed registry-derived facility-count proxy, and completed ACTUAL enrollment per positive facility-count proxy; percentiles used without winsorization","Deterministic combined operational benchmark for planned enrollment, site-count proxy, and enrollment-coherent patients-per-site defaults; no operational ML model."
operational_benchmarks_v1,0a97519bd78f561a,phase_indication_rare|phase=PHASE2|indication=594|rare=0,PHASE2,594,,0,phase_indication_rare,119,51.0,119.0,231.5,363.0,False,116,2.75,10.5,30.25,58.0,False,115,4.72,8.38,20.06,52.8,False,2026-06-02T17:43:11+00:00,"positive completed ACTUAL enrollment, positive completed registry-derived facility-count proxy, and completed ACTUAL enrollment per positive facility-count proxy; percentiles used without winsorization","Deterministic combined operational benchmark for planned enrollment, site-count proxy, and enrollment-coherent patients-per-site defaults; no operational ML model."
operational_benchmarks_v1,0a97519bd78f561a,phase_indication_rare|phase=PHASE2|indication=594|rare=1,PHASE2,594,,1,phase_indication_rare,5,15.0,55.0,112.0,148.0,True,5,9.0,12.0,56.0,62.6,True,5,1.67,2.0,2.57,3.78,True,2026-06-02T17:43:11+00:00,"positive completed ACTUAL enrollment, positive completed registry-derived facility-count proxy, and completed ACTUAL enrollment per positive facility-count proxy; percentiles used without winsorization","Deterministic combined operational benchmark for planned enrollment, site-count proxy, and enrollment-coherent patients-per-site defaults; no operational ML model."
operational_benchmarks_v1,0a97519bd78f561a,phase_indication_rare|phase=PHASE2|indication=603|rare=0,PHASE2,603,,0,phase_indication_rare,119,66.5,132.0,243.0,367.0,False,117,1.0,8.0,24.0,53.4,False,113,6.98,13.72,39.6,81.6,False,2026-06-02T17:43:11+00:00,"positive completed ACTUAL enrollment, positive completed registry-derived facility-count proxy, and completed ACTUAL enrollment per positive facility-count proxy; percentiles used without winsorization","Deterministic combined operational benchmark for planned enrollment, site-count proxy, and enrollment-coherent patients-per-site defaults; no operational ML model."
operational_benchmarks_v1,0a97519bd78f561a,phase_indication_rare|phase=PHASE2|indication=613|rare=0,PHASE2,613,,0,phase_indication_rare,14,50.0,73.5,132.75,165.5,True,13,9.0,17.0,33.0,55.0,True,13,2.67,4.35,9.06,18.8,True,2026-06-02T17:43:11+00:00,"positive completed ACTUAL enrollment, positive completed registry-derived facility-count proxy, and completed ACTUAL enrollment per positive facility-count proxy; percentiles used without winsorization","Deterministic combined operational benchmark for planned enrollment, site-count proxy, and enrollment-coherent patients-per-site defaults; no operational ML model."
operational_benchmarks_v1,0a97519bd78f561a,phase_indication_rare|phase=PHASE2|indication=613|rare=1,PHASE2,613,,1,phase_indication_rare,43,14.0,33.0,52.5,87.6,True,43,4.0,12.0,20.0,26.4,True,43,2.1,3.52,6.0,8.4,True,2026-06-02T17:43:11+00:00,"positive completed ACTUAL enrollment, positive completed registry-derived facility-count proxy, and completed ACTUAL enrollment per positive facility-count proxy; percentiles used without winsorization","Deterministic combined operational benchmark for planned enrollment, site-count proxy, and enrollment-coherent patients-per-site defaults; no operational ML model."
operational_benchmarks_v1,0a97519bd78f561a,phase_indication_rare|phase=PHASE2|indication=619|rare=0,PHASE2,619,,0,phase_indication_rare,265,54.0,119.0,264.0,404.0,False,264,3.0,15.0,39.0,74.0,False,261,3.69,7.59,19.5,80.0,False,2026-06-02T17:43:11+00:00,"positive completed ACTUAL enrollment, positive completed registry-derived facility-count proxy, and completed ACTUAL enrollment per positive facility-count proxy; percentiles used without winsorization","Deterministic combined operational benchmark for planned enrollment, site-count proxy, and enrollment-coherent patients-per-site defaults; no operational ML model."
operational_benchmarks_v1,0a97519bd78f561a,phase_indication_rare|phase=PHASE2|indication=619|rare=1,PHASE2,619,,1,phase_indication_rare,279,13.0,26.0,49.5,102.6,False,276,4.0,9.0,20.25,40.0,False,274,1.82,2.82,5.18,11.45,False,2026-06-02T17:43:11+00:00,"positive completed ACTUAL enrollment, positive completed registry-derived facility-count proxy, and completed ACTUAL enrollment per positive facility-count proxy; percentiles used without winsorization","Deterministic combined operational benchmark for planned enrollment, site-count proxy, and enrollment-coherent patients-per-site defaults; no operational ML model."
operational_benchmarks_v1,0a97519bd78f561a,phase_indication_rare|phase=PHASE2|indication=627|rare=0,PHASE2,627,,0,phase_indication_rare,153,77.0,145.0,251.0,375.0,False,148,12.0,31.0,50.25,90.9,False,145,3.15,4.43,9.85,48.6,False,2026-06-02T17:43:11+00:00,"positive completed ACTUAL enrollment, positive completed registry-derived facility-count proxy, and completed ACTUAL enrollment per positive facility-count proxy; percentiles used without winsorization","Deterministic combined operational benchmark for planned enrollment, site-count proxy, and enrollment-coherent patients-per-site defaults; no operational ML model."
operational_benchmarks_v1,0a97519bd78f561a,phase_indication_rare|phase=PHASE2|indication=628|rare=0,PHASE2,628,,0,phase_indication_rare,129,60.0,122.0,246.0,390.6,False,125,2.0,7.0,23.0,34.6,False,123,8.31,14.0,26.5,60.0,False,2026-06-02T17:43:11+00:00,"positive completed ACTUAL enrollment, positive completed registry-derived facility-count proxy, and completed ACTUAL enrollment per positive facility-count proxy; percentiles used without winsorization","Deterministic combined operational benchmark for planned enrollment, site-count proxy, and enrollment-coherent patients-per-site defaults; no operational ML model."
operational_benchmarks_v1,0a97519bd78f561a,phase_indication_rare|phase=PHASE2|indication=630|rare=0,PHASE2,630,,0,phase_indication_rare,37,82.0,149.0,236.0,449.8,True,36,5.0,17.0,31.75,55.0,True,36,5.05,7.41,14.39,84.5,True,2026-06-02T17:43:11+00:00,"positive completed ACTUAL enrollment, positive completed registry-derived facility-count proxy, and completed ACTUAL enrollment per positive facility-count proxy; percentiles used without winsorization","Deterministic combined operational benchmark for planned enrollment, site-count proxy, and enrollment-coherent patients-per-site defaults; no operational ML model."
operational_benchmarks_v1,0a97519bd78f561a,phase_indication_rare|phase=PHASE2|indication=631|rare=0,PHASE2,631,,0,phase_indication_rare,1,180.0,180.0,180.0,180.0,True,1,1.0,1.0,1.0,1.0,True,1,180.0,180.0,180.0,180.0,True,2026-06-02T17:43:11+00:00,"positive completed ACTUAL enrollment, positive completed registry-derived facility-count proxy, and completed ACTUAL enrollment per positive facility-count proxy; percentiles used without winsorization","Deterministic combined operational benchmark for planned enrollment, site-count proxy, and enrollment-coherent patients-per-site defaults; no operational ML model."
operational_benchmarks_v1,0a97519bd78f561a,phase_indication_rare|phase=PHASE2|indication=632|rare=0,PHASE2,632,,0,phase_indication_rare,47,62.0,100.0,167.5,235.4,True,49,1.0,6.0,24.0,50.0,True,47,4.63,8.0,40.0,93.7,True,2026-06-02T17:43:11+00:00,"positive completed ACTUAL enrollment, positive completed registry-derived facility-count proxy, and completed ACTUAL enrollment per positive facility-count proxy; percentiles used without winsorization","Deterministic combined operational benchmark for planned enrollment, site-count proxy, and enrollment-coherent patients-per-site defaults; no operational ML model."
operational_benchmarks_v1,0a97519bd78f561a,phase_indication_rare|phase=PHASE2|indication=639|rare=0,PHASE2,639,,0,phase_indication_rare,140,66.75,137.0,205.75,303.2,False,133,2.0,9.0,24.0,49.8,False,133,5.24,11.0,36.0,94.0,False,2026-06-02T17:43:11+00:00,"positive completed ACTUAL enrollment, positive completed registry-derived facility-count proxy, and completed ACTUAL enrollment per positive facility-count proxy; percentiles used without winsorization","Deterministic combined operational benchmark for planned enrollment, site-count proxy, and enrollment-coherent patients-per-site defaults; no operational ML model."
operational_benchmarks_v1,0a97519bd78f561a,phase_indication_rare|phase=PHASE2|indication=639|rare=1,PHASE2,639,,1,phase_indication_rare,46,14.25,32.5,50.25,60.5,True,46,4.0,8.0,12.0,15.0,True,46,2.51,3.92,6.0,13.33,True,2026-06-02T17:43:11+00:00,"positive completed ACTUAL enrollment, positive completed registry-derived facility-count proxy, and completed ACTUAL enrollment per positive facility-count proxy; percentiles used without winsorization","Deterministic combined operational benchmark for planned enrollment, site-count proxy, and enrollment-coherent patients-per-site defaults; no operational ML model."
operational_benchmarks_v1,0a97519bd78f561a,phase_indication_rare|phase=PHASE2|indication=641|rare=0,PHASE2,641,,0,phase_indication_rare,4,32.75,73.0,125.75,154.1,True,4,4.5,7.5,16.75,28.9,True,4,4.41,6.17,11.25,17.7,True,2026-06-02T17:43:11+00:00,"positive completed ACTUAL enrollment, positive completed registry-derived facility-count proxy, and completed ACTUAL enrollment per positive facility-count proxy; percentiles used without winsorization","Deterministic combined operational benchmark for planned enrollment, site-count proxy, and enrollment-coherent patients-per-site defaults; no operational ML model."
operational_benchmarks_v1,0a97519bd78f561a,phase_indication_rare|phase=PHASE2|indication=641|rare=1,PHASE2,641,,1,phase_indication_rare,18,18.5,36.0,52.75,77.7,True,19,4.5,7.0,15.5,23.0,True,18,3.02,4.07,6.42,10.28,True,2026-06-02T17:43:11+00:00,"positive completed ACTUAL enrollment, positive completed registry-derived facility-count proxy, and completed ACTUAL enrollment per positive facility-count proxy; percentiles used without winsorization","Deterministic combined operational benchmark for planned enrollment, site-count proxy, and enrollment-coherent patients-per-site defaults; no operational ML model."
operational_benchmarks_v1,0a97519bd78f561a,phase_indication_rare|phase=PHASE2|indication=654|rare=0,PHASE2,654,,0,phase_indication_rare,210,53.25,105.0,196.75,269.0,False,208,2.0,12.0,28.25,56.3,False,207,4.26,8.13,24.0,79.4,False,2026-06-02T17:43:11+00:00,"positive completed ACTUAL enrollment, positive completed registry-derived facility-count proxy, and completed ACTUAL enrollment per positive facility-count proxy; percentiles used without winsorization","Deterministic combined operational benchmark for planned enrollment, site-count proxy, and enrollment-coherent patients-per-site defaults; no operational ML model."
operational_benchmarks_v1,0a97519bd78f561a,phase_indication_rare|phase=PHASE2|indication=655|rare=0,PHASE2,655,,0,phase_indication_rare,176,43.0,96.0,202.75,284.0,False,175,2.0,10.0,31.5,49.6,False,169,4.71,7.62,17.25,44.4,False,2026-06-02T17:43:11+00:00,"positive completed ACTUAL enrollment, positive completed registry-derived facility-count proxy, and completed ACTUAL enrollment per positive facility-count proxy; percentiles used without winsorization","Deterministic combined operational benchmark for planned enrollment, site-count proxy, and enrollment-coherent patients-per-site defaults; no operational ML model."
operational_benchmarks_v1,0a97519bd78f561a,phase_indication_rare|phase=PHASE2|indication=655|rare=1,PHASE2,655,,1,phase_indication_rare,3,30.5,53.0,88.0,109.0,True,3,25.0,37.0,54.5,65.0,True,3,1.02,1.43,1.57,1.65,True,2026-06-02T17:43:11+00:00,"positive completed ACTUAL enrollment, positive completed registry-derived facility-count proxy, and completed ACTUAL enrollment per positive facility-count proxy; percentiles used without winsorization","Deterministic combined operational benchmark for planned enrollment, site-count proxy, and enrollment-coherent patients-per-site defaults; no operational ML model."
operational_benchmarks_v1,0a97519bd78f561a,phase_indication_rare|phase=PHASE2|indication=658|rare=0,PHASE2,658,,0,phase_indication_rare,5,78.0,120.0,130.0,137.2,True,5,1.0,1.0,2.0,6.2,True,5,50.0,71.0,78.0,103.2,True,2026-06-02T17:43:11+00:00,"positive completed ACTUAL enrollment, positive completed registry-derived facility-count proxy, and completed ACTUAL enrollment per positive facility-count proxy; percentiles used without winsorization","Deterministic combined operational benchmark for planned enrollment, site-count proxy, and enrollment-coherent patients-per-site defaults; no operational ML model."
operational_benchmarks_v1,0a97519bd78f561a,phase_indication_rare|phase=PHASE2|indication=659|rare=0,PHASE2,659,,0,phase_indication_rare,29,34.0,111.0,184.0,242.8,True,29,1.0,2.0,9.0,31.2,True,27,8.87,22.83,45.0,127.6,True,2026-06-02T17:43:11+00:00,"positive completed ACTUAL enrollment, positive completed registry-derived facility-count proxy, and completed ACTUAL enrollment per positive facility-count proxy; percentiles used without winsorization","Deterministic combined operational benchmark for planned enrollment, site-count proxy, and enrollment-coherent patients-per-site defaults; no operational ML model."
operational_benchmarks_v1,0a97519bd78f561a,phase_indication_rare|phase=PHASE2|indication=660|rare=0,PHASE2,660,,0,phase_indication_rare,18,57.75,155.0,203.25,314.5,True,18,1.0,7.0,15.75,17.3,True,18,9.66,18.6,53.97,86.1,True,2026-06-02T17:43:11+00:00,"positive completed ACTUAL enrollment, positive completed registry-derived facility-count proxy, and completed ACTUAL enrollment per positive facility-count proxy; percentiles used without winsorization","Deterministic combined operational benchmark for planned enrollment, site-count proxy, and enrollment-coherent patients-per-site defaults; no operational ML model."
operational_benchmarks_v1,0a97519bd78f561a,phase_indication_rare|phase=PHASE2|indication=661|rare=0,PHASE2,661,,0,phase_indication_rare,57,66.0,153.0,304.0,437.0,False,55,2.5,13.0,20.0,34.0,False,55,10.0,14.64,26.89,56.2,False,2026-06-02T17:43:11+00:00,"positive completed ACTUAL enrollment, positive completed registry-derived facility-count proxy, and completed ACTUAL enrollment per positive facility-count proxy; percentiles used without winsorization","Deterministic combined operational benchmark for planned enrollment, site-count proxy, and enrollment-coherent patients-per-site defaults; no operational ML model."
operational_benchmarks_v1,0a97519bd78f561a,phase_indication_rare|phase=PHASE2|indication=662|rare=0,PHASE2,662,,0,phase_indication_rare,31,41.5,87.0,159.0,244.0,True,31,2.0,6.0,14.0,34.0,True,31,5.6,13.75,36.0,153.0,True,2026-06-02T17:43:11+00:00,"positive completed ACTUAL enrollment, positive completed registry-derived facility-count proxy, and completed ACTUAL enrollment per positive facility-count proxy; percentiles used without winsorization","Deterministic combined operational benchmark for planned enrollment, site-count proxy, and enrollment-coherent patients-per-site defaults; no operational ML model."
operational_benchmarks_v1,0a97519bd78f561a,phase_indication_rare|phase=PHASE2|indication=663|rare=0,PHASE2,663,,0,phase_indication_rare,20,85.25,133.5,241.75,269.0,True,20,1.0,15.5,39.5,50.1,True,20,4.32,5.46,83.25,249.2,True,2026-06-02T17:43:11+00:00,"positive completed ACTUAL enrollment, positive completed registry-derived facility-count proxy, and completed ACTUAL enrollment per positive facility-count proxy; percentiles used without winsorization","Deterministic combined operational benchmark for planned enrollment, site-count proxy, and enrollment-coherent patients-per-site defaults; no operational ML model."
operational_benchmarks_v1,0a97519bd78f561a,phase_indication_rare|phase=PHASE2|indication=664|rare=0,PHASE2,664,,0,phase_indication_rare,17,32.0,90.0,208.0,261.8,True,16,4.0,20.0,67.5,81.5,True,16,3.33,4.23,10.2,11.21,True,2026-06-02T17:43:11+00:00,"positive completed ACTUAL enrollment, positive completed registry-derived facility-count proxy, and completed ACTUAL enrollment per positive facility-count proxy; percentiles used without winsorization","Deterministic combined operational benchmark for planned enrollment, site-count proxy, and enrollment-coherent patients-per-site defaults; no operational ML model."
operational_benchmarks_v1,0a97519bd78f561a,phase_indication_rare|phase=PHASE2|indication=665|rare=0,PHASE2,665,,0,phase_indication_rare,8,13.0,44.5,103.5,152.4,True,8,2.0,7.0,13.75,24.4,True,8,3.35,6.53,10.91,14.47,True,2026-06-02T17:43:11+00:00,"positive completed ACTUAL enrollment, positive completed registry-derived facility-count proxy, and completed ACTUAL enrollment per positive facility-count proxy; percentiles used without winsorization","Deterministic combined operational benchmark for planned enrollment, site-count proxy, and enrollment-coherent patients-per-site defaults; no operational ML model."
operational_benchmarks_v1,0a97519bd78f561a,phase_indication_rare|phase=PHASE2|indication=668|rare=0,PHASE2,668,,0,phase_indication_rare,196,34.0,75.0,161.25,248.0,False,193,2.0,5.0,12.0,33.4,False,191,5.68,12.67,28.81,90.0,False,2026-06-02T17:43:11+00:00,"positive completed ACTUAL enrollment, positive completed registry-derived facility-count proxy, and completed ACTUAL enrollment per positive facility-count proxy; percentiles used without winsorization","Deterministic combined operational benchmark for planned enrollment, site-count proxy, and enrollment-coherent patients-per-site defaults; no operational ML model."
operational_benchmarks_v1,0a97519bd78f561a,phase_indication_rare|phase=PHASE2|indication=668|rare=1,PHASE2,668,,1,phase_indication_rare,30,10.25,33.5,48.75,153.1,True,30,2.0,7.0,16.5,33.1,True,30,2.72,4.44,6.09,18.6,True,2026-06-02T17:43:11+00:00,"positive completed ACTUAL enrollment, positive completed registry-derived facility-count proxy, and completed ACTUAL enrollment per positive facility-count proxy; percentiles used without winsorization","Deterministic combined operational benchmark for planned enrollment, site-count proxy, and enrollment-coherent patients-per-site defaults; no operational ML model."
operational_benchmarks_v1,0a97519bd78f561a,phase_indication_rare|phase=PHASE2|indication=674|rare=0,PHASE2,674,,0,phase_indication_rare,3,53.0,78.0,110.0,129.2,True,3,10.0,13.0,19.5,23.4,True,3,4.73,5.46,5.73,5.89,True,2026-06-02T17:43:11+00:00,"positive completed ACTUAL enrollment, positive completed registry-derived facility-count proxy, and completed ACTUAL enrollment per positive facility-count proxy; percentiles used without winsorization","Deterministic combined operational benchmark for planned enrollment, site-count proxy, and enrollment-coherent patients-per-site defaults; no operational ML model."
operational_benchmarks_v1,0a97519bd78f561a,phase_indication_rare|phase=PHASE2|indication=674|rare=1,PHASE2,674,,1,phase_indication_rare,1,40.0,40.0,40.0,40.0,True,1,1.0,1.0,1.0,1.0,True,1,40.0,40.0,40.0,40.0,True,2026-06-02T17:43:11+00:00,"positive completed ACTUAL enrollment, positive completed registry-derived facility-count proxy, and completed ACTUAL enrollment per positive facility-count proxy; percentiles used without winsorization","Deterministic combined operational benchmark for planned enrollment, site-count proxy, and enrollment-coherent patients-per-site defaults; no operational ML model."
operational_benchmarks_v1,0a97519bd78f561a,phase_indication_rare|phase=PHASE2|indication=679|rare=0,PHASE2,679,,0,phase_indication_rare,222,59.25,104.0,172.0,269.4,False,220,1.0,2.0,10.0,20.0,False,215,10.09,30.0,88.0,150.0,False,2026-06-02T17:43:11+00:00,"positive completed ACTUAL enrollment, positive completed registry-derived facility-count proxy, and completed ACTUAL enrollment per positive facility-count proxy; percentiles used without winsorization","Deterministic combined operational benchmark for planned enrollment, site-count proxy, and enrollment-coherent patients-per-site defaults; no operational ML model."
operational_benchmarks_v1,0a97519bd78f561a,phase_indication_rare|phase=PHASE2|indication=679|rare=1,PHASE2,679,,1,phase_indication_rare,10,32.5,41.0,78.0,115.7,True,10,5.25,12.0,15.0,16.6,True,10,3.41,4.25,8.47,11.05,True,2026-06-02T17:43:11+00:00,"positive completed ACTUAL enrollment, positive completed registry-derived facility-count proxy, and completed ACTUAL enrollment per positive facility-count proxy; percentiles used without winsorization","Deterministic combined operational benchmark for planned enrollment, site-count proxy, and enrollment-coherent patients-per-site defaults; no operational ML model."
operational_benchmarks_v1,0a97519bd78f561a,phase_indication_rare|phase=PHASE2|indication=680|rare=0,PHASE2,680,,0,phase_indication_rare,85,59.0,111.0,191.0,274.6,False,86,1.0,1.0,1.0,5.5,False,84,31.5,86.5,174.0,251.9,False,2026-06-02T17:43:11+00:00,"positive completed ACTUAL enrollment, positive completed registry-derived facility-count proxy, and completed ACTUAL enrollment per positive facility-count proxy; percentiles used without winsorization","Deterministic combined operational benchmark for planned enrollment, site-count proxy, and enrollment-coherent patients-per-site defaults; no operational ML model."
operational_benchmarks_v1,0a97519bd78f561a,phase_indication_rare|phase=PHASE2|indication=680|rare=1,PHASE2,680,,1,phase_indication_rare,1,41.0,41.0,41.0,41.0,True,1,1.0,1.0,1.0,1.0,True,1,41.0,41.0,41.0,41.0,True,2026-06-02T17:43:11+00:00,"positive completed ACTUAL enrollment, positive completed registry-derived facility-count proxy, and completed ACTUAL enrollment per positive facility-count proxy; percentiles used without winsorization","Deterministic combined operational benchmark for planned enrollment, site-count proxy, and enrollment-coherent patients-per-site defaults; no operational ML model."
operational_benchmarks_v1,0a97519bd78f561a,phase_indication_rare|phase=PHASE2|indication=699|rare=0,PHASE2,699,,0,phase_indication_rare,1,20.0,20.0,20.0,20.0,True,1,1.0,1.0,1.0,1.0,True,1,20.0,20.0,20.0,20.0,True,2026-06-02T17:43:11+00:00,"positive completed ACTUAL enrollment, positive completed registry-derived facility-count proxy, and completed ACTUAL enrollment per positive facility-count proxy; percentiles used without winsorization","Deterministic combined operational benchmark for planned enrollment, site-count proxy, and enrollment-coherent patients-per-site defaults; no operational ML model."
operational_benchmarks_v1,0a97519bd78f561a,phase_indication_rare|phase=PHASE2|indication=700|rare=0,PHASE2,700,,0,phase_indication_rare,1,36.0,36.0,36.0,36.0,True,1,1.0,1.0,1.0,1.0,True,1,36.0,36.0,36.0,36.0,True,2026-06-02T17:43:11+00:00,"positive completed ACTUAL enrollment, positive completed registry-derived facility-count proxy, and completed ACTUAL enrollment per positive facility-count proxy; percentiles used without winsorization","Deterministic combined operational benchmark for planned enrollment, site-count proxy, and enrollment-coherent patients-per-site defaults; no operational ML model."
operational_benchmarks_v1,0a97519bd78f561a,phase_indication_rare|phase=PHASE2|indication=708|rare=0,PHASE2,708,,0,phase_indication_rare,23,51.0,92.0,178.5,231.0,True,23,1.0,3.0,7.5,17.0,True,23,12.78,34.62,77.5,109.6,True,2026-06-02T17:43:11+00:00,"positive completed ACTUAL enrollment, positive completed registry-derived facility-count proxy, and completed ACTUAL enrollment per positive facility-count proxy; percentiles used without winsorization","Deterministic combined operational benchmark for planned enrollment, site-count proxy, and enrollment-coherent patients-per-site defaults; no operational ML model."
operational_benchmarks_v1,0a97519bd78f561a,phase_indication_rare|phase=PHASE2|indication=709|rare=0,PHASE2,709,,0,phase_indication_rare,2,106.25,117.5,128.75,135.5,True,2,11.5,13.0,14.5,15.4,True,2,7.95,9.97,11.98,13.19,True,2026-06-02T17:43:11+00:00,"positive completed ACTUAL enrollment, positive completed registry-derived facility-count proxy, and completed ACTUAL enrollment per positive facility-count proxy; percentiles used without winsorization","Deterministic combined operational benchmark for planned enrollment, site-count proxy, and enrollment-coherent patients-per-site defaults; no operational ML model."
operational_benchmarks_v1,0a97519bd78f561a,phase_indication_rare|phase=PHASE2|indication=716|rare=0,PHASE2,716,,0,phase_indication_rare,6,34.5,57.0,215.25,304.5,True,6,1.25,4.0,16.5,30.0,True,6,9.79,15.53,30.0,56.0,True,2026-06-02T17:43:11+00:00,"positive completed ACTUAL enrollment, positive completed registry-derived facility-count proxy, and completed ACTUAL enrollment per positive facility-count proxy; percentiles used without winsorization","Deterministic combined operational benchmark for planned enrollment, site-count proxy, and enrollment-coherent patients-per-site defaults; no operational ML model."
operational_benchmarks_v1,0a97519bd78f561a,phase_indication_rare|phase=PHASE2|indication=729|rare=1,PHASE2,729,,1,phase_indication_rare,1,131.0,131.0,131.0,131.0,True,1,24.0,24.0,24.0,24.0,True,1,5.46,5.46,5.46,5.46,True,2026-06-02T17:43:11+00:00,"positive completed ACTUAL enrollment, positive completed registry-derived facility-count proxy, and completed ACTUAL enrollment per positive facility-count proxy; percentiles used without winsorization","Deterministic combined operational benchmark for planned enrollment, site-count proxy, and enrollment-coherent patients-per-site defaults; no operational ML model."
operational_benchmarks_v1,0a97519bd78f561a,phase_indication_rare|phase=PHASE2|indication=843|rare=0,PHASE2,843,,0,phase_indication_rare,1,423.0,423.0,423.0,423.0,True,1,11.0,11.0,11.0,11.0,True,1,38.45,38.45,38.45,38.45,True,2026-06-02T17:43:11+00:00,"positive completed ACTUAL enrollment, positive completed registry-derived facility-count proxy, and completed ACTUAL enrollment per positive facility-count proxy; percentiles used without winsorization","Deterministic combined operational benchmark for planned enrollment, site-count proxy, and enrollment-coherent patients-per-site defaults; no operational ML model."
operational_benchmarks_v1,0a97519bd78f561a,phase_indication_rare|phase=PHASE2|indication=843|rare=1,PHASE2,843,,1,phase_indication_rare,5,578.0,600.0,1075.0,2244.4,True,5,2.0,5.0,7.0,7.0,True,5,82.57,153.57,300.0,482.88,True,2026-06-02T17:43:11+00:00,"positive completed ACTUAL enrollment, positive completed registry-derived facility-count proxy, and completed ACTUAL enrollment per positive facility-count proxy; percentiles used without winsorization","Deterministic combined operational benchmark for planned enrollment, site-count proxy, and enrollment-coherent patients-per-site defaults; no operational ML model."
operational_benchmarks_v1,0a97519bd78f561a,phase_indication_rare|phase=PHASE2|indication=935|rare=0,PHASE2,935,,0,phase_indication_rare,1,808.0,808.0,808.0,808.0,True,1,11.0,11.0,11.0,11.0,True,1,73.45,73.45,73.45,73.45,True,2026-06-02T17:43:11+00:00,"positive completed ACTUAL enrollment, positive completed registry-derived facility-count proxy, and completed ACTUAL enrollment per positive facility-count proxy; percentiles used without winsorization","Deterministic combined operational benchmark for planned enrollment, site-count proxy, and enrollment-coherent patients-per-site defaults; no operational ML model."
operational_benchmarks_v1,0a97519bd78f561a,phase_indication_rare|phase=PHASE2|indication=958|rare=0,PHASE2,958,,0,phase_indication_rare,5,88.0,120.0,200.0,440.0,True,5,1.0,1.0,2.0,2.0,True,5,88.0,100.0,120.0,228.0,True,2026-06-02T17:43:11+00:00,"positive completed ACTUAL enrollment, positive completed registry-derived facility-count proxy, and completed ACTUAL enrollment per positive facility-count proxy; percentiles used without winsorization","Deterministic combined operational benchmark for planned enrollment, site-count proxy, and enrollment-coherent patients-per-site defaults; no operational ML model."
operational_benchmarks_v1,0a97519bd78f561a,phase_indication_rare|phase=PHASE2|indication=972|rare=0,PHASE2,972,,0,phase_indication_rare,44,87.5,238.0,475.0,666.4,True,40,6.0,22.0,47.5,65.1,True,40,7.0,10.64,15.33,40.88,True,2026-06-02T17:43:11+00:00,"positive completed ACTUAL enrollment, positive completed registry-derived facility-count proxy, and completed ACTUAL enrollment per positive facility-count proxy; percentiles used without winsorization","Deterministic combined operational benchmark for planned enrollment, site-count proxy, and enrollment-coherent patients-per-site defaults; no operational ML model."
operational_benchmarks_v1,0a97519bd78f561a,phase_indication_rare|phase=PHASE2|indication=980|rare=0,PHASE2,980,,0,phase_indication_rare,32,63.5,127.5,200.0,215.0,True,32,2.0,7.5,16.0,26.6,True,30,7.42,14.68,27.75,73.2,True,2026-06-02T17:43:11+00:00,"positive completed ACTUAL enrollment, positive completed registry-derived facility-count proxy, and completed ACTUAL enrollment per positive facility-count proxy; percentiles used without winsorization","Deterministic combined operational benchmark for planned enrollment, site-count proxy, and enrollment-coherent patients-per-site defaults; no operational ML model."
operational_benchmarks_v1,0a97519bd78f561a,phase_indication_rare|phase=PHASE2|indication=981|rare=0,PHASE2,981,,0,phase_indication_rare,238,51.25,99.0,159.5,267.9,False,222,1.0,9.5,21.75,41.0,False,222,4.24,8.84,32.75,124.6,False,2026-06-02T17:43:11+00:00,"positive completed ACTUAL enrollment, positive completed registry-derived facility-count proxy, and completed ACTUAL enrollment per positive facility-count proxy; percentiles used without winsorization","Deterministic combined operational benchmark for planned enrollment, site-count proxy, and enrollment-coherent patients-per-site defaults; no operational ML model."
operational_benchmarks_v1,0a97519bd78f561a,phase_indication_rare|phase=PHASE2|indication=981|rare=1,PHASE2,981,,1,phase_indication_rare,15,11.0,23.0,66.5,103.2,True,15,1.0,3.0,8.5,21.8,True,15,2.6,8.0,16.17,22.6,True,2026-06-02T17:43:11+00:00,"positive completed ACTUAL enrollment, positive completed registry-derived facility-count proxy, and completed ACTUAL enrollment per positive facility-count proxy; percentiles used without winsorization","Deterministic combined operational benchmark for planned enrollment, site-count proxy, and enrollment-coherent patients-per-site defaults; no operational ML model."
operational_benchmarks_v1,0a97519bd78f561a,phase_indication_rare|phase=PHASE2|indication=992|rare=0,PHASE2,992,,0,phase_indication_rare,59,49.5,100.0,226.5,346.8,False,58,1.0,10.0,33.0,64.3,False,58,3.86,7.31,37.38,151.2,False,2026-06-02T17:43:11+00:00,"positive completed ACTUAL enrollment, positive completed registry-derived facility-count proxy, and completed ACTUAL enrollment per positive facility-count proxy; percentiles used without winsorization","Deterministic combined operational benchmark for planned enrollment, site-count proxy, and enrollment-coherent patients-per-site defaults; no operational ML model."
operational_benchmarks_v1,0a97519bd78f561a,phase_indication_rare|phase=PHASE2|indication=992|rare=1,PHASE2,992,,1,phase_indication_rare,2,42.0,59.0,76.0,86.2,True,2,9.5,14.0,18.5,21.2,True,2,4.28,4.52,4.76,4.9,True,2026-06-02T17:43:11+00:00,"positive completed ACTUAL enrollment, positive completed registry-derived facility-count proxy, and completed ACTUAL enrollment per positive facility-count proxy; percentiles used without winsorization","Deterministic combined operational benchmark for planned enrollment, site-count proxy, and enrollment-coherent patients-per-site defaults; no operational ML model."
operational_benchmarks_v1,0a97519bd78f561a,phase_indication_rare|phase=PHASE2|indication=1004|rare=0,PHASE2,1004,,0,phase_indication_rare,32,33.0,47.5,85.5,147.2,True,32,9.0,23.5,43.75,59.5,True,32,1.8,2.5,4.0,6.56,True,2026-06-02T17:43:11+00:00,"positive completed ACTUAL enrollment, positive completed registry-derived facility-count proxy, and completed ACTUAL enrollment per positive facility-count proxy; percentiles used without winsorization","Deterministic combined operational benchmark for planned enrollment, site-count proxy, and enrollment-coherent patients-per-site defaults; no operational ML model."
operational_benchmarks_v1,0a97519bd78f561a,phase_indication_rare|phase=PHASE2|indication=1004|rare=1,PHASE2,1004,,1,phase_indication_rare,8,20.75,27.5,67.25,109.4,True,8,7.5,10.0,42.0,79.8,True,8,1.65,2.35,3.26,4.06,True,2026-06-02T17:43:11+00:00,"positive completed ACTUAL enrollment, positive completed registry-derived facility-count proxy, and completed ACTUAL enrollment per positive facility-count proxy; percentiles used without winsorization","Deterministic combined operational benchmark for planned enrollment, site-count proxy, and enrollment-coherent patients-per-site defaults; no operational ML model."
operational_benchmarks_v1,0a97519bd78f561a,phase_indication_rare|phase=PHASE2|indication=1008|rare=0,PHASE2,1008,,0,phase_indication_rare,2,56.0,67.0,78.0,84.6,True,2,4.5,8.0,11.5,13.6,True,2,24.5,46.0,67.5,80.4,True,2026-06-02T17:43:11+00:00,"positive completed ACTUAL enrollment, positive completed registry-derived facility-count proxy, and completed ACTUAL enrollment per positive facility-count proxy; percentiles used without winsorization","Deterministic combined operational benchmark for planned enrollment, site-count proxy, and enrollment-coherent patients-per-site defaults; no operational ML model."
operational_benchmarks_v1,0a97519bd78f561a,phase_indication_rare|phase=PHASE2|indication=1008|rare=1,PHASE2,1008,,1,phase_indication_rare,3,3.5,4.0,13.0,18.4,True,3,1.0,1.0,11.5,17.8,True,3,2.0,3.0,3.5,3.8,True,2026-06-02T17:43:11+00:00,"positive completed ACTUAL enrollment, positive completed registry-derived facility-count proxy, and completed ACTUAL enrollment per positive facility-count proxy; percentiles used without winsorization","Deterministic combined operational benchmark for planned enrollment, site-count proxy, and enrollment-coherent patients-per-site defaults; no operational ML model."
operational_benchmarks_v1,0a97519bd78f561a,phase_indication_rare|phase=PHASE2|indication=1011|rare=0,PHASE2,1011,,0,phase_indication_rare,3,146.0,166.0,187.5,200.4,True,3,22.5,29.0,31.5,33.0,True,3,5.46,7.21,8.79,9.74,True,2026-06-02T17:43:11+00:00,"positive completed ACTUAL enrollment, positive completed registry-derived facility-count proxy, and completed ACTUAL enrollment per positive facility-count proxy; percentiles used without winsorization","Deterministic combined operational benchmark for planned enrollment, site-count proxy, and enrollment-coherent patients-per-site defaults; no operational ML model."
operational_benchmarks_v1,0a97519bd78f561a,phase_indication_rare|phase=PHASE2|indication=1011|rare=1,PHASE2,1011,,1,phase_indication_rare,12,22.0,32.0,56.25,129.3,True,11,6.0,7.0,10.0,13.0,True,11,3.75,4.33,9.1,10.46,True,2026-06-02T17:43:11+00:00,"positive completed ACTUAL enrollment, positive completed registry-derived facility-count proxy, and completed ACTUAL enrollment per positive facility-count proxy; percentiles used without winsorization","Deterministic combined operational benchmark for planned enrollment, site-count proxy, and enrollment-coherent patients-per-site defaults; no operational ML model."
operational_benchmarks_v1,0a97519bd78f561a,phase_indication_rare|phase=PHASE2|indication=1012|rare=1,PHASE2,1012,,1,phase_indication_rare,6,28.25,38.0,72.5,93.0,True,6,5.5,11.0,30.75,60.0,True,6,2.13,4.36,6.49,15.36,True,2026-06-02T17:43:11+00:00,"positive completed ACTUAL enrollment, positive completed registry-derived facility-count proxy, and completed ACTUAL enrollment per positive facility-count proxy; percentiles used without winsorization","Deterministic combined operational benchmark for planned enrollment, site-count proxy, and enrollment-coherent patients-per-site defaults; no operational ML model."
operational_benchmarks_v1,0a97519bd78f561a,phase_indication_rare|phase=PHASE2|indication=1013|rare=1,PHASE2,1013,,1,phase_indication_rare,0,,,,,True,1,2.0,2.0,2.0,2.0,True,0,,,,,True,2026-06-02T17:43:11+00:00,"positive completed ACTUAL enrollment, positive completed registry-derived facility-count proxy, and completed ACTUAL enrollment per positive facility-count proxy; percentiles used without winsorization","Deterministic combined operational benchmark for planned enrollment, site-count proxy, and enrollment-coherent patients-per-site defaults; no operational ML model."
operational_benchmarks_v1,0a97519bd78f561a,phase_indication_rare|phase=PHASE2|indication=1048|rare=0,PHASE2,1048,,0,phase_indication_rare,201,63.0,137.0,306.0,644.0,False,201,1.0,6.0,15.0,31.0,False,201,9.5,20.16,59.2,240.0,False,2026-06-02T17:43:11+00:00,"positive completed ACTUAL enrollment, positive completed registry-derived facility-count proxy, and completed ACTUAL enrollment per positive facility-count proxy; percentiles used without winsorization","Deterministic combined operational benchmark for planned enrollment, site-count proxy, and enrollment-coherent patients-per-site defaults; no operational ML model."
operational_benchmarks_v1,0a97519bd78f561a,phase_indication_rare|phase=PHASE2|indication=1161|rare=0,PHASE2,1161,,0,phase_indication_rare,119,54.5,114.0,210.0,369.4,False,115,2.0,8.0,29.5,56.4,False,113,4.91,9.73,34.5,85.4,False,2026-06-02T17:43:11+00:00,"positive completed ACTUAL enrollment, positive completed registry-derived facility-count proxy, and completed ACTUAL enrollment per positive facility-count proxy; percentiles used without winsorization","Deterministic combined operational benchmark for planned enrollment, site-count proxy, and enrollment-coherent patients-per-site defaults; no operational ML model."
operational_benchmarks_v1,0a97519bd78f561a,phase_indication_rare|phase=PHASE2|indication=1161|rare=1,PHASE2,1161,,1,phase_indication_rare,16,22.25,35.5,96.75,142.0,True,16,3.75,11.0,36.0,50.5,True,16,2.96,4.38,5.17,8.54,True,2026-06-02T17:43:11+00:00,"positive completed ACTUAL enrollment, positive completed registry-derived facility-count proxy, and completed ACTUAL enrollment per positive facility-count proxy; percentiles used without winsorization","Deterministic combined operational benchmark for planned enrollment, site-count proxy, and enrollment-coherent patients-per-site defaults; no operational ML model."
operational_benchmarks_v1,0a97519bd78f561a,phase_indication_rare|phase=PHASE2/PHASE3|indication=0|rare=0,PHASE2/PHASE3,0,,0,phase_indication_rare,1,268.0,268.0,268.0,268.0,True,1,1.0,1.0,1.0,1.0,True,1,268.0,268.0,268.0,268.0,True,2026-06-02T17:43:11+00:00,"positive completed ACTUAL enrollment, positive completed registry-derived facility-count proxy, and completed ACTUAL enrollment per positive facility-count proxy; percentiles used without winsorization","Deterministic combined operational benchmark for planned enrollment, site-count proxy, and enrollment-coherent patients-per-site defaults; no operational ML model."
operational_benchmarks_v1,0a97519bd78f561a,phase_indication_rare|phase=PHASE2/PHASE3|indication=297|rare=0,PHASE2/PHASE3,297,,0,phase_indication_rare,2,917.75,1278.5,1639.25,1855.7,True,2,12.0,14.0,16.0,17.2,True,2,73.21,115.47,157.74,183.09,True,2026-06-02T17:43:11+00:00,"positive completed ACTUAL enrollment, positive completed registry-derived facility-count proxy, and completed ACTUAL enrollment per positive facility-count proxy; percentiles used without winsorization","Deterministic combined operational benchmark for planned enrollment, site-count proxy, and enrollment-coherent patients-per-site defaults; no operational ML model."
operational_benchmarks_v1,0a97519bd78f561a,phase_indication_rare|phase=PHASE2/PHASE3|indication=298|rare=0,PHASE2/PHASE3,298,,0,phase_indication_rare,8,47.75,56.0,134.25,273.6,True,8,11.0,14.5,17.25,23.4,True,8,2.44,6.59,9.31,22.13,True,2026-06-02T17:43:11+00:00,"positive completed ACTUAL enrollment, positive completed registry-derived facility-count proxy, and completed ACTUAL enrollment per positive facility-count proxy; percentiles used without winsorization","Deterministic combined operational benchmark for planned enrollment, site-count proxy, and enrollment-coherent patients-per-site defaults; no operational ML model."
operational_benchmarks_v1,0a97519bd78f561a,phase_indication_rare|phase=PHASE2/PHASE3|indication=302|rare=0,PHASE2/PHASE3,302,,0,phase_indication_rare,3,185.5,329.0,914.5,1265.8,True,3,9.5,11.0,11.5,11.8,True,3,15.62,27.42,107.46,155.48,True,2026-06-02T17:43:11+00:00,"positive completed ACTUAL enrollment, positive completed registry-derived facility-count proxy, and completed ACTUAL enrollment per positive facility-count proxy; percentiles used without winsorization","Deterministic combined operational benchmark for planned enrollment, site-count proxy, and enrollment-coherent patients-per-site defaults; no operational ML model."
operational_benchmarks_v1,0a97519bd78f561a,phase_indication_rare|phase=PHASE2/PHASE3|indication=321|rare=0,PHASE2/PHASE3,321,,0,phase_indication_rare,1,24.0,24.0,24.0,24.0,True,1,1.0,1.0,1.0,1.0,True,1,24.0,24.0,24.0,24.0,True,2026-06-02T17:43:11+00:00,"positive completed ACTUAL enrollment, positive completed registry-derived facility-count proxy, and completed ACTUAL enrollment per positive facility-count proxy; percentiles used without winsorization","Deterministic combined operational benchmark for planned enrollment, site-count proxy, and enrollment-coherent patients-per-site defaults; no operational ML model."
operational_benchmarks_v1,0a97519bd78f561a,phase_indication_rare|phase=PHASE2/PHASE3|indication=322|rare=0,PHASE2/PHASE3,322,,0,phase_indication_rare,8,153.0,927.5,2619.5,13586.6,True,8,34.0,49.5,150.25,232.6,True,8,4.86,11.98,78.1,235.3,True,2026-06-02T17:43:11+00:00,"positive completed ACTUAL enrollment, positive completed registry-derived facility-count proxy, and completed ACTUAL enrollment per positive facility-count proxy; percentiles used without winsorization","Deterministic combined operational benchmark for planned enrollment, site-count proxy, and enrollment-coherent patients-per-site defaults; no operational ML model."
operational_benchmarks_v1,0a97519bd78f561a,phase_indication_rare|phase=PHASE2/PHASE3|indication=328|rare=0,PHASE2/PHASE3,328,,0,phase_indication_rare,16,301.5,639.0,1014.25,2259.5,True,15,1.0,2.0,19.5,32.6,True,15,82.67,200.0,435.0,833.0,True,2026-06-02T17:43:11+00:00,"positive completed ACTUAL enrollment, positive completed registry-derived facility-count proxy, and completed ACTUAL enrollment per positive facility-count proxy; percentiles used without winsorization","Deterministic combined operational benchmark for planned enrollment, site-count proxy, and enrollment-coherent patients-per-site defaults; no operational ML model."
operational_benchmarks_v1,0a97519bd78f561a,phase_indication_rare|phase=PHASE2/PHASE3|indication=332|rare=0,PHASE2/PHASE3,332,,0,phase_indication_rare,3,1202.5,1588.0,1614.0,1629.6,True,3,8.5,11.0,41.5,59.8,True,3,79.11,136.17,142.63,146.51,True,2026-06-02T17:43:11+00:00,"positive completed ACTUAL enrollment, positive completed registry-derived facility-count proxy, and completed ACTUAL enrollment per positive facility-count proxy; percentiles used without winsorization","Deterministic combined operational benchmark for planned enrollment, site-count proxy, and enrollment-coherent patients-per-site defaults; no operational ML model."
operational_benchmarks_v1,0a97519bd78f561a,phase_indication_rare|phase=PHASE2/PHASE3|indication=339|rare=0,PHASE2/PHASE3,339,,0,phase_indication_rare,2,317.25,344.5,371.75,388.1,True,2,3.75,4.5,5.25,5.7,True,2,74.04,81.58,89.12,93.65,True,2026-06-02T17:43:11+00:00,"positive completed ACTUAL enrollment, positive completed registry-derived facility-count proxy, and completed ACTUAL enrollment per positive facility-count proxy; percentiles used without winsorization","Deterministic combined operational benchmark for planned enrollment, site-count proxy, and enrollment-coherent patients-per-site defaults; no operational ML model."
operational_benchmarks_v1,0a97519bd78f561a,phase_indication_rare|phase=PHASE2/PHASE3|indication=340|rare=0,PHASE2/PHASE3,340,,0,phase_indication_rare,2,160.25,210.5,260.75,290.9,True,2,1.25,1.5,1.75,1.9,True,2,119.0,183.0,247.0,285.4,True,2026-06-02T17:43:11+00:00,"positive completed ACTUAL enrollment, positive completed registry-derived facility-count proxy, and completed ACTUAL enrollment per positive facility-count proxy; percentiles used without winsorization","Deterministic combined operational benchmark for planned enrollment, site-count proxy, and enrollment-coherent patients-per-site defaults; no operational ML model."
operational_benchmarks_v1,0a97519bd78f561a,phase_indication_rare|phase=PHASE2/PHASE3|indication=341|rare=0,PHASE2/PHASE3,341,,0,phase_indication_rare,1,540.0,540.0,540.0,540.0,True,1,1.0,1.0,1.0,1.0,True,1,540.0,540.0,540.0,540.0,True,2026-06-02T17:43:11+00:00,"positive completed ACTUAL enrollment, positive completed registry-derived facility-count proxy, and completed ACTUAL enrollment per positive facility-count proxy; percentiles used without winsorization","Deterministic combined operational benchmark for planned enrollment, site-count proxy, and enrollment-coherent patients-per-site defaults; no operational ML model."
operational_benchmarks_v1,0a97519bd78f561a,phase_indication_rare|phase=PHASE2/PHASE3|indication=342|rare=0,PHASE2/PHASE3,342,,0,phase_indication_rare,3,459.0,675.0,744.5,786.2,True,3,1.0,1.0,11.0,17.0,True,3,343.29,675.0,744.5,786.2,True,2026-06-02T17:43:11+00:00,"positive completed ACTUAL enrollment, positive completed registry-derived facility-count proxy, and completed ACTUAL enrollment per positive facility-count proxy; percentiles used without winsorization","Deterministic combined operational benchmark for planned enrollment, site-count proxy, and enrollment-coherent patients-per-site defaults; no operational ML model."
operational_benchmarks_v1,0a97519bd78f561a,phase_indication_rare|phase=PHASE2/PHASE3|indication=345|rare=0,PHASE2/PHASE3,345,,0,phase_indication_rare,1,20.0,20.0,20.0,20.0,True,1,7.0,7.0,7.0,7.0,True,1,2.86,2.86,2.86,2.86,True,2026-06-02T17:43:11+00:00,"positive completed ACTUAL enrollment, positive completed registry-derived facility-count proxy, and completed ACTUAL enrollment per positive facility-count proxy; percentiles used without winsorization","Deterministic combined operational benchmark for planned enrollment, site-count proxy, and enrollment-coherent patients-per-site defaults; no operational ML model."
operational_benchmarks_v1,0a97519bd78f561a,phase_indication_rare|phase=PHASE2/PHASE3|indication=357|rare=0,PHASE2/PHASE3,357,,0,phase_indication_rare,1,187.0,187.0,187.0,187.0,True,1,5.0,5.0,5.0,5.0,True,1,37.4,37.4,37.4,37.4,True,2026-06-02T17:43:11+00:00,"positive completed ACTUAL enrollment, positive completed registry-derived facility-count proxy, and completed ACTUAL enrollment per positive facility-count proxy; percentiles used without winsorization","Deterministic combined operational benchmark for planned enrollment, site-count proxy, and enrollment-coherent patients-per-site defaults; no operational ML model."
operational_benchmarks_v1,0a97519bd78f561a,phase_indication_rare|phase=PHASE2/PHASE3|indication=359|rare=0,PHASE2/PHASE3,359,,0,phase_indication_rare,1,118.0,118.0,118.0,118.0,True,1,1.0,1.0,1.0,1.0,True,1,118.0,118.0,118.0,118.0,True,2026-06-02T17:43:11+00:00,"positive completed ACTUAL enrollment, positive completed registry-derived facility-count proxy, and completed ACTUAL enrollment per positive facility-count proxy; percentiles used without winsorization","Deterministic combined operational benchmark for planned enrollment, site-count proxy, and enrollment-coherent patients-per-site defaults; no operational ML model."
operational_benchmarks_v1,0a97519bd78f561a,phase_indication_rare|phase=PHASE2/PHASE3|indication=366|rare=0,PHASE2/PHASE3,366,,0,phase_indication_rare,1,152.0,152.0,152.0,152.0,True,1,15.0,15.0,15.0,15.0,True,1,10.13,10.13,10.13,10.13,True,2026-06-02T17:43:11+00:00,"positive completed ACTUAL enrollment, positive completed registry-derived facility-count proxy, and completed ACTUAL enrollment per positive facility-count proxy; percentiles used without winsorization","Deterministic combined operational benchmark for planned enrollment, site-count proxy, and enrollment-coherent patients-per-site defaults; no operational ML model."
operational_benchmarks_v1,0a97519bd78f561a,phase_indication_rare|phase=PHASE2/PHASE3|indication=380|rare=0,PHASE2/PHASE3,380,,0,phase_indication_rare,2,399.25,792.5,1185.75,1421.7,True,2,1.75,2.5,3.25,3.7,True,2,395.88,790.25,1184.62,1421.25,True,2026-06-02T17:43:11+00:00,"positive completed ACTUAL enrollment, positive completed registry-derived facility-count proxy, and completed ACTUAL enrollment per positive facility-count proxy; percentiles used without winsorization","Deterministic combined operational benchmark for planned enrollment, site-count proxy, and enrollment-coherent patients-per-site defaults; no operational ML model."
operational_benchmarks_v1,0a97519bd78f561a,phase_indication_rare|phase=PHASE2/PHASE3|indication=391|rare=0,PHASE2/PHASE3,391,,0,phase_indication_rare,1,674.0,674.0,674.0,674.0,True,1,55.0,55.0,55.0,55.0,True,1,12.25,12.25,12.25,12.25,True,2026-06-02T17:43:11+00:00,"positive completed ACTUAL enrollment, positive completed registry-derived facility-count proxy, and completed ACTUAL enrollment per positive facility-count proxy; percentiles used without winsorization","Deterministic combined operational benchmark for planned enrollment, site-count proxy, and enrollment-coherent patients-per-site defaults; no operational ML model."
operational_benchmarks_v1,0a97519bd78f561a,phase_indication_rare|phase=PHASE2/PHASE3|indication=393|rare=0,PHASE2/PHASE3,393,,0,phase_indication_rare,2,458.75,592.5,726.25,806.5,True,1,50.0,50.0,50.0,50.0,True,1,17.2,17.2,17.2,17.2,True,2026-06-02T17:43:11+00:00,"positive completed ACTUAL enrollment, positive completed registry-derived facility-count proxy, and completed ACTUAL enrollment per positive facility-count proxy; percentiles used without winsorization","Deterministic combined operational benchmark for planned enrollment, site-count proxy, and enrollment-coherent patients-per-site defaults; no operational ML model."
operational_benchmarks_v1,0a97519bd78f561a,phase_indication_rare|phase=PHASE2/PHASE3|indication=400|rare=0,PHASE2/PHASE3,400,,0,phase_indication_rare,2,329.75,398.5,467.25,508.5,True,2,3.75,6.5,9.25,10.9,True,2,150.31,278.88,407.44,484.57,True,2026-06-02T17:43:11+00:00,"positive completed ACTUAL enrollment, positive completed registry-derived facility-count proxy, and completed ACTUAL enrollment per positive facility-count proxy; percentiles used without winsorization","Deterministic combined operational benchmark for planned enrollment, site-count proxy, and enrollment-coherent patients-per-site defaults; no operational ML model."
operational_benchmarks_v1,0a97519bd78f561a,phase_indication_rare|phase=PHASE2/PHASE3|indication=408|rare=0,PHASE2/PHASE3,408,,0,phase_indication_rare,7,28.0,95.0,459.0,1048.6,True,6,16.75,21.0,43.25,58.5,True,6,1.65,2.92,13.08,244.2,True,2026-06-02T17:43:11+00:00,"positive completed ACTUAL enrollment, positive completed registry-derived facility-count proxy, and completed ACTUAL enrollment per positive facility-count proxy; percentiles used without winsorization","Deterministic combined operational benchmark for planned enrollment, site-count proxy, and enrollment-coherent patients-per-site defaults; no operational ML model."
operational_benchmarks_v1,0a97519bd78f561a,phase_indication_rare|phase=PHASE2/PHASE3|indication=408|rare=1,PHASE2/PHASE3,408,,1,phase_indication_rare,1,198.0,198.0,198.0,198.0,True,1,22.0,22.0,22.0,22.0,True,1,9.0,9.0,9.0,9.0,True,2026-06-02T17:43:11+00:00,"positive completed ACTUAL enrollment, positive completed registry-derived facility-count proxy, and completed ACTUAL enrollment per positive facility-count proxy; percentiles used without winsorization","Deterministic combined operational benchmark for planned enrollment, site-count proxy, and enrollment-coherent patients-per-site defaults; no operational ML model."
operational_benchmarks_v1,0a97519bd78f561a,phase_indication_rare|phase=PHASE2/PHASE3|indication=411|rare=0,PHASE2/PHASE3,411,,0,phase_indication_rare,1,104.0,104.0,104.0,104.0,True,1,19.0,19.0,19.0,19.0,True,1,5.47,5.47,5.47,5.47,True,2026-06-02T17:43:11+00:00,"positive completed ACTUAL enrollment, positive completed registry-derived facility-count proxy, and completed ACTUAL enrollment per positive facility-count proxy; percentiles used without winsorization","Deterministic combined operational benchmark for planned enrollment, site-count proxy, and enrollment-coherent patients-per-site defaults; no operational ML model."
operational_benchmarks_v1,0a97519bd78f561a,phase_indication_rare|phase=PHASE2/PHASE3|indication=414|rare=0,PHASE2/PHASE3,414,,0,phase_indication_rare,2,33.25,49.5,65.75,75.5,True,3,60.5,73.0,101.5,118.6,True,2,0.55,0.74,0.93,1.05,True,2026-06-02T17:43:11+00:00,"positive completed ACTUAL enrollment, positive completed registry-derived facility-count proxy, and completed ACTUAL enrollment per positive facility-count proxy; percentiles used without winsorization","Deterministic combined operational benchmark for planned enrollment, site-count proxy, and enrollment-coherent patients-per-site defaults; no operational ML model."
operational_benchmarks_v1,0a97519bd78f561a,phase_indication_rare|phase=PHASE2/PHASE3|indication=417|rare=0,PHASE2/PHASE3,417,,0,phase_indication_rare,1,668.0,668.0,668.0,668.0,True,1,2.0,2.0,2.0,2.0,True,1,334.0,334.0,334.0,334.0,True,2026-06-02T17:43:11+00:00,"positive completed ACTUAL enrollment, positive completed registry-derived facility-count proxy, and completed ACTUAL enrollment per positive facility-count proxy; percentiles used without winsorization","Deterministic combined operational benchmark for planned enrollment, site-count proxy, and enrollment-coherent patients-per-site defaults; no operational ML model."
operational_benchmarks_v1,0a97519bd78f561a,phase_indication_rare|phase=PHASE2/PHASE3|indication=426|rare=0,PHASE2/PHASE3,426,,0,phase_indication_rare,6,450.0,487.5,529.5,788.0,True,5,40.0,58.0,128.0,186.8,True,5,4.23,8.48,10.97,112.99,True,2026-06-02T17:43:11+00:00,"positive completed ACTUAL enrollment, positive completed registry-derived facility-count proxy, and completed ACTUAL enrollment per positive facility-count proxy; percentiles used without winsorization","Deterministic combined operational benchmark for planned enrollment, site-count proxy, and enrollment-coherent patients-per-site defaults; no operational ML model."
operational_benchmarks_v1,0a97519bd78f561a,phase_indication_rare|phase=PHASE2/PHASE3|indication=429|rare=0,PHASE2/PHASE3,429,,0,phase_indication_rare,5,62.0,191.0,416.0,518.0,True,5,1.0,13.0,112.0,128.8,True,5,3.71,4.77,40.0,367.6,True,2026-06-02T17:43:11+00:00,"positive completed ACTUAL enrollment, positive completed registry-derived facility-count proxy, and completed ACTUAL enrollment per positive facility-count proxy; percentiles used without winsorization","Deterministic combined operational benchmark for planned enrollment, site-count proxy, and enrollment-coherent patients-per-site defaults; no operational ML model."
operational_benchmarks_v1,0a97519bd78f561a,phase_indication_rare|phase=PHASE2/PHASE3|indication=438|rare=0,PHASE2/PHASE3,438,,0,phase_indication_rare,2,242.5,290.0,337.5,366.0,True,2,11.5,13.0,14.5,15.4,True,2,18.77,25.34,31.92,35.87,True,2026-06-02T17:43:11+00:00,"positive completed ACTUAL enrollment, positive completed registry-derived facility-count proxy, and completed ACTUAL enrollment per positive facility-count proxy; percentiles used without winsorization","Deterministic combined operational benchmark for planned enrollment, site-count proxy, and enrollment-coherent patients-per-site defaults; no operational ML model."
operational_benchmarks_v1,0a97519bd78f561a,phase_indication_rare|phase=PHASE2/PHASE3|indication=441|rare=0,PHASE2/PHASE3,441,,0,phase_indication_rare,4,213.25,319.0,442.25,484.1,True,3,17.0,29.0,39.0,45.0,True,3,9.22,14.45,29.12,37.93,True,2026-06-02T17:43:11+00:00,"positive completed ACTUAL enrollment, positive completed registry-derived facility-count proxy, and completed ACTUAL enrollment per positive facility-count proxy; percentiles used without winsorization","Deterministic combined operational benchmark for planned enrollment, site-count proxy, and enrollment-coherent patients-per-site defaults; no operational ML model."
operational_benchmarks_v1,0a97519bd78f561a,phase_indication_rare|phase=PHASE2/PHASE3|indication=462|rare=0,PHASE2/PHASE3,462,,0,phase_indication_rare,2,94.5,143.0,191.5,220.6,True,2,41.5,63.0,84.5,97.4,True,2,3.33,6.22,9.11,10.84,True,2026-06-02T17:43:11+00:00,"positive completed ACTUAL enrollment, positive completed registry-derived facility-count proxy, and completed ACTUAL enrollment per positive facility-count proxy; percentiles used without winsorization","Deterministic combined operational benchmark for planned enrollment, site-count proxy, and enrollment-coherent patients-per-site defaults; no operational ML model."
operational_benchmarks_v1,0a97519bd78f561a,phase_indication_rare|phase=PHASE2/PHASE3|indication=465|rare=0,PHASE2/PHASE3,465,,0,phase_indication_rare,1,248.0,248.0,248.0,248.0,True,1,6.0,6.0,6.0,6.0,True,1,41.33,41.33,41.33,41.33,True,2026-06-02T17:43:11+00:00,"positive completed ACTUAL enrollment, positive completed registry-derived facility-count proxy, and completed ACTUAL enrollment per positive facility-count proxy; percentiles used without winsorization","Deterministic combined operational benchmark for planned enrollment, site-count proxy, and enrollment-coherent patients-per-site defaults; no operational ML model."
operational_benchmarks_v1,0a97519bd78f561a,phase_indication_rare|phase=PHASE2/PHASE3|indication=474|rare=0,PHASE2/PHASE3,474,,0,phase_indication_rare,1,175.0,175.0,175.0,175.0,True,1,161.0,161.0,161.0,161.0,True,1,1.09,1.09,1.09,1.09,True,2026-06-02T17:43:11+00:00,"positive completed ACTUAL enrollment, positive completed registry-derived facility-count proxy, and completed ACTUAL enrollment per positive facility-count proxy; percentiles used without winsorization","Deterministic combined operational benchmark for planned enrollment, site-count proxy, and enrollment-coherent patients-per-site defaults; no operational ML model."
operational_benchmarks_v1,0a97519bd78f561a,phase_indication_rare|phase=PHASE2/PHASE3|indication=480|rare=1,PHASE2/PHASE3,480,,1,phase_indication_rare,1,91.0,91.0,91.0,91.0,True,1,19.0,19.0,19.0,19.0,True,1,4.79,4.79,4.79,4.79,True,2026-06-02T17:43:11+00:00,"positive completed ACTUAL enrollment, positive completed registry-derived facility-count proxy, and completed ACTUAL enrollment per positive facility-count proxy; percentiles used without winsorization","Deterministic combined operational benchmark for planned enrollment, site-count proxy, and enrollment-coherent patients-per-site defaults; no operational ML model."
operational_benchmarks_v1,0a97519bd78f561a,phase_indication_rare|phase=PHASE2/PHASE3|indication=483|rare=0,PHASE2/PHASE3,483,,0,phase_indication_rare,1,249.0,249.0,249.0,249.0,True,1,45.0,45.0,45.0,45.0,True,1,5.53,5.53,5.53,5.53,True,2026-06-02T17:43:11+00:00,"positive completed ACTUAL enrollment, positive completed registry-derived facility-count proxy, and completed ACTUAL enrollment per positive facility-count proxy; percentiles used without winsorization","Deterministic combined operational benchmark for planned enrollment, site-count proxy, and enrollment-coherent patients-per-site defaults; no operational ML model."
operational_benchmarks_v1,0a97519bd78f561a,phase_indication_rare|phase=PHASE2/PHASE3|indication=483|rare=1,PHASE2/PHASE3,483,,1,phase_indication_rare,1,176.0,176.0,176.0,176.0,True,1,6.0,6.0,6.0,6.0,True,1,29.33,29.33,29.33,29.33,True,2026-06-02T17:43:11+00:00,"positive completed ACTUAL enrollment, positive completed registry-derived facility-count proxy, and completed ACTUAL enrollment per positive facility-count proxy; percentiles used without winsorization","Deterministic combined operational benchmark for planned enrollment, site-count proxy, and enrollment-coherent patients-per-site defaults; no operational ML model."
operational_benchmarks_v1,0a97519bd78f561a,phase_indication_rare|phase=PHASE2/PHASE3|indication=485|rare=0,PHASE2/PHASE3,485,,0,phase_indication_rare,2,144.0,247.0,350.0,411.8,True,2,62.75,94.5,126.25,145.3,True,2,1.71,2.09,2.48,2.71,True,2026-06-02T17:43:11+00:00,"positive completed ACTUAL enrollment, positive completed registry-derived facility-count proxy, and completed ACTUAL enrollment per positive facility-count proxy; percentiles used without winsorization","Deterministic combined operational benchmark for planned enrollment, site-count proxy, and enrollment-coherent patients-per-site defaults; no operational ML model."
operational_benchmarks_v1,0a97519bd78f561a,phase_indication_rare|phase=PHASE2/PHASE3|indication=485|rare=1,PHASE2/PHASE3,485,,1,phase_indication_rare,1,111.0,111.0,111.0,111.0,True,1,57.0,57.0,57.0,57.0,True,1,1.95,1.95,1.95,1.95,True,2026-06-02T17:43:11+00:00,"positive completed ACTUAL enrollment, positive completed registry-derived facility-count proxy, and completed ACTUAL enrollment per positive facility-count proxy; percentiles used without winsorization","Deterministic combined operational benchmark for planned enrollment, site-count proxy, and enrollment-coherent patients-per-site defaults; no operational ML model."
operational_benchmarks_v1,0a97519bd78f561a,phase_indication_rare|phase=PHASE2/PHASE3|indication=486|rare=0,PHASE2/PHASE3,486,,0,phase_indication_rare,1,10.0,10.0,10.0,10.0,True,1,13.0,13.0,13.0,13.0,True,1,0.77,0.77,0.77,0.77,True,2026-06-02T17:43:11+00:00,"positive completed ACTUAL enrollment, positive completed registry-derived facility-count proxy, and completed ACTUAL enrollment per positive facility-count proxy; percentiles used without winsorization","Deterministic combined operational benchmark for planned enrollment, site-count proxy, and enrollment-coherent patients-per-site defaults; no operational ML model."
operational_benchmarks_v1,0a97519bd78f561a,phase_indication_rare|phase=PHASE2/PHASE3|indication=487|rare=0,PHASE2/PHASE3,487,,0,phase_indication_rare,4,68.0,151.5,253.25,296.9,True,4,34.0,59.5,75.75,78.9,True,4,2.73,3.56,15.52,36.21,True,2026-06-02T17:43:11+00:00,"positive completed ACTUAL enrollment, positive completed registry-derived facility-count proxy, and completed ACTUAL enrollment per positive facility-count proxy; percentiles used without winsorization","Deterministic combined operational benchmark for planned enrollment, site-count proxy, and enrollment-coherent patients-per-site defaults; no operational ML model."
operational_benchmarks_v1,0a97519bd78f561a,phase_indication_rare|phase=PHASE2/PHASE3|indication=487|rare=1,PHASE2/PHASE3,487,,1,phase_indication_rare,1,85.0,85.0,85.0,85.0,True,1,28.0,28.0,28.0,28.0,True,1,3.04,3.04,3.04,3.04,True,2026-06-02T17:43:11+00:00,"positive completed ACTUAL enrollment, positive completed registry-derived facility-count proxy, and completed ACTUAL enrollment per positive facility-count proxy; percentiles used without winsorization","Deterministic combined operational benchmark for planned enrollment, site-count proxy, and enrollment-coherent patients-per-site defaults; no operational ML model."
operational_benchmarks_v1,0a97519bd78f561a,phase_indication_rare|phase=PHASE2/PHASE3|indication=489|rare=0,PHASE2/PHASE3,489,,0,phase_indication_rare,3,32.0,52.0,103.5,134.4,True,3,5.0,9.0,11.0,12.2,True,3,2.67,4.0,79.5,124.8,True,2026-06-02T17:43:11+00:00,"positive completed ACTUAL enrollment, positive completed registry-derived facility-count proxy, and completed ACTUAL enrollment per positive facility-count proxy; percentiles used without winsorization","Deterministic combined operational benchmark for planned enrollment, site-count proxy, and enrollment-coherent patients-per-site defaults; no operational ML model."
operational_benchmarks_v1,0a97519bd78f561a,phase_indication_rare|phase=PHASE2/PHASE3|indication=489|rare=1,PHASE2/PHASE3,489,,1,phase_indication_rare,1,48.0,48.0,48.0,48.0,True,1,5.0,5.0,5.0,5.0,True,1,9.6,9.6,9.6,9.6,True,2026-06-02T17:43:11+00:00,"positive completed ACTUAL enrollment, positive completed registry-derived facility-count proxy, and completed ACTUAL enrollment per positive facility-count proxy; percentiles used without winsorization","Deterministic combined operational benchmark for planned enrollment, site-count proxy, and enrollment-coherent patients-per-site defaults; no operational ML model."
operational_benchmarks_v1,0a97519bd78f561a,phase_indication_rare|phase=PHASE2/PHASE3|indication=490|rare=0,PHASE2/PHASE3,490,,0,phase_indication_rare,3,115.5,168.0,284.0,353.6,True,3,1.0,1.0,4.5,6.6,True,3,42.0,63.0,231.5,332.6,True,2026-06-02T17:43:11+00:00,"positive completed ACTUAL enrollment, positive completed registry-derived facility-count proxy, and completed ACTUAL enrollment per positive facility-count proxy; percentiles used without winsorization","Deterministic combined operational benchmark for planned enrollment, site-count proxy, and enrollment-coherent patients-per-site defaults; no operational ML model."
operational_benchmarks_v1,0a97519bd78f561a,phase_indication_rare|phase=PHASE2/PHASE3|indication=490|rare=1,PHASE2/PHASE3,490,,1,phase_indication_rare,4,43.0,75.0,208.25,390.5,True,4,16.25,27.5,43.25,52.7,True,4,2.59,4.68,6.89,7.96,True,2026-06-02T17:43:11+00:00,"positive completed ACTUAL enrollment, positive completed registry-derived facility-count proxy, and completed ACTUAL enrollment per positive facility-count proxy; percentiles used without winsorization","Deterministic combined operational benchmark for planned enrollment, site-count proxy, and enrollment-coherent patients-per-site defaults; no operational ML model."
operational_benchmarks_v1,0a97519bd78f561a,phase_indication_rare|phase=PHASE2/PHASE3|indication=493|rare=0,PHASE2/PHASE3,493,,0,phase_indication_rare,1,711.0,711.0,711.0,711.0,True,1,171.0,171.0,171.0,171.0,True,1,4.16,4.16,4.16,4.16,True,2026-06-02T17:43:11+00:00,"positive completed ACTUAL enrollment, positive completed registry-derived facility-count proxy, and completed ACTUAL enrollment per positive facility-count proxy; percentiles used without winsorization","Deterministic combined operational benchmark for planned enrollment, site-count proxy, and enrollment-coherent patients-per-site defaults; no operational ML model."
operational_benchmarks_v1,0a97519bd78f561a,phase_indication_rare|phase=PHASE2/PHASE3|indication=494|rare=0,PHASE2/PHASE3,494,,0,phase_indication_rare,3,143.5,206.0,322.0,391.6,True,3,2.0,3.0,6.5,8.6,True,3,35.4,43.8,124.9,173.56,True,2026-06-02T17:43:11+00:00,"positive completed ACTUAL enrollment, positive completed registry-derived facility-count proxy, and completed ACTUAL enrollment per positive facility-count proxy; percentiles used without winsorization","Deterministic combined operational benchmark for planned enrollment, site-count proxy, and enrollment-coherent patients-per-site defaults; no operational ML model."
operational_benchmarks_v1,0a97519bd78f561a,phase_indication_rare|phase=PHASE2/PHASE3|indication=498|rare=0,PHASE2/PHASE3,498,,0,phase_indication_rare,3,373.0,393.0,533.0,617.0,True,3,50.0,87.0,92.5,95.8,True,3,5.87,7.74,17.44,23.27,True,2026-06-02T17:43:11+00:00,"positive completed ACTUAL enrollment, positive completed registry-derived facility-count proxy, and completed ACTUAL enrollment per positive facility-count proxy; percentiles used without winsorization","Deterministic combined operational benchmark for planned enrollment, site-count proxy, and enrollment-coherent patients-per-site defaults; no operational ML model."
operational_benchmarks_v1,0a97519bd78f561a,phase_indication_rare|phase=PHASE2/PHASE3|indication=499|rare=0,PHASE2/PHASE3,499,,0,phase_indication_rare,1,78.0,78.0,78.0,78.0,True,1,18.0,18.0,18.0,18.0,True,1,4.33,4.33,4.33,4.33,True,2026-06-02T17:43:11+00:00,"positive completed ACTUAL enrollment, positive completed registry-derived facility-count proxy, and completed ACTUAL enrollment per positive facility-count proxy; percentiles used without winsorization","Deterministic combined operational benchmark for planned enrollment, site-count proxy, and enrollment-coherent patients-per-site defaults; no operational ML model."
operational_benchmarks_v1,0a97519bd78f561a,phase_indication_rare|phase=PHASE2/PHASE3|indication=499|rare=1,PHASE2/PHASE3,499,,1,phase_indication_rare,1,314.0,314.0,314.0,314.0,True,1,68.0,68.0,68.0,68.0,True,1,4.62,4.62,4.62,4.62,True,2026-06-02T17:43:11+00:00,"positive completed ACTUAL enrollment, positive completed registry-derived facility-count proxy, and completed ACTUAL enrollment per positive facility-count proxy; percentiles used without winsorization","Deterministic combined operational benchmark for planned enrollment, site-count proxy, and enrollment-coherent patients-per-site defaults; no operational ML model."
operational_benchmarks_v1,0a97519bd78f561a,phase_indication_rare|phase=PHASE2/PHASE3|indication=507|rare=0,PHASE2/PHASE3,507,,0,phase_indication_rare,7,92.0,369.0,504.5,1162.8,True,7,7.5,16.0,42.0,103.2,True,7,10.03,12.77,25.69,32.28,True,2026-06-02T17:43:11+00:00,"positive completed ACTUAL enrollment, positive completed registry-derived facility-count proxy, and completed ACTUAL enrollment per positive facility-count proxy; percentiles used without winsorization","Deterministic combined operational benchmark for planned enrollment, site-count proxy, and enrollment-coherent patients-per-site defaults; no operational ML model."
operational_benchmarks_v1,0a97519bd78f561a,phase_indication_rare|phase=PHASE2/PHASE3|indication=507|rare=1,PHASE2/PHASE3,507,,1,phase_indication_rare,1,21.0,21.0,21.0,21.0,True,1,12.0,12.0,12.0,12.0,True,1,1.75,1.75,1.75,1.75,True,2026-06-02T17:43:11+00:00,"positive completed ACTUAL enrollment, positive completed registry-derived facility-count proxy, and completed ACTUAL enrollment per positive facility-count proxy; percentiles used without winsorization","Deterministic combined operational benchmark for planned enrollment, site-count proxy, and enrollment-coherent patients-per-site defaults; no operational ML model."
operational_benchmarks_v1,0a97519bd78f561a,phase_indication_rare|phase=PHASE2/PHASE3|indication=509|rare=0,PHASE2/PHASE3,509,,0,phase_indication_rare,2,379.25,560.5,741.75,850.5,True,2,5.5,6.0,6.5,6.8,True,2,67.36,106.44,145.52,168.97,True,2026-06-02T17:43:11+00:00,"positive completed ACTUAL enrollment, positive completed registry-derived facility-count proxy, and completed ACTUAL enrollment per positive facility-count proxy; percentiles used without winsorization","Deterministic combined operational benchmark for planned enrollment, site-count proxy, and enrollment-coherent patients-per-site defaults; no operational ML model."
operational_benchmarks_v1,0a97519bd78f561a,phase_indication_rare|phase=PHASE2/PHASE3|indication=509|rare=1,PHASE2/PHASE3,509,,1,phase_indication_rare,1,168.0,168.0,168.0,168.0,True,1,12.0,12.0,12.0,12.0,True,1,14.0,14.0,14.0,14.0,True,2026-06-02T17:43:11+00:00,"positive completed ACTUAL enrollment, positive completed registry-derived facility-count proxy, and completed ACTUAL enrollment per positive facility-count proxy; percentiles used without winsorization","Deterministic combined operational benchmark for planned enrollment, site-count proxy, and enrollment-coherent patients-per-site defaults; no operational ML model."
operational_benchmarks_v1,0a97519bd78f561a,phase_indication_rare|phase=PHASE2/PHASE3|indication=515|rare=0,PHASE2/PHASE3,515,,0,phase_indication_rare,6,160.25,285.5,566.0,853.5,True,6,22.5,52.0,80.75,157.0,True,6,4.58,5.84,19.26,26.67,True,2026-06-02T17:43:11+00:00,"positive completed ACTUAL enrollment, positive completed registry-derived facility-count proxy, and completed ACTUAL enrollment per positive facility-count proxy; percentiles used without winsorization","Deterministic combined operational benchmark for planned enrollment, site-count proxy, and enrollment-coherent patients-per-site defaults; no operational ML model."
operational_benchmarks_v1,0a97519bd78f561a,phase_indication_rare|phase=PHASE2/PHASE3|indication=520|rare=0,PHASE2/PHASE3,520,,0,phase_indication_rare,9,100.0,119.0,450.0,608.8,True,7,1.0,14.0,17.0,19.4,True,7,7.58,9.95,97.5,241.2,True,2026-06-02T17:43:11+00:00,"positive completed ACTUAL enrollment, positive completed registry-derived facility-count proxy, and completed ACTUAL enrollment per positive facility-count proxy; percentiles used without winsorization","Deterministic combined operational benchmark for planned enrollment, site-count proxy, and enrollment-coherent patients-per-site defaults; no operational ML model."
operational_benchmarks_v1,0a97519bd78f561a,phase_indication_rare|phase=PHASE2/PHASE3|indication=520|rare=1,PHASE2/PHASE3,520,,1,phase_indication_rare,1,32.0,32.0,32.0,32.0,True,1,6.0,6.0,6.0,6.0,True,1,5.33,5.33,5.33,5.33,True,2026-06-02T17:43:11+00:00,"positive completed ACTUAL enrollment, positive completed registry-derived facility-count proxy, and completed ACTUAL enrollment per positive facility-count proxy; percentiles used without winsorization","Deterministic combined operational benchmark for planned enrollment, site-count proxy, and enrollment-coherent patients-per-site defaults; no operational ML model."
operational_benchmarks_v1,0a97519bd78f561a,phase_indication_rare|phase=PHASE2/PHASE3|indication=521|rare=0,PHASE2/PHASE3,521,,0,phase_indication_rare,17,120.0,196.0,390.0,460.6,True,11,1.0,21.0,30.5,57.0,True,11,3.56,14.28,125.0,150.0,True,2026-06-02T17:43:11+00:00,"positive completed ACTUAL enrollment, positive completed registry-derived facility-count proxy, and completed ACTUAL enrollment per positive facility-count proxy; percentiles used without winsorization","Deterministic combined operational benchmark for planned enrollment, site-count proxy, and enrollment-coherent patients-per-site defaults; no operational ML model."
operational_benchmarks_v1,0a97519bd78f561a,phase_indication_rare|phase=PHASE2/PHASE3|indication=521|rare=1,PHASE2/PHASE3,521,,1,phase_indication_rare,1,68.0,68.0,68.0,68.0,True,1,28.0,28.0,28.0,28.0,True,1,2.43,2.43,2.43,2.43,True,2026-06-02T17:43:11+00:00,"positive completed ACTUAL enrollment, positive completed registry-derived facility-count proxy, and completed ACTUAL enrollment per positive facility-count proxy; percentiles used without winsorization","Deterministic combined operational benchmark for planned enrollment, site-count proxy, and enrollment-coherent patients-per-site defaults; no operational ML model."
operational_benchmarks_v1,0a97519bd78f561a,phase_indication_rare|phase=PHASE2/PHASE3|indication=532|rare=0,PHASE2/PHASE3,532,,0,phase_indication_rare,4,167.75,746.5,1366.0,1481.2,True,4,43.25,242.0,446.5,476.2,True,4,2.42,3.12,7.06,13.24,True,2026-06-02T17:43:11+00:00,"positive completed ACTUAL enrollment, positive completed registry-derived facility-count proxy, and completed ACTUAL enrollment per positive facility-count proxy; percentiles used without winsorization","Deterministic combined operational benchmark for planned enrollment, site-count proxy, and enrollment-coherent patients-per-site defaults; no operational ML model."
operational_benchmarks_v1,0a97519bd78f561a,phase_indication_rare|phase=PHASE2/PHASE3|indication=535|rare=0,PHASE2/PHASE3,535,,0,phase_indication_rare,1,104.0,104.0,104.0,104.0,True,1,9.0,9.0,9.0,9.0,True,1,11.56,11.56,11.56,11.56,True,2026-06-02T17:43:11+00:00,"positive completed ACTUAL enrollment, positive completed registry-derived facility-count proxy, and completed ACTUAL enrollment per positive facility-count proxy; percentiles used without winsorization","Deterministic combined operational benchmark for planned enrollment, site-count proxy, and enrollment-coherent patients-per-site defaults; no operational ML model."
operational_benchmarks_v1,0a97519bd78f561a,phase_indication_rare|phase=PHASE2/PHASE3|indication=543|rare=0,PHASE2/PHASE3,543,,0,phase_indication_rare,12,335.25,374.5,440.75,549.5,True,12,18.5,45.5,60.0,81.6,True,12,6.35,7.79,16.64,371.4,True,2026-06-02T17:43:11+00:00,"positive completed ACTUAL enrollment, positive completed registry-derived facility-count proxy, and completed ACTUAL enrollment per positive facility-count proxy; percentiles used without winsorization","Deterministic combined operational benchmark for planned enrollment, site-count proxy, and enrollment-coherent patients-per-site defaults; no operational ML model."
operational_benchmarks_v1,0a97519bd78f561a,phase_indication_rare|phase=PHASE2/PHASE3|indication=544|rare=0,PHASE2/PHASE3,544,,0,phase_indication_rare,5,149.0,170.0,404.0,413.6,True,5,29.0,33.0,57.0,59.4,True,5,5.14,6.89,7.09,9.64,True,2026-06-02T17:43:11+00:00,"positive completed ACTUAL enrollment, positive completed registry-derived facility-count proxy, and completed ACTUAL enrollment per positive facility-count proxy; percentiles used without winsorization","Deterministic combined operational benchmark for planned enrollment, site-count proxy, and enrollment-coherent patients-per-site defaults; no operational ML model."
operational_benchmarks_v1,0a97519bd78f561a,phase_indication_rare|phase=PHASE2/PHASE3|indication=545|rare=0,PHASE2/PHASE3,545,,0,phase_indication_rare,2,90.75,93.5,96.25,97.9,True,2,24.25,24.5,24.75,24.9,True,2,3.74,3.81,3.89,3.93,True,2026-06-02T17:43:11+00:00,"positive completed ACTUAL enrollment, positive completed registry-derived facility-count proxy, and completed ACTUAL enrollment per positive facility-count proxy; percentiles used without winsorization","Deterministic combined operational benchmark for planned enrollment, site-count proxy, and enrollment-coherent patients-per-site defaults; no operational ML model."
operational_benchmarks_v1,0a97519bd78f561a,phase_indication_rare|phase=PHASE2/PHASE3|indication=546|rare=0,PHASE2/PHASE3,546,,0,phase_indication_rare,5,106.0,163.0,258.0,342.6,True,5,1.0,5.0,17.0,41.6,True,5,6.24,11.0,163.0,304.6,True,2026-06-02T17:43:11+00:00,"positive completed ACTUAL enrollment, positive completed registry-derived facility-count proxy, and completed ACTUAL enrollment per positive facility-count proxy; percentiles used without winsorization","Deterministic combined operational benchmark for planned enrollment, site-count proxy, and enrollment-coherent patients-per-site defaults; no operational ML model."
operational_benchmarks_v1,0a97519bd78f561a,phase_indication_rare|phase=PHASE2/PHASE3|indication=554|rare=0,PHASE2/PHASE3,554,,0,phase_indication_rare,1,271.0,271.0,271.0,271.0,True,1,15.0,15.0,15.0,15.0,True,1,18.07,18.07,18.07,18.07,True,2026-06-02T17:43:11+00:00,"positive completed ACTUAL enrollment, positive completed registry-derived facility-count proxy, and completed ACTUAL enrollment per positive facility-count proxy; percentiles used without winsorization","Deterministic combined operational benchmark for planned enrollment, site-count proxy, and enrollment-coherent patients-per-site defaults; no operational ML model."
operational_benchmarks_v1,0a97519bd78f561a,phase_indication_rare|phase=PHASE2/PHASE3|indication=554|rare=1,PHASE2/PHASE3,554,,1,phase_indication_rare,2,119.5,211.0,302.5,357.4,True,2,2.0,3.0,4.0,4.6,True,2,102.7,199.8,296.9,355.16,True,2026-06-02T17:43:11+00:00,"positive completed ACTUAL enrollment, positive completed registry-derived facility-count proxy, and completed ACTUAL enrollment per positive facility-count proxy; percentiles used without winsorization","Deterministic combined operational benchmark for planned enrollment, site-count proxy, and enrollment-coherent patients-per-site defaults; no operational ML model."
operational_benchmarks_v1,0a97519bd78f561a,phase_indication_rare|phase=PHASE2/PHASE3|indication=557|rare=0,PHASE2/PHASE3,557,,0,phase_indication_rare,9,117.0,155.0,256.0,326.4,True,9,7.0,18.0,41.0,50.0,True,9,2.85,3.17,22.14,240.2,True,2026-06-02T17:43:11+00:00,"positive completed ACTUAL enrollment, positive completed registry-derived facility-count proxy, and completed ACTUAL enrollment per positive facility-count proxy; percentiles used without winsorization","Deterministic combined operational benchmark for planned enrollment, site-count proxy, and enrollment-coherent patients-per-site defaults; no operational ML model."
operational_benchmarks_v1,0a97519bd78f561a,phase_indication_rare|phase=PHASE2/PHASE3|indication=557|rare=1,PHASE2/PHASE3,557,,1,phase_indication_rare,8,85.75,166.5,251.5,356.8,True,8,10.0,15.0,50.75,70.7,True,8,7.38,9.1,11.83,13.6,True,2026-06-02T17:43:11+00:00,"positive completed ACTUAL enrollment, positive completed registry-derived facility-count proxy, and completed ACTUAL enrollment per positive facility-count proxy; percentiles used without winsorization","Deterministic combined operational benchmark for planned enrollment, site-count proxy, and enrollment-coherent patients-per-site defaults; no operational ML model."
operational_benchmarks_v1,0a97519bd78f561a,phase_indication_rare|phase=PHASE2/PHASE3|indication=559|rare=0,PHASE2/PHASE3,559,,0,phase_indication_rare,8,46.5,115.5,305.25,474.9,True,8,1.0,1.5,3.0,4.5,True,8,34.5,63.33,136.42,257.17,True,2026-06-02T17:43:11+00:00,"positive completed ACTUAL enrollment, positive completed registry-derived facility-count proxy, and completed ACTUAL enrollment per positive facility-count proxy; percentiles used without winsorization","Deterministic combined operational benchmark for planned enrollment, site-count proxy, and enrollment-coherent patients-per-site defaults; no operational ML model."
operational_benchmarks_v1,0a97519bd78f561a,phase_indication_rare|phase=PHASE2/PHASE3|indication=561|rare=0,PHASE2/PHASE3,561,,0,phase_indication_rare,2,70.5,116.0,161.5,188.8,True,2,4.75,7.5,10.25,11.9,True,2,13.36,14.21,15.07,15.58,True,2026-06-02T17:43:11+00:00,"positive completed ACTUAL enrollment, positive completed registry-derived facility-count proxy, and completed ACTUAL enrollment per positive facility-count proxy; percentiles used without winsorization","Deterministic combined operational benchmark for planned enrollment, site-count proxy, and enrollment-coherent patients-per-site defaults; no operational ML model."
operational_benchmarks_v1,0a97519bd78f561a,phase_indication_rare|phase=PHASE2/PHASE3|indication=567|rare=0,PHASE2/PHASE3,567,,0,phase_indication_rare,6,352.0,444.5,576.75,670.0,True,6,8.5,35.5,42.25,56.5,True,6,8.11,10.62,289.67,561.0,True,2026-06-02T17:43:11+00:00,"positive completed ACTUAL enrollment, positive completed registry-derived facility-count proxy, and completed ACTUAL enrollment per positive facility-count proxy; percentiles used without winsorization","Deterministic combined operational benchmark for planned enrollment, site-count proxy, and enrollment-coherent patients-per-site defaults; no operational ML model."
operational_benchmarks_v1,0a97519bd78f561a,phase_indication_rare|phase=PHASE2/PHASE3|indication=570|rare=0,PHASE2/PHASE3,570,,0,phase_indication_rare,3,141.0,274.0,352.5,399.6,True,3,16.5,32.0,65.0,84.8,True,3,6.2,8.0,8.28,8.45,True,2026-06-02T17:43:11+00:00,"positive completed ACTUAL enrollment, positive completed registry-derived facility-count proxy, and completed ACTUAL enrollment per positive facility-count proxy; percentiles used without winsorization","Deterministic combined operational benchmark for planned enrollment, site-count proxy, and enrollment-coherent patients-per-site defaults; no operational ML model."
operational_benchmarks_v1,0a97519bd78f561a,phase_indication_rare|phase=PHASE2/PHASE3|indication=571|rare=0,PHASE2/PHASE3,571,,0,phase_indication_rare,1,434.0,434.0,434.0,434.0,True,1,83.0,83.0,83.0,83.0,True,1,5.23,5.23,5.23,5.23,True,2026-06-02T17:43:11+00:00,"positive completed ACTUAL enrollment, positive completed registry-derived facility-count proxy, and completed ACTUAL enrollment per positive facility-count proxy; percentiles used without winsorization","Deterministic combined operational benchmark for planned enrollment, site-count proxy, and enrollment-coherent patients-per-site defaults; no operational ML model."
operational_benchmarks_v1,0a97519bd78f561a,phase_indication_rare|phase=PHASE2/PHASE3|indication=572|rare=0,PHASE2/PHASE3,572,,0,phase_indication_rare,1,319.0,319.0,319.0,319.0,True,1,43.0,43.0,43.0,43.0,True,1,7.42,7.42,7.42,7.42,True,2026-06-02T17:43:11+00:00,"positive completed ACTUAL enrollment, positive completed registry-derived facility-count proxy, and completed ACTUAL enrollment per positive facility-count proxy; percentiles used without winsorization","Deterministic combined operational benchmark for planned enrollment, site-count proxy, and enrollment-coherent patients-per-site defaults; no operational ML model."
operational_benchmarks_v1,0a97519bd78f561a,phase_indication_rare|phase=PHASE2/PHASE3|indication=575|rare=0,PHASE2/PHASE3,575,,0,phase_indication_rare,2,206.25,216.5,226.75,232.9,True,1,57.0,57.0,57.0,57.0,True,1,4.16,4.16,4.16,4.16,True,2026-06-02T17:43:11+00:00,"positive completed ACTUAL enrollment, positive completed registry-derived facility-count proxy, and completed ACTUAL enrollment per positive facility-count proxy; percentiles used without winsorization","Deterministic combined operational benchmark for planned enrollment, site-count proxy, and enrollment-coherent patients-per-site defaults; no operational ML model."
operational_benchmarks_v1,0a97519bd78f561a,phase_indication_rare|phase=PHASE2/PHASE3|indication=578|rare=0,PHASE2/PHASE3,578,,0,phase_indication_rare,5,223.0,300.0,330.0,336.0,True,5,9.0,19.0,20.0,33.8,True,5,15.0,17.89,24.78,70.51,True,2026-06-02T17:43:11+00:00,"positive completed ACTUAL enrollment, positive completed registry-derived facility-count proxy, and completed ACTUAL enrollment per positive facility-count proxy; percentiles used without winsorization","Deterministic combined operational benchmark for planned enrollment, site-count proxy, and enrollment-coherent patients-per-site defaults; no operational ML model."
operational_benchmarks_v1,0a97519bd78f561a,phase_indication_rare|phase=PHASE2/PHASE3|indication=582|rare=1,PHASE2/PHASE3,582,,1,phase_indication_rare,1,212.0,212.0,212.0,212.0,True,1,21.0,21.0,21.0,21.0,True,1,10.1,10.1,10.1,10.1,True,2026-06-02T17:43:11+00:00,"positive completed ACTUAL enrollment, positive completed registry-derived facility-count proxy, and completed ACTUAL enrollment per positive facility-count proxy; percentiles used without winsorization","Deterministic combined operational benchmark for planned enrollment, site-count proxy, and enrollment-coherent patients-per-site defaults; no operational ML model."
operational_benchmarks_v1,0a97519bd78f561a,phase_indication_rare|phase=PHASE2/PHASE3|indication=585|rare=0,PHASE2/PHASE3,585,,0,phase_indication_rare,3,165.0,201.0,313.5,381.0,True,3,1.0,1.0,29.0,45.8,True,3,68.24,129.0,165.0,186.6,True,2026-06-02T17:43:11+00:00,"positive completed ACTUAL enrollment, positive completed registry-derived facility-count proxy, and completed ACTUAL enrollment per positive facility-count proxy; percentiles used without winsorization","Deterministic combined operational benchmark for planned enrollment, site-count proxy, and enrollment-coherent patients-per-site defaults; no operational ML model."
operational_benchmarks_v1,0a97519bd78f561a,phase_indication_rare|phase=PHASE2/PHASE3|indication=587|rare=0,PHASE2/PHASE3,587,,0,phase_indication_rare,9,75.0,330.0,660.0,1037.6,True,10,1.0,4.0,22.0,142.9,True,8,9.69,40.61,92.0,340.1,True,2026-06-02T17:43:11+00:00,"positive completed ACTUAL enrollment, positive completed registry-derived facility-count proxy, and completed ACTUAL enrollment per positive facility-count proxy; percentiles used without winsorization","Deterministic combined operational benchmark for planned enrollment, site-count proxy, and enrollment-coherent patients-per-site defaults; no operational ML model."
operational_benchmarks_v1,0a97519bd78f561a,phase_indication_rare|phase=PHASE2/PHASE3|indication=587|rare=1,PHASE2/PHASE3,587,,1,phase_indication_rare,1,205.0,205.0,205.0,205.0,True,1,27.0,27.0,27.0,27.0,True,1,7.59,7.59,7.59,7.59,True,2026-06-02T17:43:11+00:00,"positive completed ACTUAL enrollment, positive completed registry-derived facility-count proxy, and completed ACTUAL enrollment per positive facility-count proxy; percentiles used without winsorization","Deterministic combined operational benchmark for planned enrollment, site-count proxy, and enrollment-coherent patients-per-site defaults; no operational ML model."
operational_benchmarks_v1,0a97519bd78f561a,phase_indication_rare|phase=PHASE2/PHASE3|indication=589|rare=0,PHASE2/PHASE3,589,,0,phase_indication_rare,13,61.0,226.0,373.0,599.0,True,13,7.0,23.0,47.0,72.0,True,13,4.1,5.55,17.0,117.54,True,2026-06-02T17:43:11+00:00,"positive completed ACTUAL enrollment, positive completed registry-derived facility-count proxy, and completed ACTUAL enrollment per positive facility-count proxy; percentiles used without winsorization","Deterministic combined operational benchmark for planned enrollment, site-count proxy, and enrollment-coherent patients-per-site defaults; no operational ML model."
operational_benchmarks_v1,0a97519bd78f561a,phase_indication_rare|phase=PHASE2/PHASE3|indication=589|rare=1,PHASE2/PHASE3,589,,1,phase_indication_rare,1,187.0,187.0,187.0,187.0,True,1,63.0,63.0,63.0,63.0,True,1,2.97,2.97,2.97,2.97,True,2026-06-02T17:43:11+00:00,"positive completed ACTUAL enrollment, positive completed registry-derived facility-count proxy, and completed ACTUAL enrollment per positive facility-count proxy; percentiles used without winsorization","Deterministic combined operational benchmark for planned enrollment, site-count proxy, and enrollment-coherent patients-per-site defaults; no operational ML model."
operational_benchmarks_v1,0a97519bd78f561a,phase_indication_rare|phase=PHASE2/PHASE3|indication=594|rare=0,PHASE2/PHASE3,594,,0,phase_indication_rare,8,148.0,221.0,440.25,550.5,True,8,1.0,1.0,27.0,54.0,True,8,8.46,136.0,194.5,416.8,True,2026-06-02T17:43:11+00:00,"positive completed ACTUAL enrollment, positive completed registry-derived facility-count proxy, and completed ACTUAL enrollment per positive facility-count proxy; percentiles used without winsorization","Deterministic combined operational benchmark for planned enrollment, site-count proxy, and enrollment-coherent patients-per-site defaults; no operational ML model."
operational_benchmarks_v1,0a97519bd78f561a,phase_indication_rare|phase=PHASE2/PHASE3|indication=603|rare=0,PHASE2/PHASE3,603,,0,phase_indication_rare,3,60.0,60.0,64.0,66.4,True,2,1.5,2.0,2.5,2.8,True,2,32.0,44.0,56.0,63.2,True,2026-06-02T17:43:11+00:00,"positive completed ACTUAL enrollment, positive completed registry-derived facility-count proxy, and completed ACTUAL enrollment per positive facility-count proxy; percentiles used without winsorization","Deterministic combined operational benchmark for planned enrollment, site-count proxy, and enrollment-coherent patients-per-site defaults; no operational ML model."
operational_benchmarks_v1,0a97519bd78f561a,phase_indication_rare|phase=PHASE2/PHASE3|indication=613|rare=1,PHASE2/PHASE3,613,,1,phase_indication_rare,3,34.5,59.0,61.0,62.2,True,3,15.5,17.0,39.0,52.2,True,3,1.93,3.71,3.96,4.11,True,2026-06-02T17:43:11+00:00,"positive completed ACTUAL enrollment, positive completed registry-derived facility-count proxy, and completed ACTUAL enrollment per positive facility-count proxy; percentiles used without winsorization","Deterministic combined operational benchmark for planned enrollment, site-count proxy, and enrollment-coherent patients-per-site defaults; no operational ML model."
operational_benchmarks_v1,0a97519bd78f561a,phase_indication_rare|phase=PHASE2/PHASE3|indication=619|rare=0,PHASE2/PHASE3,619,,0,phase_indication_rare,3,134.5,177.0,305.5,382.6,True,3,1.0,1.0,8.0,12.2,True,3,51.9,92.0,263.0,365.6,True,2026-06-02T17:43:11+00:00,"positive completed ACTUAL enrollment, positive completed registry-derived facility-count proxy, and completed ACTUAL enrollment per positive facility-count proxy; percentiles used without winsorization","Deterministic combined operational benchmark for planned enrollment, site-count proxy, and enrollment-coherent patients-per-site defaults; no operational ML model."
operational_benchmarks_v1,0a97519bd78f561a,phase_indication_rare|phase=PHASE2/PHASE3|indication=619|rare=1,PHASE2/PHASE3,619,,1,phase_indication_rare,39,23.5,54.0,73.0,162.2,True,39,6.0,11.0,26.0,46.4,True,39,2.33,3.7,6.49,15.4,True,2026-06-02T17:43:11+00:00,"positive completed ACTUAL enrollment, positive completed registry-derived facility-count proxy, and completed ACTUAL enrollment per positive facility-count proxy; percentiles used without winsorization","Deterministic combined operational benchmark for planned enrollment, site-count proxy, and enrollment-coherent patients-per-site defaults; no operational ML model."
operational_benchmarks_v1,0a97519bd78f561a,phase_indication_rare|phase=PHASE2/PHASE3|indication=627|rare=0,PHASE2/PHASE3,627,,0,phase_indication_rare,5,118.0,197.0,281.0,1117.4,True,5,33.0,50.0,66.0,183.6,True,5,3.58,3.94,4.26,5.54,True,2026-06-02T17:43:11+00:00,"positive completed ACTUAL enrollment, positive completed registry-derived facility-count proxy, and completed ACTUAL enrollment per positive facility-count proxy; percentiles used without winsorization","Deterministic combined operational benchmark for planned enrollment, site-count proxy, and enrollment-coherent patients-per-site defaults; no operational ML model."
operational_benchmarks_v1,0a97519bd78f561a,phase_indication_rare|phase=PHASE2/PHASE3|indication=628|rare=0,PHASE2/PHASE3,628,,0,phase_indication_rare,5,297.0,421.0,444.0,553.2,True,5,27.0,30.0,65.0,69.2,True,4,8.89,16.54,33.25,51.36,True,2026-06-02T17:43:11+00:00,"positive completed ACTUAL enrollment, positive completed registry-derived facility-count proxy, and completed ACTUAL enrollment per positive facility-count proxy; percentiles used without winsorization","Deterministic combined operational benchmark for planned enrollment, site-count proxy, and enrollment-coherent patients-per-site defaults; no operational ML model."
operational_benchmarks_v1,0a97519bd78f561a,phase_indication_rare|phase=PHASE2/PHASE3|indication=630|rare=0,PHASE2/PHASE3,630,,0,phase_indication_rare,1,563.0,563.0,563.0,563.0,True,1,74.0,74.0,74.0,74.0,True,1,7.61,7.61,7.61,7.61,True,2026-06-02T17:43:11+00:00,"positive completed ACTUAL enrollment, positive completed registry-derived facility-count proxy, and completed ACTUAL enrollment per positive facility-count proxy; percentiles used without winsorization","Deterministic combined operational benchmark for planned enrollment, site-count proxy, and enrollment-coherent patients-per-site defaults; no operational ML model."
operational_benchmarks_v1,0a97519bd78f561a,phase_indication_rare|phase=PHASE2/PHASE3|indication=632|rare=0,PHASE2/PHASE3,632,,0,phase_indication_rare,1,300.0,300.0,300.0,300.0,True,1,57.0,57.0,57.0,57.0,True,1,5.26,5.26,5.26,5.26,True,2026-06-02T17:43:11+00:00,"positive completed ACTUAL enrollment, positive completed registry-derived facility-count proxy, and completed ACTUAL enrollment per positive facility-count proxy; percentiles used without winsorization","Deterministic combined operational benchmark for planned enrollment, site-count proxy, and enrollment-coherent patients-per-site defaults; no operational ML model."
operational_benchmarks_v1,0a97519bd78f561a,phase_indication_rare|phase=PHASE2/PHASE3|indication=639|rare=0,PHASE2/PHASE3,639,,0,phase_indication_rare,7,262.5,450.0,526.0,677.2,True,7,1.0,8.0,14.0,20.2,True,7,24.1,56.25,412.0,521.6,True,2026-06-02T17:43:11+00:00,"positive completed ACTUAL enrollment, positive completed registry-derived facility-count proxy, and completed ACTUAL enrollment per positive facility-count proxy; percentiles used without winsorization","Deterministic combined operational benchmark for planned enrollment, site-count proxy, and enrollment-coherent patients-per-site defaults; no operational ML model."
operational_benchmarks_v1,0a97519bd78f561a,phase_indication_rare|phase=PHASE2/PHASE3|indication=639|rare=1,PHASE2/PHASE3,639,,1,phase_indication_rare,5,166.0,251.0,272.0,290.0,True,5,38.0,44.0,45.0,80.4,True,5,3.77,5.0,6.04,6.38,True,2026-06-02T17:43:11+00:00,"positive completed ACTUAL enrollment, positive completed registry-derived facility-count proxy, and completed ACTUAL enrollment per positive facility-count proxy; percentiles used without winsorization","Deterministic combined operational benchmark for planned enrollment, site-count proxy, and enrollment-coherent patients-per-site defaults; no operational ML model."
operational_benchmarks_v1,0a97519bd78f561a,phase_indication_rare|phase=PHASE2/PHASE3|indication=641|rare=1,PHASE2/PHASE3,641,,1,phase_indication_rare,4,57.75,78.5,103.75,139.3,True,4,8.25,9.5,11.75,14.9,True,4,6.58,8.26,8.7,9.23,True,2026-06-02T17:43:11+00:00,"positive completed ACTUAL enrollment, positive completed registry-derived facility-count proxy, and completed ACTUAL enrollment per positive facility-count proxy; percentiles used without winsorization","Deterministic combined operational benchmark for planned enrollment, site-count proxy, and enrollment-coherent patients-per-site defaults; no operational ML model."
operational_benchmarks_v1,0a97519bd78f561a,phase_indication_rare|phase=PHASE2/PHASE3|indication=654|rare=0,PHASE2/PHASE3,654,,0,phase_indication_rare,3,86.0,100.0,151.0,181.6,True,4,1.75,7.5,21.75,37.5,True,3,5.95,7.69,39.85,59.14,True,2026-06-02T17:43:11+00:00,"positive completed ACTUAL enrollment, positive completed registry-derived facility-count proxy, and completed ACTUAL enrollment per positive facility-count proxy; percentiles used without winsorization","Deterministic combined operational benchmark for planned enrollment, site-count proxy, and enrollment-coherent patients-per-site defaults; no operational ML model."
operational_benchmarks_v1,0a97519bd78f561a,phase_indication_rare|phase=PHASE2/PHASE3|indication=655|rare=0,PHASE2/PHASE3,655,,0,phase_indication_rare,4,53.25,91.5,168.5,243.2,True,4,3.25,11.0,21.75,28.5,True,4,11.46,15.14,23.46,36.38,True,2026-06-02T17:43:11+00:00,"positive completed ACTUAL enrollment, positive completed registry-derived facility-count proxy, and completed ACTUAL enrollment per positive facility-count proxy; percentiles used without winsorization","Deterministic combined operational benchmark for planned enrollment, site-count proxy, and enrollment-coherent patients-per-site defaults; no operational ML model."
operational_benchmarks_v1,0a97519bd78f561a,phase_indication_rare|phase=PHASE2/PHASE3|indication=659|rare=0,PHASE2/PHASE3,659,,0,phase_indication_rare,2,146.5,209.0,271.5,309.0,True,2,9.25,15.5,21.75,25.5,True,2,15.95,19.96,23.98,26.39,True,2026-06-02T17:43:11+00:00,"positive completed ACTUAL enrollment, positive completed registry-derived facility-count proxy, and completed ACTUAL enrollment per positive facility-count proxy; percentiles used without winsorization","Deterministic combined operational benchmark for planned enrollment, site-count proxy, and enrollment-coherent patients-per-site defaults; no operational ML model."
operational_benchmarks_v1,0a97519bd78f561a,phase_indication_rare|phase=PHASE2/PHASE3|indication=660|rare=0,PHASE2/PHASE3,660,,0,phase_indication_rare,1,53.0,53.0,53.0,53.0,True,1,12.0,12.0,12.0,12.0,True,1,4.42,4.42,4.42,4.42,True,2026-06-02T17:43:11+00:00,"positive completed ACTUAL enrollment, positive completed registry-derived facility-count proxy, and completed ACTUAL enrollment per positive facility-count proxy; percentiles used without winsorization","Deterministic combined operational benchmark for planned enrollment, site-count proxy, and enrollment-coherent patients-per-site defaults; no operational ML model."
operational_benchmarks_v1,0a97519bd78f561a,phase_indication_rare|phase=PHASE2/PHASE3|indication=661|rare=0,PHASE2/PHASE3,661,,0,phase_indication_rare,1,372.0,372.0,372.0,372.0,True,1,1.0,1.0,1.0,1.0,True,1,372.0,372.0,372.0,372.0,True,2026-06-02T17:43:11+00:00,"positive completed ACTUAL enrollment, positive completed registry-derived facility-count proxy, and completed ACTUAL enrollment per positive facility-count proxy; percentiles used without winsorization","Deterministic combined operational benchmark for planned enrollment, site-count proxy, and enrollment-coherent patients-per-site defaults; no operational ML model."
operational_benchmarks_v1,0a97519bd78f561a,phase_indication_rare|phase=PHASE2/PHASE3|indication=662|rare=0,PHASE2/PHASE3,662,,0,phase_indication_rare,4,533.0,696.5,734.5,764.2,True,4,11.25,44.5,95.0,131.0,True,4,9.0,23.06,38.8,44.45,True,2026-06-02T17:43:11+00:00,"positive completed ACTUAL enrollment, positive completed registry-derived facility-count proxy, and completed ACTUAL enrollment per positive facility-count proxy; percentiles used without winsorization","Deterministic combined operational benchmark for planned enrollment, site-count proxy, and enrollment-coherent patients-per-site defaults; no operational ML model."
operational_benchmarks_v1,0a97519bd78f561a,phase_indication_rare|phase=PHASE2/PHASE3|indication=663|rare=0,PHASE2/PHASE3,663,,0,phase_indication_rare,3,101.5,167.0,212.5,239.8,True,3,18.0,35.0,49.5,58.2,True,3,4.4,4.77,20.39,29.75,True,2026-06-02T17:43:11+00:00,"positive completed ACTUAL enrollment, positive completed registry-derived facility-count proxy, and completed ACTUAL enrollment per positive facility-count proxy; percentiles used without winsorization","Deterministic combined operational benchmark for planned enrollment, site-count proxy, and enrollment-coherent patients-per-site defaults; no operational ML model."
operational_benchmarks_v1,0a97519bd78f561a,phase_indication_rare|phase=PHASE2/PHASE3|indication=663|rare=1,PHASE2/PHASE3,663,,1,phase_indication_rare,1,353.0,353.0,353.0,353.0,True,1,70.0,70.0,70.0,70.0,True,1,5.04,5.04,5.04,5.04,True,2026-06-02T17:43:11+00:00,"positive completed ACTUAL enrollment, positive completed registry-derived facility-count proxy, and completed ACTUAL enrollment per positive facility-count proxy; percentiles used without winsorization","Deterministic combined operational benchmark for planned enrollment, site-count proxy, and enrollment-coherent patients-per-site defaults; no operational ML model."
operational_benchmarks_v1,0a97519bd78f561a,phase_indication_rare|phase=PHASE2/PHASE3|indication=668|rare=0,PHASE2/PHASE3,668,,0,phase_indication_rare,3,115.0,168.0,188.5,200.8,True,3,3.5,4.0,83.0,130.4,True,3,8.4,15.5,35.75,47.9,True,2026-06-02T17:43:11+00:00,"positive completed ACTUAL enrollment, positive completed registry-derived facility-count proxy, and completed ACTUAL enrollment per positive facility-count proxy; percentiles used without winsorization","Deterministic combined operational benchmark for planned enrollment, site-count proxy, and enrollment-coherent patients-per-site defaults; no operational ML model."
operational_benchmarks_v1,0a97519bd78f561a,phase_indication_rare|phase=PHASE2/PHASE3|indication=668|rare=1,PHASE2/PHASE3,668,,1,phase_indication_rare,2,100.0,102.0,104.0,105.2,True,2,72.0,91.0,110.0,121.4,True,2,1.07,1.38,1.69,1.88,True,2026-06-02T17:43:11+00:00,"positive completed ACTUAL enrollment, positive completed registry-derived facility-count proxy, and completed ACTUAL enrollment per positive facility-count proxy; percentiles used without winsorization","Deterministic combined operational benchmark for planned enrollment, site-count proxy, and enrollment-coherent patients-per-site defaults; no operational ML model."
operational_benchmarks_v1,0a97519bd78f561a,phase_indication_rare|phase=PHASE2/PHASE3|indication=674|rare=0,PHASE2/PHASE3,674,,0,phase_indication_rare,1,115.0,115.0,115.0,115.0,True,1,26.0,26.0,26.0,26.0,True,1,4.42,4.42,4.42,4.42,True,2026-06-02T17:43:11+00:00,"positive completed ACTUAL enrollment, positive completed registry-derived facility-count proxy, and completed ACTUAL enrollment per positive facility-count proxy; percentiles used without winsorization","Deterministic combined operational benchmark for planned enrollment, site-count proxy, and enrollment-coherent patients-per-site defaults; no operational ML model."
operational_benchmarks_v1,0a97519bd78f561a,phase_indication_rare|phase=PHASE2/PHASE3|indication=679|rare=0,PHASE2/PHASE3,679,,0,phase_indication_rare,18,125.0,308.5,411.25,484.2,True,19,1.0,1.0,5.0,9.6,True,18,39.83,76.22,276.5,460.7,True,2026-06-02T17:43:11+00:00,"positive completed ACTUAL enrollment, positive completed registry-derived facility-count proxy, and completed ACTUAL enrollment per positive facility-count proxy; percentiles used without winsorization","Deterministic combined operational benchmark for planned enrollment, site-count proxy, and enrollment-coherent patients-per-site defaults; no operational ML model."
operational_benchmarks_v1,0a97519bd78f561a,phase_indication_rare|phase=PHASE2/PHASE3|indication=679|rare=1,PHASE2/PHASE3,679,,1,phase_indication_rare,1,12.0,12.0,12.0,12.0,True,1,3.0,3.0,3.0,3.0,True,1,4.0,4.0,4.0,4.0,True,2026-06-02T17:43:11+00:00,"positive completed ACTUAL enrollment, positive completed registry-derived facility-count proxy, and completed ACTUAL enrollment per positive facility-count proxy; percentiles used without winsorization","Deterministic combined operational benchmark for planned enrollment, site-count proxy, and enrollment-coherent patients-per-site defaults; no operational ML model."
operational_benchmarks_v1,0a97519bd78f561a,phase_indication_rare|phase=PHASE2/PHASE3|indication=680|rare=0,PHASE2/PHASE3,680,,0,phase_indication_rare,2,100.0,100.0,100.0,100.0,True,2,1.0,1.0,1.0,1.0,True,2,100.0,100.0,100.0,100.0,True,2026-06-02T17:43:11+00:00,"positive completed ACTUAL enrollment, positive completed registry-derived facility-count proxy, and completed ACTUAL enrollment per positive facility-count proxy; percentiles used without winsorization","Deterministic combined operational benchmark for planned enrollment, site-count proxy, and enrollment-coherent patients-per-site defaults; no operational ML model."
operational_benchmarks_v1,0a97519bd78f561a,phase_indication_rare|phase=PHASE2/PHASE3|indication=708|rare=0,PHASE2/PHASE3,708,,0,phase_indication_rare,4,352.75,437.5,451.5,452.4,True,4,13.5,14.0,16.25,20.3,True,4,17.6,24.95,30.8,31.74,True,2026-06-02T17:43:11+00:00,"positive completed ACTUAL enrollment, positive completed registry-derived facility-count proxy, and completed ACTUAL enrollment per positive facility-count proxy; percentiles used without winsorization","Deterministic combined operational benchmark for planned enrollment, site-count proxy, and enrollment-coherent patients-per-site defaults; no operational ML model."
operational_benchmarks_v1,0a97519bd78f561a,phase_indication_rare|phase=PHASE2/PHASE3|indication=709|rare=0,PHASE2/PHASE3,709,,0,phase_indication_rare,1,56.0,56.0,56.0,56.0,True,1,2.0,2.0,2.0,2.0,True,1,28.0,28.0,28.0,28.0,True,2026-06-02T17:43:11+00:00,"positive completed ACTUAL enrollment, positive completed registry-derived facility-count proxy, and completed ACTUAL enrollment per positive facility-count proxy; percentiles used without winsorization","Deterministic combined operational benchmark for planned enrollment, site-count proxy, and enrollment-coherent patients-per-site defaults; no operational ML model."
operational_benchmarks_v1,0a97519bd78f561a,phase_indication_rare|phase=PHASE2/PHASE3|indication=842|rare=0,PHASE2/PHASE3,842,,0,phase_indication_rare,1,37.0,37.0,37.0,37.0,True,1,1.0,1.0,1.0,1.0,True,1,37.0,37.0,37.0,37.0,True,2026-06-02T17:43:11+00:00,"positive completed ACTUAL enrollment, positive completed registry-derived facility-count proxy, and completed ACTUAL enrollment per positive facility-count proxy; percentiles used without winsorization","Deterministic combined operational benchmark for planned enrollment, site-count proxy, and enrollment-coherent patients-per-site defaults; no operational ML model."
operational_benchmarks_v1,0a97519bd78f561a,phase_indication_rare|phase=PHASE2/PHASE3|indication=958|rare=0,PHASE2/PHASE3,958,,0,phase_indication_rare,2,252.0,316.0,380.0,418.4,True,2,2.0,2.0,2.0,2.0,True,2,126.0,158.0,190.0,209.2,True,2026-06-02T17:43:11+00:00,"positive completed ACTUAL enrollment, positive completed registry-derived facility-count proxy, and completed ACTUAL enrollment per positive facility-count proxy; percentiles used without winsorization","Deterministic combined operational benchmark for planned enrollment, site-count proxy, and enrollment-coherent patients-per-site defaults; no operational ML model."
operational_benchmarks_v1,0a97519bd78f561a,phase_indication_rare|phase=PHASE2/PHASE3|indication=972|rare=0,PHASE2/PHASE3,972,,0,phase_indication_rare,12,307.0,702.5,1731.0,2932.5,True,11,5.0,36.0,78.5,93.0,True,11,12.83,17.44,33.4,357.0,True,2026-06-02T17:43:11+00:00,"positive completed ACTUAL enrollment, positive completed registry-derived facility-count proxy, and completed ACTUAL enrollment per positive facility-count proxy; percentiles used without winsorization","Deterministic combined operational benchmark for planned enrollment, site-count proxy, and enrollment-coherent patients-per-site defaults; no operational ML model."
operational_benchmarks_v1,0a97519bd78f561a,phase_indication_rare|phase=PHASE2/PHASE3|indication=980|rare=0,PHASE2/PHASE3,980,,0,phase_indication_rare,2,204.25,245.5,286.75,311.5,True,2,27.5,42.0,56.5,65.2,True,2,8.03,13.76,19.5,22.94,True,2026-06-02T17:43:11+00:00,"positive completed ACTUAL enrollment, positive completed registry-derived facility-count proxy, and completed ACTUAL enrollment per positive facility-count proxy; percentiles used without winsorization","Deterministic combined operational benchmark for planned enrollment, site-count proxy, and enrollment-coherent patients-per-site defaults; no operational ML model."
operational_benchmarks_v1,0a97519bd78f561a,phase_indication_rare|phase=PHASE2/PHASE3|indication=981|rare=0,PHASE2/PHASE3,981,,0,phase_indication_rare,8,175.25,246.5,327.0,467.4,True,8,1.0,2.0,14.25,40.2,True,8,15.58,37.29,243.25,329.5,True,2026-06-02T17:43:11+00:00,"positive completed ACTUAL enrollment, positive completed registry-derived facility-count proxy, and completed ACTUAL enrollment per positive facility-count proxy; percentiles used without winsorization","Deterministic combined operational benchmark for planned enrollment, site-count proxy, and enrollment-coherent patients-per-site defaults; no operational ML model."
operational_benchmarks_v1,0a97519bd78f561a,phase_indication_rare|phase=PHASE2/PHASE3|indication=992|rare=0,PHASE2/PHASE3,992,,0,phase_indication_rare,3,341.0,405.0,438.5,458.6,True,3,49.5,50.0,64.0,72.4,True,3,5.83,8.1,8.87,9.33,True,2026-06-02T17:43:11+00:00,"positive completed ACTUAL enrollment, positive completed registry-derived facility-count proxy, and completed ACTUAL enrollment per positive facility-count proxy; percentiles used without winsorization","Deterministic combined operational benchmark for planned enrollment, site-count proxy, and enrollment-coherent patients-per-site defaults; no operational ML model."
operational_benchmarks_v1,0a97519bd78f561a,phase_indication_rare|phase=PHASE2/PHASE3|indication=1004|rare=0,PHASE2/PHASE3,1004,,0,phase_indication_rare,3,113.5,168.0,247.0,294.4,True,3,46.0,91.0,94.0,95.8,True,3,2.6,3.36,31.18,47.87,True,2026-06-02T17:43:11+00:00,"positive completed ACTUAL enrollment, positive completed registry-derived facility-count proxy, and completed ACTUAL enrollment per positive facility-count proxy; percentiles used without winsorization","Deterministic combined operational benchmark for planned enrollment, site-count proxy, and enrollment-coherent patients-per-site defaults; no operational ML model."
operational_benchmarks_v1,0a97519bd78f561a,phase_indication_rare|phase=PHASE2/PHASE3|indication=1011|rare=1,PHASE2/PHASE3,1011,,1,phase_indication_rare,2,356.5,371.0,385.5,394.2,True,2,80.5,90.0,99.5,105.2,True,2,3.96,4.24,4.53,4.7,True,2026-06-02T17:43:11+00:00,"positive completed ACTUAL enrollment, positive completed registry-derived facility-count proxy, and completed ACTUAL enrollment per positive facility-count proxy; percentiles used without winsorization","Deterministic combined operational benchmark for planned enrollment, site-count proxy, and enrollment-coherent patients-per-site defaults; no operational ML model."
operational_benchmarks_v1,0a97519bd78f561a,phase_indication_rare|phase=PHASE2/PHASE3|indication=1048|rare=0,PHASE2/PHASE3,1048,,0,phase_indication_rare,57,178.0,814.0,3159.0,10914.8,False,57,5.0,16.0,48.0,113.0,False,57,16.8,44.5,120.0,582.74,False,2026-06-02T17:43:11+00:00,"positive completed ACTUAL enrollment, positive completed registry-derived facility-count proxy, and completed ACTUAL enrollment per positive facility-count proxy; percentiles used without winsorization","Deterministic combined operational benchmark for planned enrollment, site-count proxy, and enrollment-coherent patients-per-site defaults; no operational ML model."
operational_benchmarks_v1,0a97519bd78f561a,phase_indication_rare|phase=PHASE2/PHASE3|indication=1161|rare=0,PHASE2/PHASE3,1161,,0,phase_indication_rare,9,221.0,356.0,434.0,899.0,True,10,4.25,10.0,32.25,77.8,True,9,14.12,25.31,89.0,160.2,True,2026-06-02T17:43:11+00:00,"positive completed ACTUAL enrollment, positive completed registry-derived facility-count proxy, and completed ACTUAL enrollment per positive facility-count proxy; percentiles used without winsorization","Deterministic combined operational benchmark for planned enrollment, site-count proxy, and enrollment-coherent patients-per-site defaults; no operational ML model."
operational_benchmarks_v1,0a97519bd78f561a,phase_indication_rare|phase=PHASE2/PHASE3|indication=1161|rare=1,PHASE2/PHASE3,1161,,1,phase_indication_rare,1,10.0,10.0,10.0,10.0,True,1,3.0,3.0,3.0,3.0,True,1,3.33,3.33,3.33,3.33,True,2026-06-02T17:43:11+00:00,"positive completed ACTUAL enrollment, positive completed registry-derived facility-count proxy, and completed ACTUAL enrollment per positive facility-count proxy; percentiles used without winsorization","Deterministic combined operational benchmark for planned enrollment, site-count proxy, and enrollment-coherent patients-per-site defaults; no operational ML model."
operational_benchmarks_v1,0a97519bd78f561a,phase_indication_rare|phase=PHASE3|indication=0|rare=0,PHASE3,0,,0,phase_indication_rare,15,144.5,255.0,432.5,522.4,True,14,1.0,3.0,14.5,20.9,True,14,17.45,50.5,165.75,314.7,True,2026-06-02T17:43:11+00:00,"positive completed ACTUAL enrollment, positive completed registry-derived facility-count proxy, and completed ACTUAL enrollment per positive facility-count proxy; percentiles used without winsorization","Deterministic combined operational benchmark for planned enrollment, site-count proxy, and enrollment-coherent patients-per-site defaults; no operational ML model."
operational_benchmarks_v1,0a97519bd78f561a,phase_indication_rare|phase=PHASE3|indication=297|rare=0,PHASE3,297,,0,phase_indication_rare,8,296.0,630.5,3086.5,7858.0,True,8,2.0,4.0,7.5,13.5,True,7,43.7,76.0,476.67,1347.0,True,2026-06-02T17:43:11+00:00,"positive completed ACTUAL enrollment, positive completed registry-derived facility-count proxy, and completed ACTUAL enrollment per positive facility-count proxy; percentiles used without winsorization","Deterministic combined operational benchmark for planned enrollment, site-count proxy, and enrollment-coherent patients-per-site defaults; no operational ML model."
operational_benchmarks_v1,0a97519bd78f561a,phase_indication_rare|phase=PHASE3|indication=298|rare=0,PHASE3,298,,0,phase_indication_rare,90,110.0,438.5,671.0,804.6,False,86,20.25,60.0,98.75,120.0,False,86,4.19,5.85,8.37,17.0,False,2026-06-02T17:43:11+00:00,"positive completed ACTUAL enrollment, positive completed registry-derived facility-count proxy, and completed ACTUAL enrollment per positive facility-count proxy; percentiles used without winsorization","Deterministic combined operational benchmark for planned enrollment, site-count proxy, and enrollment-coherent patients-per-site defaults; no operational ML model."
operational_benchmarks_v1,0a97519bd78f561a,phase_indication_rare|phase=PHASE3|indication=302|rare=0,PHASE3,302,,0,phase_indication_rare,30,369.5,631.5,1475.0,3410.0,True,23,3.0,10.0,21.0,42.6,True,23,24.65,56.38,266.67,815.8,True,2026-06-02T17:43:11+00:00,"positive completed ACTUAL enrollment, positive completed registry-derived facility-count proxy, and completed ACTUAL enrollment per positive facility-count proxy; percentiles used without winsorization","Deterministic combined operational benchmark for planned enrollment, site-count proxy, and enrollment-coherent patients-per-site defaults; no operational ML model."
operational_benchmarks_v1,0a97519bd78f561a,phase_indication_rare|phase=PHASE3|indication=321|rare=0,PHASE3,321,,0,phase_indication_rare,31,189.5,486.0,919.5,1994.0,True,28,1.0,24.5,53.0,97.2,True,27,4.97,16.05,113.92,501.0,True,2026-06-02T17:43:11+00:00,"positive completed ACTUAL enrollment, positive completed registry-derived facility-count proxy, and completed ACTUAL enrollment per positive facility-count proxy; percentiles used without winsorization","Deterministic combined operational benchmark for planned enrollment, site-count proxy, and enrollment-coherent patients-per-site defaults; no operational ML model."
operational_benchmarks_v1,0a97519bd78f561a,phase_indication_rare|phase=PHASE3|indication=322|rare=0,PHASE3,322,,0,phase_indication_rare,143,300.0,648.0,1062.5,2304.4,False,133,8.0,25.0,56.0,117.2,False,132,12.08,28.09,59.94,243.4,False,2026-06-02T17:43:11+00:00,"positive completed ACTUAL enrollment, positive completed registry-derived facility-count proxy, and completed ACTUAL enrollment per positive facility-count proxy; percentiles used without winsorization","Deterministic combined operational benchmark for planned enrollment, site-count proxy, and enrollment-coherent patients-per-site defaults; no operational ML model."
operational_benchmarks_v1,0a97519bd78f561a,phase_indication_rare|phase=PHASE3|indication=322|rare=1,PHASE3,322,,1,phase_indication_rare,7,133.5,282.0,333.0,1480.0,True,5,19.0,26.0,112.0,122.8,True,5,2.88,2.95,5.47,75.94,True,2026-06-02T17:43:11+00:00,"positive completed ACTUAL enrollment, positive completed registry-derived facility-count proxy, and completed ACTUAL enrollment per positive facility-count proxy; percentiles used without winsorization","Deterministic combined operational benchmark for planned enrollment, site-count proxy, and enrollment-coherent patients-per-site defaults; no operational ML model."
operational_benchmarks_v1,0a97519bd78f561a,phase_indication_rare|phase=PHASE3|indication=328|rare=0,PHASE3,328,,0,phase_indication_rare,252,168.5,400.0,1543.25,3471.6,False,242,2.0,6.0,24.0,53.0,False,240,35.57,76.65,142.98,361.1,False,2026-06-02T17:43:11+00:00,"positive completed ACTUAL enrollment, positive completed registry-derived facility-count proxy, and completed ACTUAL enrollment per positive facility-count proxy; percentiles used without winsorization","Deterministic combined operational benchmark for planned enrollment, site-count proxy, and enrollment-coherent patients-per-site defaults; no operational ML model."
operational_benchmarks_v1,0a97519bd78f561a,phase_indication_rare|phase=PHASE3|indication=329|rare=0,PHASE3,329,,0,phase_indication_rare,18,263.0,331.0,497.5,2391.9,True,15,1.0,1.0,9.0,23.4,True,15,100.5,266.0,371.53,497.8,True,2026-06-02T17:43:11+00:00,"positive completed ACTUAL enrollment, positive completed registry-derived facility-count proxy, and completed ACTUAL enrollment per positive facility-count proxy; percentiles used without winsorization","Deterministic combined operational benchmark for planned enrollment, site-count proxy, and enrollment-coherent patients-per-site defaults; no operational ML model."
operational_benchmarks_v1,0a97519bd78f561a,phase_indication_rare|phase=PHASE3|indication=332|rare=0,PHASE3,332,,0,phase_indication_rare,94,300.0,630.0,1127.5,2232.8,False,94,3.0,14.5,36.0,58.7,False,94,20.83,37.92,105.36,397.0,False,2026-06-02T17:43:11+00:00,"positive completed ACTUAL enrollment, positive completed registry-derived facility-count proxy, and completed ACTUAL enrollment per positive facility-count proxy; percentiles used without winsorization","Deterministic combined operational benchmark for planned enrollment, site-count proxy, and enrollment-coherent patients-per-site defaults; no operational ML model."
operational_benchmarks_v1,0a97519bd78f561a,phase_indication_rare|phase=PHASE3|indication=332|rare=1,PHASE3,332,,1,phase_indication_rare,2,763.0,1018.0,1273.0,1426.0,True,2,16.0,17.0,18.0,18.6,True,2,45.52,64.3,83.08,94.35,True,2026-06-02T17:43:11+00:00,"positive completed ACTUAL enrollment, positive completed registry-derived facility-count proxy, and completed ACTUAL enrollment per positive facility-count proxy; percentiles used without winsorization","Deterministic combined operational benchmark for planned enrollment, site-count proxy, and enrollment-coherent patients-per-site defaults; no operational ML model."
operational_benchmarks_v1,0a97519bd78f561a,phase_indication_rare|phase=PHASE3|indication=337|rare=0,PHASE3,337,,0,phase_indication_rare,5,300.0,302.0,596.0,1359.8,True,5,3.0,4.0,8.0,9.2,True,5,37.75,100.0,149.0,620.3,True,2026-06-02T17:43:11+00:00,"positive completed ACTUAL enrollment, positive completed registry-derived facility-count proxy, and completed ACTUAL enrollment per positive facility-count proxy; percentiles used without winsorization","Deterministic combined operational benchmark for planned enrollment, site-count proxy, and enrollment-coherent patients-per-site defaults; no operational ML model."
operational_benchmarks_v1,0a97519bd78f561a,phase_indication_rare|phase=PHASE3|indication=338|rare=0,PHASE3,338,,0,phase_indication_rare,10,222.25,339.0,852.25,1384.8,True,9,1.0,2.0,5.0,9.4,True,9,41.27,131.0,376.0,531.5,True,2026-06-02T17:43:11+00:00,"positive completed ACTUAL enrollment, positive completed registry-derived facility-count proxy, and completed ACTUAL enrollment per positive facility-count proxy; percentiles used without winsorization","Deterministic combined operational benchmark for planned enrollment, site-count proxy, and enrollment-coherent patients-per-site defaults; no operational ML model."
operational_benchmarks_v1,0a97519bd78f561a,phase_indication_rare|phase=PHASE3|indication=339|rare=0,PHASE3,339,,0,phase_indication_rare,23,306.5,446.0,682.5,1273.2,True,22,2.0,8.0,15.5,20.0,True,22,28.82,48.85,130.93,413.95,True,2026-06-02T17:43:11+00:00,"positive completed ACTUAL enrollment, positive completed registry-derived facility-count proxy, and completed ACTUAL enrollment per positive facility-count proxy; percentiles used without winsorization","Deterministic combined operational benchmark for planned enrollment, site-count proxy, and enrollment-coherent patients-per-site defaults; no operational ML model."
operational_benchmarks_v1,0a97519bd78f561a,phase_indication_rare|phase=PHASE3|indication=340|rare=0,PHASE3,340,,0,phase_indication_rare,5,675.0,1000.0,1200.0,1236.0,True,5,1.0,1.0,9.0,20.4,True,5,24.11,1000.0,1200.0,1236.0,True,2026-06-02T17:43:11+00:00,"positive completed ACTUAL enrollment, positive completed registry-derived facility-count proxy, and completed ACTUAL enrollment per positive facility-count proxy; percentiles used without winsorization","Deterministic combined operational benchmark for planned enrollment, site-count proxy, and enrollment-coherent patients-per-site defaults; no operational ML model."
operational_benchmarks_v1,0a97519bd78f561a,phase_indication_rare|phase=PHASE3|indication=341|rare=0,PHASE3,341,,0,phase_indication_rare,13,996.0,1200.0,3372.0,4432.6,True,12,2.5,15.0,74.25,89.1,True,12,55.57,59.23,420.5,1149.0,True,2026-06-02T17:43:11+00:00,"positive completed ACTUAL enrollment, positive completed registry-derived facility-count proxy, and completed ACTUAL enrollment per positive facility-count proxy; percentiles used without winsorization","Deterministic combined operational benchmark for planned enrollment, site-count proxy, and enrollment-coherent patients-per-site defaults; no operational ML model."
operational_benchmarks_v1,0a97519bd78f561a,phase_indication_rare|phase=PHASE3|indication=342|rare=0,PHASE3,342,,0,phase_indication_rare,48,354.0,646.5,1241.25,6459.6,True,38,3.0,9.0,31.0,166.1,True,38,25.5,56.37,226.75,1128.6,True,2026-06-02T17:43:11+00:00,"positive completed ACTUAL enrollment, positive completed registry-derived facility-count proxy, and completed ACTUAL enrollment per positive facility-count proxy; percentiles used without winsorization","Deterministic combined operational benchmark for planned enrollment, site-count proxy, and enrollment-coherent patients-per-site defaults; no operational ML model."
operational_benchmarks_v1,0a97519bd78f561a,phase_indication_rare|phase=PHASE3|indication=345|rare=0,PHASE3,345,,0,phase_indication_rare,12,198.25,353.5,958.75,2947.6,True,12,2.0,2.5,5.5,10.0,True,12,51.67,156.75,359.38,963.2,True,2026-06-02T17:43:11+00:00,"positive completed ACTUAL enrollment, positive completed registry-derived facility-count proxy, and completed ACTUAL enrollment per positive facility-count proxy; percentiles used without winsorization","Deterministic combined operational benchmark for planned enrollment, site-count proxy, and enrollment-coherent patients-per-site defaults; no operational ML model."
operational_benchmarks_v1,0a97519bd78f561a,phase_indication_rare|phase=PHASE3|indication=346|rare=1,PHASE3,346,,1,phase_indication_rare,1,330.0,330.0,330.0,330.0,True,1,25.0,25.0,25.0,25.0,True,1,13.2,13.2,13.2,13.2,True,2026-06-02T17:43:11+00:00,"positive completed ACTUAL enrollment, positive completed registry-derived facility-count proxy, and completed ACTUAL enrollment per positive facility-count proxy; percentiles used without winsorization","Deterministic combined operational benchmark for planned enrollment, site-count proxy, and enrollment-coherent patients-per-site defaults; no operational ML model."
operational_benchmarks_v1,0a97519bd78f561a,phase_indication_rare|phase=PHASE3|indication=347|rare=0,PHASE3,347,,0,phase_indication_rare,1,500.0,500.0,500.0,500.0,True,1,4.0,4.0,4.0,4.0,True,1,125.0,125.0,125.0,125.0,True,2026-06-02T17:43:11+00:00,"positive completed ACTUAL enrollment, positive completed registry-derived facility-count proxy, and completed ACTUAL enrollment per positive facility-count proxy; percentiles used without winsorization","Deterministic combined operational benchmark for planned enrollment, site-count proxy, and enrollment-coherent patients-per-site defaults; no operational ML model."
operational_benchmarks_v1,0a97519bd78f561a,phase_indication_rare|phase=PHASE3|indication=351|rare=0,PHASE3,351,,0,phase_indication_rare,2,222.0,244.0,266.0,279.2,True,2,2.0,2.0,2.0,2.0,True,2,111.0,122.0,133.0,139.6,True,2026-06-02T17:43:11+00:00,"positive completed ACTUAL enrollment, positive completed registry-derived facility-count proxy, and completed ACTUAL enrollment per positive facility-count proxy; percentiles used without winsorization","Deterministic combined operational benchmark for planned enrollment, site-count proxy, and enrollment-coherent patients-per-site defaults; no operational ML model."
operational_benchmarks_v1,0a97519bd78f561a,phase_indication_rare|phase=PHASE3|indication=357|rare=0,PHASE3,357,,0,phase_indication_rare,19,480.0,720.0,2090.5,12239.8,True,19,4.0,10.0,13.0,31.2,True,19,74.66,93.82,288.0,745.51,True,2026-06-02T17:43:11+00:00,"positive completed ACTUAL enrollment, positive completed registry-derived facility-count proxy, and completed ACTUAL enrollment per positive facility-count proxy; percentiles used without winsorization","Deterministic combined operational benchmark for planned enrollment, site-count proxy, and enrollment-coherent patients-per-site defaults; no operational ML model."
operational_benchmarks_v1,0a97519bd78f561a,phase_indication_rare|phase=PHASE3|indication=358|rare=0,PHASE3,358,,0,phase_indication_rare,2,936.0,1232.0,1528.0,1705.6,True,2,3.25,4.5,5.75,6.5,True,2,296.57,501.71,706.86,829.94,True,2026-06-02T17:43:11+00:00,"positive completed ACTUAL enrollment, positive completed registry-derived facility-count proxy, and completed ACTUAL enrollment per positive facility-count proxy; percentiles used without winsorization","Deterministic combined operational benchmark for planned enrollment, site-count proxy, and enrollment-coherent patients-per-site defaults; no operational ML model."
operational_benchmarks_v1,0a97519bd78f561a,phase_indication_rare|phase=PHASE3|indication=358|rare=1,PHASE3,358,,1,phase_indication_rare,1,254.0,254.0,254.0,254.0,True,1,4.0,4.0,4.0,4.0,True,1,63.5,63.5,63.5,63.5,True,2026-06-02T17:43:11+00:00,"positive completed ACTUAL enrollment, positive completed registry-derived facility-count proxy, and completed ACTUAL enrollment per positive facility-count proxy; percentiles used without winsorization","Deterministic combined operational benchmark for planned enrollment, site-count proxy, and enrollment-coherent patients-per-site defaults; no operational ML model."
operational_benchmarks_v1,0a97519bd78f561a,phase_indication_rare|phase=PHASE3|indication=359|rare=0,PHASE3,359,,0,phase_indication_rare,15,514.5,644.0,1100.0,1811.2,True,15,1.0,1.0,3.0,5.2,True,15,140.92,427.0,908.0,1608.0,True,2026-06-02T17:43:11+00:00,"positive completed ACTUAL enrollment, positive completed registry-derived facility-count proxy, and completed ACTUAL enrollment per positive facility-count proxy; percentiles used without winsorization","Deterministic combined operational benchmark for planned enrollment, site-count proxy, and enrollment-coherent patients-per-site defaults; no operational ML model."
operational_benchmarks_v1,0a97519bd78f561a,phase_indication_rare|phase=PHASE3|indication=359|rare=1,PHASE3,359,,1,phase_indication_rare,1,2040.0,2040.0,2040.0,2040.0,True,1,2.0,2.0,2.0,2.0,True,1,1020.0,1020.0,1020.0,1020.0,True,2026-06-02T17:43:11+00:00,"positive completed ACTUAL enrollment, positive completed registry-derived facility-count proxy, and completed ACTUAL enrollment per positive facility-count proxy; percentiles used without winsorization","Deterministic combined operational benchmark for planned enrollment, site-count proxy, and enrollment-coherent patients-per-site defaults; no operational ML model."
operational_benchmarks_v1,0a97519bd78f561a,phase_indication_rare|phase=PHASE3|indication=360|rare=0,PHASE3,360,,0,phase_indication_rare,2,320.5,346.0,371.5,386.8,True,2,1.5,2.0,2.5,2.8,True,2,173.0,247.67,322.33,367.13,True,2026-06-02T17:43:11+00:00,"positive completed ACTUAL enrollment, positive completed registry-derived facility-count proxy, and completed ACTUAL enrollment per positive facility-count proxy; percentiles used without winsorization","Deterministic combined operational benchmark for planned enrollment, site-count proxy, and enrollment-coherent patients-per-site defaults; no operational ML model."
operational_benchmarks_v1,0a97519bd78f561a,phase_indication_rare|phase=PHASE3|indication=365|rare=0,PHASE3,365,,0,phase_indication_rare,11,264.0,371.0,431.0,1146.0,True,11,5.5,8.0,11.5,13.0,True,11,37.45,45.67,94.08,115.76,True,2026-06-02T17:43:11+00:00,"positive completed ACTUAL enrollment, positive completed registry-derived facility-count proxy, and completed ACTUAL enrollment per positive facility-count proxy; percentiles used without winsorization","Deterministic combined operational benchmark for planned enrollment, site-count proxy, and enrollment-coherent patients-per-site defaults; no operational ML model."
operational_benchmarks_v1,0a97519bd78f561a,phase_indication_rare|phase=PHASE3|indication=366|rare=0,PHASE3,366,,0,phase_indication_rare,10,102.75,140.0,195.25,1396.2,True,10,9.25,17.0,31.25,67.1,True,10,5.34,12.67,34.14,109.1,True,2026-06-02T17:43:11+00:00,"positive completed ACTUAL enrollment, positive completed registry-derived facility-count proxy, and completed ACTUAL enrollment per positive facility-count proxy; percentiles used without winsorization","Deterministic combined operational benchmark for planned enrollment, site-count proxy, and enrollment-coherent patients-per-site defaults; no operational ML model."
operational_benchmarks_v1,0a97519bd78f561a,phase_indication_rare|phase=PHASE3|indication=380|rare=0,PHASE3,380,,0,phase_indication_rare,5,24.0,98.0,113.0,331.4,True,5,14.0,22.0,26.0,64.4,True,5,1.26,3.77,8.0,16.21,True,2026-06-02T17:43:11+00:00,"positive completed ACTUAL enrollment, positive completed registry-derived facility-count proxy, and completed ACTUAL enrollment per positive facility-count proxy; percentiles used without winsorization","Deterministic combined operational benchmark for planned enrollment, site-count proxy, and enrollment-coherent patients-per-site defaults; no operational ML model."
operational_benchmarks_v1,0a97519bd78f561a,phase_indication_rare|phase=PHASE3|indication=387|rare=0,PHASE3,387,,0,phase_indication_rare,5,60.0,240.0,273.0,923.4,True,7,1.0,1.0,2.5,5.6,True,5,56.0,60.0,240.0,299.55,True,2026-06-02T17:43:11+00:00,"positive completed ACTUAL enrollment, positive completed registry-derived facility-count proxy, and completed ACTUAL enrollment per positive facility-count proxy; percentiles used without winsorization","Deterministic combined operational benchmark for planned enrollment, site-count proxy, and enrollment-coherent patients-per-site defaults; no operational ML model."
operational_benchmarks_v1,0a97519bd78f561a,phase_indication_rare|phase=PHASE3|indication=390|rare=0,PHASE3,390,,0,phase_indication_rare,21,103.0,180.0,371.0,997.0,True,20,1.0,4.5,20.5,99.1,True,20,6.15,14.43,125.25,433.6,True,2026-06-02T17:43:11+00:00,"positive completed ACTUAL enrollment, positive completed registry-derived facility-count proxy, and completed ACTUAL enrollment per positive facility-count proxy; percentiles used without winsorization","Deterministic combined operational benchmark for planned enrollment, site-count proxy, and enrollment-coherent patients-per-site defaults; no operational ML model."
operational_benchmarks_v1,0a97519bd78f561a,phase_indication_rare|phase=PHASE3|indication=391|rare=0,PHASE3,391,,0,phase_indication_rare,4,53.5,58.0,65.25,76.5,True,3,1.0,1.0,1.0,1.0,True,3,50.0,57.0,58.0,58.6,True,2026-06-02T17:43:11+00:00,"positive completed ACTUAL enrollment, positive completed registry-derived facility-count proxy, and completed ACTUAL enrollment per positive facility-count proxy; percentiles used without winsorization","Deterministic combined operational benchmark for planned enrollment, site-count proxy, and enrollment-coherent patients-per-site defaults; no operational ML model."
operational_benchmarks_v1,0a97519bd78f561a,phase_indication_rare|phase=PHASE3|indication=393|rare=0,PHASE3,393,,0,phase_indication_rare,39,149.0,376.0,925.0,1280.6,True,33,5.0,15.0,33.0,47.0,True,33,12.31,26.17,52.8,627.53,True,2026-06-02T17:43:11+00:00,"positive completed ACTUAL enrollment, positive completed registry-derived facility-count proxy, and completed ACTUAL enrollment per positive facility-count proxy; percentiles used without winsorization","Deterministic combined operational benchmark for planned enrollment, site-count proxy, and enrollment-coherent patients-per-site defaults; no operational ML model."
operational_benchmarks_v1,0a97519bd78f561a,phase_indication_rare|phase=PHASE3|indication=400|rare=0,PHASE3,400,,0,phase_indication_rare,18,167.25,269.5,1393.0,2567.8,True,16,2.75,11.0,26.5,36.0,True,16,18.5,74.17,102.29,365.18,True,2026-06-02T17:43:11+00:00,"positive completed ACTUAL enrollment, positive completed registry-derived facility-count proxy, and completed ACTUAL enrollment per positive facility-count proxy; percentiles used without winsorization","Deterministic combined operational benchmark for planned enrollment, site-count proxy, and enrollment-coherent patients-per-site defaults; no operational ML model."
operational_benchmarks_v1,0a97519bd78f561a,phase_indication_rare|phase=PHASE3|indication=408|rare=0,PHASE3,408,,0,phase_indication_rare,132,200.75,370.0,670.0,1563.2,False,121,1.0,14.0,45.0,86.0,False,121,7.12,26.98,200.1,670.0,False,2026-06-02T17:43:11+00:00,"positive completed ACTUAL enrollment, positive completed registry-derived facility-count proxy, and completed ACTUAL enrollment per positive facility-count proxy; percentiles used without winsorization","Deterministic combined operational benchmark for planned enrollment, site-count proxy, and enrollment-coherent patients-per-site defaults; no operational ML model."
operational_benchmarks_v1,0a97519bd78f561a,phase_indication_rare|phase=PHASE3|indication=408|rare=1,PHASE3,408,,1,phase_indication_rare,7,160.0,302.0,862.5,36826.4,True,7,2.5,12.0,66.5,145.8,True,7,3.29,4.87,175.0,36241.4,True,2026-06-02T17:43:11+00:00,"positive completed ACTUAL enrollment, positive completed registry-derived facility-count proxy, and completed ACTUAL enrollment per positive facility-count proxy; percentiles used without winsorization","Deterministic combined operational benchmark for planned enrollment, site-count proxy, and enrollment-coherent patients-per-site defaults; no operational ML model."
operational_benchmarks_v1,0a97519bd78f561a,phase_indication_rare|phase=PHASE3|indication=411|rare=0,PHASE3,411,,0,phase_indication_rare,12,447.5,526.0,633.25,736.3,True,11,28.0,68.0,96.5,124.0,True,11,5.08,6.78,13.38,228.5,True,2026-06-02T17:43:11+00:00,"positive completed ACTUAL enrollment, positive completed registry-derived facility-count proxy, and completed ACTUAL enrollment per positive facility-count proxy; percentiles used without winsorization","Deterministic combined operational benchmark for planned enrollment, site-count proxy, and enrollment-coherent patients-per-site defaults; no operational ML model."
operational_benchmarks_v1,0a97519bd78f561a,phase_indication_rare|phase=PHASE3|indication=414|rare=0,PHASE3,414,,0,phase_indication_rare,36,438.0,547.0,720.0,941.0,True,34,8.25,85.0,158.0,188.1,True,34,4.6,7.38,40.81,375.35,True,2026-06-02T17:43:11+00:00,"positive completed ACTUAL enrollment, positive completed registry-derived facility-count proxy, and completed ACTUAL enrollment per positive facility-count proxy; percentiles used without winsorization","Deterministic combined operational benchmark for planned enrollment, site-count proxy, and enrollment-coherent patients-per-site defaults; no operational ML model."
operational_benchmarks_v1,0a97519bd78f561a,phase_indication_rare|phase=PHASE3|indication=417|rare=0,PHASE3,417,,0,phase_indication_rare,28,409.75,561.5,713.25,842.0,True,27,68.0,119.0,140.0,172.4,True,27,4.33,5.61,8.9,146.23,True,2026-06-02T17:43:11+00:00,"positive completed ACTUAL enrollment, positive completed registry-derived facility-count proxy, and completed ACTUAL enrollment per positive facility-count proxy; percentiles used without winsorization","Deterministic combined operational benchmark for planned enrollment, site-count proxy, and enrollment-coherent patients-per-site defaults; no operational ML model."
operational_benchmarks_v1,0a97519bd78f561a,phase_indication_rare|phase=PHASE3|indication=417|rare=1,PHASE3,417,,1,phase_indication_rare,2,377.75,411.5,445.25,465.5,True,2,52.0,103.0,154.0,184.6,True,2,87.75,173.17,258.58,309.83,True,2026-06-02T17:43:11+00:00,"positive completed ACTUAL enrollment, positive completed registry-derived facility-count proxy, and completed ACTUAL enrollment per positive facility-count proxy; percentiles used without winsorization","Deterministic combined operational benchmark for planned enrollment, site-count proxy, and enrollment-coherent patients-per-site defaults; no operational ML model."
operational_benchmarks_v1,0a97519bd78f561a,phase_indication_rare|phase=PHASE3|indication=426|rare=0,PHASE3,426,,0,phase_indication_rare,170,292.25,453.0,626.0,853.7,False,165,17.0,78.0,149.0,201.0,False,163,3.65,5.53,13.71,182.2,False,2026-06-02T17:43:11+00:00,"positive completed ACTUAL enrollment, positive completed registry-derived facility-count proxy, and completed ACTUAL enrollment per positive facility-count proxy; percentiles used without winsorization","Deterministic combined operational benchmark for planned enrollment, site-count proxy, and enrollment-coherent patients-per-site defaults; no operational ML model."
operational_benchmarks_v1,0a97519bd78f561a,phase_indication_rare|phase=PHASE3|indication=426|rare=1,PHASE3,426,,1,phase_indication_rare,1,498.0,498.0,498.0,498.0,True,1,1.0,1.0,1.0,1.0,True,1,498.0,498.0,498.0,498.0,True,2026-06-02T17:43:11+00:00,"positive completed ACTUAL enrollment, positive completed registry-derived facility-count proxy, and completed ACTUAL enrollment per positive facility-count proxy; percentiles used without winsorization","Deterministic combined operational benchmark for planned enrollment, site-count proxy, and enrollment-coherent patients-per-site defaults; no operational ML model."
operational_benchmarks_v1,0a97519bd78f561a,phase_indication_rare|phase=PHASE3|indication=429|rare=0,PHASE3,429,,0,phase_indication_rare,129,249.0,454.0,621.0,886.0,False,128,18.75,77.5,176.5,253.5,False,127,3.7,5.54,10.61,144.4,False,2026-06-02T17:43:11+00:00,"positive completed ACTUAL enrollment, positive completed registry-derived facility-count proxy, and completed ACTUAL enrollment per positive facility-count proxy; percentiles used without winsorization","Deterministic combined operational benchmark for planned enrollment, site-count proxy, and enrollment-coherent patients-per-site defaults; no operational ML model."
operational_benchmarks_v1,0a97519bd78f561a,phase_indication_rare|phase=PHASE3|indication=432|rare=0,PHASE3,432,,0,phase_indication_rare,19,376.0,766.0,1057.0,1328.8,True,13,5.0,53.0,117.0,170.6,True,13,4.14,6.58,51.38,635.46,True,2026-06-02T17:43:11+00:00,"positive completed ACTUAL enrollment, positive completed registry-derived facility-count proxy, and completed ACTUAL enrollment per positive facility-count proxy; percentiles used without winsorization","Deterministic combined operational benchmark for planned enrollment, site-count proxy, and enrollment-coherent patients-per-site defaults; no operational ML model."
operational_benchmarks_v1,0a97519bd78f561a,phase_indication_rare|phase=PHASE3|indication=435|rare=0,PHASE3,435,,0,phase_indication_rare,5,263.0,511.0,827.0,836.0,True,5,78.0,123.0,169.0,184.6,True,5,4.15,4.32,4.89,5.5,True,2026-06-02T17:43:11+00:00,"positive completed ACTUAL enrollment, positive completed registry-derived facility-count proxy, and completed ACTUAL enrollment per positive facility-count proxy; percentiles used without winsorization","Deterministic combined operational benchmark for planned enrollment, site-count proxy, and enrollment-coherent patients-per-site defaults; no operational ML model."
operational_benchmarks_v1,0a97519bd78f561a,phase_indication_rare|phase=PHASE3|indication=438|rare=0,PHASE3,438,,0,phase_indication_rare,85,160.0,384.0,1022.0,1199.6,False,85,13.0,47.0,165.0,218.0,False,85,4.82,6.86,13.0,37.33,False,2026-06-02T17:43:11+00:00,"positive completed ACTUAL enrollment, positive completed registry-derived facility-count proxy, and completed ACTUAL enrollment per positive facility-count proxy; percentiles used without winsorization","Deterministic combined operational benchmark for planned enrollment, site-count proxy, and enrollment-coherent patients-per-site defaults; no operational ML model."
operational_benchmarks_v1,0a97519bd78f561a,phase_indication_rare|phase=PHASE3|indication=441|rare=0,PHASE3,441,,0,phase_indication_rare,42,332.75,517.5,745.5,848.8,True,42,16.0,55.5,129.0,169.4,True,41,4.83,5.95,27.11,175.0,True,2026-06-02T17:43:11+00:00,"positive completed ACTUAL enrollment, positive completed registry-derived facility-count proxy, and completed ACTUAL enrollment per positive facility-count proxy; percentiles used without winsorization","Deterministic combined operational benchmark for planned enrollment, site-count proxy, and enrollment-coherent patients-per-site defaults; no operational ML model."
operational_benchmarks_v1,0a97519bd78f561a,phase_indication_rare|phase=PHASE3|indication=444|rare=0,PHASE3,444,,0,phase_indication_rare,4,431.75,491.0,603.25,798.1,True,3,77.5,102.0,132.0,150.0,True,3,4.01,5.02,7.06,8.28,True,2026-06-02T17:43:11+00:00,"positive completed ACTUAL enrollment, positive completed registry-derived facility-count proxy, and completed ACTUAL enrollment per positive facility-count proxy; percentiles used without winsorization","Deterministic combined operational benchmark for planned enrollment, site-count proxy, and enrollment-coherent patients-per-site defaults; no operational ML model."
operational_benchmarks_v1,0a97519bd78f561a,phase_indication_rare|phase=PHASE3|indication=447|rare=0,PHASE3,447,,0,phase_indication_rare,3,248.0,263.0,296.5,316.6,True,2,31.75,33.5,35.25,36.3,True,2,8.08,9.05,10.03,10.61,True,2026-06-02T17:43:11+00:00,"positive completed ACTUAL enrollment, positive completed registry-derived facility-count proxy, and completed ACTUAL enrollment per positive facility-count proxy; percentiles used without winsorization","Deterministic combined operational benchmark for planned enrollment, site-count proxy, and enrollment-coherent patients-per-site defaults; no operational ML model."
operational_benchmarks_v1,0a97519bd78f561a,phase_indication_rare|phase=PHASE3|indication=450|rare=0,PHASE3,450,,0,phase_indication_rare,15,139.5,361.0,623.5,850.8,True,14,17.5,68.5,125.0,151.7,True,14,3.52,5.0,6.75,242.1,True,2026-06-02T17:43:11+00:00,"positive completed ACTUAL enrollment, positive completed registry-derived facility-count proxy, and completed ACTUAL enrollment per positive facility-count proxy; percentiles used without winsorization","Deterministic combined operational benchmark for planned enrollment, site-count proxy, and enrollment-coherent patients-per-site defaults; no operational ML model."
operational_benchmarks_v1,0a97519bd78f561a,phase_indication_rare|phase=PHASE3|indication=453|rare=0,PHASE3,453,,0,phase_indication_rare,3,137.0,158.0,613.5,886.8,True,3,20.5,22.0,103.5,152.4,True,3,5.94,6.11,6.64,6.97,True,2026-06-02T17:43:11+00:00,"positive completed ACTUAL enrollment, positive completed registry-derived facility-count proxy, and completed ACTUAL enrollment per positive facility-count proxy; percentiles used without winsorization","Deterministic combined operational benchmark for planned enrollment, site-count proxy, and enrollment-coherent patients-per-site defaults; no operational ML model."
operational_benchmarks_v1,0a97519bd78f561a,phase_indication_rare|phase=PHASE3|indication=456|rare=0,PHASE3,456,,0,phase_indication_rare,22,301.0,511.5,714.75,854.9,True,22,43.75,82.5,146.5,199.9,True,22,3.57,4.76,7.21,40.9,True,2026-06-02T17:43:11+00:00,"positive completed ACTUAL enrollment, positive completed registry-derived facility-count proxy, and completed ACTUAL enrollment per positive facility-count proxy; percentiles used without winsorization","Deterministic combined operational benchmark for planned enrollment, site-count proxy, and enrollment-coherent patients-per-site defaults; no operational ML model."
operational_benchmarks_v1,0a97519bd78f561a,phase_indication_rare|phase=PHASE3|indication=459|rare=0,PHASE3,459,,0,phase_indication_rare,35,354.5,514.0,807.0,935.4,True,34,77.75,111.5,154.5,206.4,True,34,3.38,5.22,6.65,11.79,True,2026-06-02T17:43:11+00:00,"positive completed ACTUAL enrollment, positive completed registry-derived facility-count proxy, and completed ACTUAL enrollment per positive facility-count proxy; percentiles used without winsorization","Deterministic combined operational benchmark for planned enrollment, site-count proxy, and enrollment-coherent patients-per-site defaults; no operational ML model."
operational_benchmarks_v1,0a97519bd78f561a,phase_indication_rare|phase=PHASE3|indication=462|rare=0,PHASE3,462,,0,phase_indication_rare,43,258.0,383.0,472.5,622.6,True,40,4.75,17.0,23.25,31.4,True,40,11.92,19.44,70.82,395.6,True,2026-06-02T17:43:11+00:00,"positive completed ACTUAL enrollment, positive completed registry-derived facility-count proxy, and completed ACTUAL enrollment per positive facility-count proxy; percentiles used without winsorization","Deterministic combined operational benchmark for planned enrollment, site-count proxy, and enrollment-coherent patients-per-site defaults; no operational ML model."
operational_benchmarks_v1,0a97519bd78f561a,phase_indication_rare|phase=PHASE3|indication=462|rare=1,PHASE3,462,,1,phase_indication_rare,1,174.0,174.0,174.0,174.0,True,1,49.0,49.0,49.0,49.0,True,1,3.55,3.55,3.55,3.55,True,2026-06-02T17:43:11+00:00,"positive completed ACTUAL enrollment, positive completed registry-derived facility-count proxy, and completed ACTUAL enrollment per positive facility-count proxy; percentiles used without winsorization","Deterministic combined operational benchmark for planned enrollment, site-count proxy, and enrollment-coherent patients-per-site defaults; no operational ML model."
operational_benchmarks_v1,0a97519bd78f561a,phase_indication_rare|phase=PHASE3|indication=465|rare=0,PHASE3,465,,0,phase_indication_rare,28,272.25,447.5,617.5,964.3,True,28,74.75,103.5,198.25,271.9,True,28,3.06,4.44,5.97,10.39,True,2026-06-02T17:43:11+00:00,"positive completed ACTUAL enrollment, positive completed registry-derived facility-count proxy, and completed ACTUAL enrollment per positive facility-count proxy; percentiles used without winsorization","Deterministic combined operational benchmark for planned enrollment, site-count proxy, and enrollment-coherent patients-per-site defaults; no operational ML model."
operational_benchmarks_v1,0a97519bd78f561a,phase_indication_rare|phase=PHASE3|indication=471|rare=0,PHASE3,471,,0,phase_indication_rare,14,341.75,540.5,907.75,1493.6,True,14,110.0,171.5,199.75,250.5,True,14,3.21,3.5,5.69,6.95,True,2026-06-02T17:43:11+00:00,"positive completed ACTUAL enrollment, positive completed registry-derived facility-count proxy, and completed ACTUAL enrollment per positive facility-count proxy; percentiles used without winsorization","Deterministic combined operational benchmark for planned enrollment, site-count proxy, and enrollment-coherent patients-per-site defaults; no operational ML model."
operational_benchmarks_v1,0a97519bd78f561a,phase_indication_rare|phase=PHASE3|indication=471|rare=1,PHASE3,471,,1,phase_indication_rare,2,894.25,927.5,960.75,980.7,True,1,251.0,251.0,251.0,251.0,True,1,3.96,3.96,3.96,3.96,True,2026-06-02T17:43:11+00:00,"positive completed ACTUAL enrollment, positive completed registry-derived facility-count proxy, and completed ACTUAL enrollment per positive facility-count proxy; percentiles used without winsorization","Deterministic combined operational benchmark for planned enrollment, site-count proxy, and enrollment-coherent patients-per-site defaults; no operational ML model."
operational_benchmarks_v1,0a97519bd78f561a,phase_indication_rare|phase=PHASE3|indication=474|rare=0,PHASE3,474,,0,phase_indication_rare,17,133.0,505.0,712.0,962.6,True,15,52.0,141.0,199.0,227.2,True,15,1.72,3.04,4.46,13.11,True,2026-06-02T17:43:11+00:00,"positive completed ACTUAL enrollment, positive completed registry-derived facility-count proxy, and completed ACTUAL enrollment per positive facility-count proxy; percentiles used without winsorization","Deterministic combined operational benchmark for planned enrollment, site-count proxy, and enrollment-coherent patients-per-site defaults; no operational ML model."
operational_benchmarks_v1,0a97519bd78f561a,phase_indication_rare|phase=PHASE3|indication=477|rare=0,PHASE3,477,,0,phase_indication_rare,11,112.0,221.0,472.5,745.0,True,12,12.5,56.5,94.75,130.9,True,11,4.36,6.92,10.27,15.0,True,2026-06-02T17:43:11+00:00,"positive completed ACTUAL enrollment, positive completed registry-derived facility-count proxy, and completed ACTUAL enrollment per positive facility-count proxy; percentiles used without winsorization","Deterministic combined operational benchmark for planned enrollment, site-count proxy, and enrollment-coherent patients-per-site defaults; no operational ML model."
operational_benchmarks_v1,0a97519bd78f561a,phase_indication_rare|phase=PHASE3|indication=477|rare=1,PHASE3,477,,1,phase_indication_rare,1,117.0,117.0,117.0,117.0,True,2,32.25,40.5,48.75,53.7,True,1,4.88,4.88,4.88,4.88,True,2026-06-02T17:43:11+00:00,"positive completed ACTUAL enrollment, positive completed registry-derived facility-count proxy, and completed ACTUAL enrollment per positive facility-count proxy; percentiles used without winsorization","Deterministic combined operational benchmark for planned enrollment, site-count proxy, and enrollment-coherent patients-per-site defaults; no operational ML model."
operational_benchmarks_v1,0a97519bd78f561a,phase_indication_rare|phase=PHASE3|indication=480|rare=0,PHASE3,480,,0,phase_indication_rare,5,201.0,238.0,392.0,407.0,True,5,24.0,61.0,81.0,125.4,True,5,3.9,5.15,6.29,123.12,True,2026-06-02T17:43:11+00:00,"positive completed ACTUAL enrollment, positive completed registry-derived facility-count proxy, and completed ACTUAL enrollment per positive facility-count proxy; percentiles used without winsorization","Deterministic combined operational benchmark for planned enrollment, site-count proxy, and enrollment-coherent patients-per-site defaults; no operational ML model."
operational_benchmarks_v1,0a97519bd78f561a,phase_indication_rare|phase=PHASE3|indication=480|rare=1,PHASE3,480,,1,phase_indication_rare,1,205.0,205.0,205.0,205.0,True,1,66.0,66.0,66.0,66.0,True,1,3.11,3.11,3.11,3.11,True,2026-06-02T17:43:11+00:00,"positive completed ACTUAL enrollment, positive completed registry-derived facility-count proxy, and completed ACTUAL enrollment per positive facility-count proxy; percentiles used without winsorization","Deterministic combined operational benchmark for planned enrollment, site-count proxy, and enrollment-coherent patients-per-site defaults; no operational ML model."
operational_benchmarks_v1,0a97519bd78f561a,phase_indication_rare|phase=PHASE3|indication=483|rare=0,PHASE3,483,,0,phase_indication_rare,1,400.0,400.0,400.0,400.0,True,1,49.0,49.0,49.0,49.0,True,1,8.16,8.16,8.16,8.16,True,2026-06-02T17:43:11+00:00,"positive completed ACTUAL enrollment, positive completed registry-derived facility-count proxy, and completed ACTUAL enrollment per positive facility-count proxy; percentiles used without winsorization","Deterministic combined operational benchmark for planned enrollment, site-count proxy, and enrollment-coherent patients-per-site defaults; no operational ML model."
operational_benchmarks_v1,0a97519bd78f561a,phase_indication_rare|phase=PHASE3|indication=483|rare=1,PHASE3,483,,1,phase_indication_rare,1,53.0,53.0,53.0,53.0,True,1,29.0,29.0,29.0,29.0,True,1,1.83,1.83,1.83,1.83,True,2026-06-02T17:43:11+00:00,"positive completed ACTUAL enrollment, positive completed registry-derived facility-count proxy, and completed ACTUAL enrollment per positive facility-count proxy; percentiles used without winsorization","Deterministic combined operational benchmark for planned enrollment, site-count proxy, and enrollment-coherent patients-per-site defaults; no operational ML model."
operational_benchmarks_v1,0a97519bd78f561a,phase_indication_rare|phase=PHASE3|indication=484|rare=0,PHASE3,484,,0,phase_indication_rare,2,106.75,172.5,238.25,277.7,True,1,35.0,35.0,35.0,35.0,True,1,1.17,1.17,1.17,1.17,True,2026-06-02T17:43:11+00:00,"positive completed ACTUAL enrollment, positive completed registry-derived facility-count proxy, and completed ACTUAL enrollment per positive facility-count proxy; percentiles used without winsorization","Deterministic combined operational benchmark for planned enrollment, site-count proxy, and enrollment-coherent patients-per-site defaults; no operational ML model."
operational_benchmarks_v1,0a97519bd78f561a,phase_indication_rare|phase=PHASE3|indication=484|rare=1,PHASE3,484,,1,phase_indication_rare,1,1334.0,1334.0,1334.0,1334.0,True,1,215.0,215.0,215.0,215.0,True,1,6.2,6.2,6.2,6.2,True,2026-06-02T17:43:11+00:00,"positive completed ACTUAL enrollment, positive completed registry-derived facility-count proxy, and completed ACTUAL enrollment per positive facility-count proxy; percentiles used without winsorization","Deterministic combined operational benchmark for planned enrollment, site-count proxy, and enrollment-coherent patients-per-site defaults; no operational ML model."
operational_benchmarks_v1,0a97519bd78f561a,phase_indication_rare|phase=PHASE3|indication=485|rare=0,PHASE3,485,,0,phase_indication_rare,48,142.25,316.0,445.5,608.0,True,48,26.5,65.5,153.5,191.2,True,48,2.61,3.54,5.25,80.98,True,2026-06-02T17:43:11+00:00,"positive completed ACTUAL enrollment, positive completed registry-derived facility-count proxy, and completed ACTUAL enrollment per positive facility-count proxy; percentiles used without winsorization","Deterministic combined operational benchmark for planned enrollment, site-count proxy, and enrollment-coherent patients-per-site defaults; no operational ML model."
operational_benchmarks_v1,0a97519bd78f561a,phase_indication_rare|phase=PHASE3|indication=485|rare=1,PHASE3,485,,1,phase_indication_rare,12,170.75,275.5,430.25,611.3,True,11,38.5,58.0,118.0,151.0,True,11,3.17,3.77,4.84,28.61,True,2026-06-02T17:43:11+00:00,"positive completed ACTUAL enrollment, positive completed registry-derived facility-count proxy, and completed ACTUAL enrollment per positive facility-count proxy; percentiles used without winsorization","Deterministic combined operational benchmark for planned enrollment, site-count proxy, and enrollment-coherent patients-per-site defaults; no operational ML model."
operational_benchmarks_v1,0a97519bd78f561a,phase_indication_rare|phase=PHASE3|indication=486|rare=0,PHASE3,486,,0,phase_indication_rare,40,207.5,460.5,705.25,769.5,True,40,51.5,111.5,171.5,235.6,True,40,2.97,3.89,4.88,7.48,True,2026-06-02T17:43:11+00:00,"positive completed ACTUAL enrollment, positive completed registry-derived facility-count proxy, and completed ACTUAL enrollment per positive facility-count proxy; percentiles used without winsorization","Deterministic combined operational benchmark for planned enrollment, site-count proxy, and enrollment-coherent patients-per-site defaults; no operational ML model."
operational_benchmarks_v1,0a97519bd78f561a,phase_indication_rare|phase=PHASE3|indication=486|rare=1,PHASE3,486,,1,phase_indication_rare,1,213.0,213.0,213.0,213.0,True,1,27.0,27.0,27.0,27.0,True,1,7.89,7.89,7.89,7.89,True,2026-06-02T17:43:11+00:00,"positive completed ACTUAL enrollment, positive completed registry-derived facility-count proxy, and completed ACTUAL enrollment per positive facility-count proxy; percentiles used without winsorization","Deterministic combined operational benchmark for planned enrollment, site-count proxy, and enrollment-coherent patients-per-site defaults; no operational ML model."
operational_benchmarks_v1,0a97519bd78f561a,phase_indication_rare|phase=PHASE3|indication=487|rare=0,PHASE3,487,,0,phase_indication_rare,62,207.75,322.5,505.25,706.5,False,61,40.0,95.0,133.0,208.0,False,61,2.73,3.5,5.46,10.38,False,2026-06-02T17:43:11+00:00,"positive completed ACTUAL enrollment, positive completed registry-derived facility-count proxy, and completed ACTUAL enrollment per positive facility-count proxy; percentiles used without winsorization","Deterministic combined operational benchmark for planned enrollment, site-count proxy, and enrollment-coherent patients-per-site defaults; no operational ML model."
operational_benchmarks_v1,0a97519bd78f561a,phase_indication_rare|phase=PHASE3|indication=487|rare=1,PHASE3,487,,1,phase_indication_rare,6,86.5,152.5,210.25,257.5,True,6,31.75,41.0,58.5,74.0,True,6,2.64,3.82,5.74,6.59,True,2026-06-02T17:43:11+00:00,"positive completed ACTUAL enrollment, positive completed registry-derived facility-count proxy, and completed ACTUAL enrollment per positive facility-count proxy; percentiles used without winsorization","Deterministic combined operational benchmark for planned enrollment, site-count proxy, and enrollment-coherent patients-per-site defaults; no operational ML model."
operational_benchmarks_v1,0a97519bd78f561a,phase_indication_rare|phase=PHASE3|indication=489|rare=0,PHASE3,489,,0,phase_indication_rare,68,74.75,225.5,490.75,889.5,False,65,2.0,16.0,64.0,93.8,False,64,4.65,8.6,51.85,372.5,False,2026-06-02T17:43:11+00:00,"positive completed ACTUAL enrollment, positive completed registry-derived facility-count proxy, and completed ACTUAL enrollment per positive facility-count proxy; percentiles used without winsorization","Deterministic combined operational benchmark for planned enrollment, site-count proxy, and enrollment-coherent patients-per-site defaults; no operational ML model."
operational_benchmarks_v1,0a97519bd78f561a,phase_indication_rare|phase=PHASE3|indication=489|rare=1,PHASE3,489,,1,phase_indication_rare,13,89.0,129.0,231.0,265.2,True,14,22.75,37.0,53.0,68.2,True,13,2.88,3.49,3.97,5.76,True,2026-06-02T17:43:11+00:00,"positive completed ACTUAL enrollment, positive completed registry-derived facility-count proxy, and completed ACTUAL enrollment per positive facility-count proxy; percentiles used without winsorization","Deterministic combined operational benchmark for planned enrollment, site-count proxy, and enrollment-coherent patients-per-site defaults; no operational ML model."
operational_benchmarks_v1,0a97519bd78f561a,phase_indication_rare|phase=PHASE3|indication=490|rare=0,PHASE3,490,,0,phase_indication_rare,22,138.5,193.5,342.0,540.0,True,22,4.5,37.5,76.25,110.9,True,22,3.14,4.54,15.17,328.2,True,2026-06-02T17:43:11+00:00,"positive completed ACTUAL enrollment, positive completed registry-derived facility-count proxy, and completed ACTUAL enrollment per positive facility-count proxy; percentiles used without winsorization","Deterministic combined operational benchmark for planned enrollment, site-count proxy, and enrollment-coherent patients-per-site defaults; no operational ML model."
operational_benchmarks_v1,0a97519bd78f561a,phase_indication_rare|phase=PHASE3|indication=490|rare=1,PHASE3,490,,1,phase_indication_rare,17,118.0,147.0,229.0,431.8,True,18,35.0,63.0,84.0,189.5,True,17,1.91,2.79,3.59,4.26,True,2026-06-02T17:43:11+00:00,"positive completed ACTUAL enrollment, positive completed registry-derived facility-count proxy, and completed ACTUAL enrollment per positive facility-count proxy; percentiles used without winsorization","Deterministic combined operational benchmark for planned enrollment, site-count proxy, and enrollment-coherent patients-per-site defaults; no operational ML model."
operational_benchmarks_v1,0a97519bd78f561a,phase_indication_rare|phase=PHASE3|indication=493|rare=0,PHASE3,493,,0,phase_indication_rare,106,202.25,670.5,3888.5,13052.0,False,104,14.5,52.5,243.0,828.1,False,104,8.6,13.83,28.86,132.5,False,2026-06-02T17:43:11+00:00,"positive completed ACTUAL enrollment, positive completed registry-derived facility-count proxy, and completed ACTUAL enrollment per positive facility-count proxy; percentiles used without winsorization","Deterministic combined operational benchmark for planned enrollment, site-count proxy, and enrollment-coherent patients-per-site defaults; no operational ML model."
operational_benchmarks_v1,0a97519bd78f561a,phase_indication_rare|phase=PHASE3|indication=493|rare=1,PHASE3,493,,1,phase_indication_rare,1,2530.0,2530.0,2530.0,2530.0,True,1,181.0,181.0,181.0,181.0,True,1,13.98,13.98,13.98,13.98,True,2026-06-02T17:43:11+00:00,"positive completed ACTUAL enrollment, positive completed registry-derived facility-count proxy, and completed ACTUAL enrollment per positive facility-count proxy; percentiles used without winsorization","Deterministic combined operational benchmark for planned enrollment, site-count proxy, and enrollment-coherent patients-per-site defaults; no operational ML model."
operational_benchmarks_v1,0a97519bd78f561a,phase_indication_rare|phase=PHASE3|indication=494|rare=0,PHASE3,494,,0,phase_indication_rare,35,191.0,409.0,1152.5,3854.8,True,35,5.0,18.0,76.0,271.0,True,34,10.6,18.96,37.0,196.7,True,2026-06-02T17:43:11+00:00,"positive completed ACTUAL enrollment, positive completed registry-derived facility-count proxy, and completed ACTUAL enrollment per positive facility-count proxy; percentiles used without winsorization","Deterministic combined operational benchmark for planned enrollment, site-count proxy, and enrollment-coherent patients-per-site defaults; no operational ML model."
operational_benchmarks_v1,0a97519bd78f561a,phase_indication_rare|phase=PHASE3|indication=498|rare=0,PHASE3,498,,0,phase_indication_rare,59,181.5,312.0,604.5,1145.0,False,59,1.0,26.0,104.5,180.8,False,57,6.01,13.56,122.0,225.2,False,2026-06-02T17:43:11+00:00,"positive completed ACTUAL enrollment, positive completed registry-derived facility-count proxy, and completed ACTUAL enrollment per positive facility-count proxy; percentiles used without winsorization","Deterministic combined operational benchmark for planned enrollment, site-count proxy, and enrollment-coherent patients-per-site defaults; no operational ML model."
operational_benchmarks_v1,0a97519bd78f561a,phase_indication_rare|phase=PHASE3|indication=499|rare=0,PHASE3,499,,0,phase_indication_rare,7,55.0,112.0,308.0,496.6,True,7,6.5,21.0,75.5,137.6,True,7,2.96,5.33,27.76,54.0,True,2026-06-02T17:43:11+00:00,"positive completed ACTUAL enrollment, positive completed registry-derived facility-count proxy, and completed ACTUAL enrollment per positive facility-count proxy; percentiles used without winsorization","Deterministic combined operational benchmark for planned enrollment, site-count proxy, and enrollment-coherent patients-per-site defaults; no operational ML model."
operational_benchmarks_v1,0a97519bd78f561a,phase_indication_rare|phase=PHASE3|indication=499|rare=1,PHASE3,499,,1,phase_indication_rare,5,38.0,206.0,632.0,1292.6,True,5,20.0,61.0,80.0,94.4,True,5,3.38,4.43,6.08,15.43,True,2026-06-02T17:43:11+00:00,"positive completed ACTUAL enrollment, positive completed registry-derived facility-count proxy, and completed ACTUAL enrollment per positive facility-count proxy; percentiles used without winsorization","Deterministic combined operational benchmark for planned enrollment, site-count proxy, and enrollment-coherent patients-per-site defaults; no operational ML model."
operational_benchmarks_v1,0a97519bd78f561a,phase_indication_rare|phase=PHASE3|indication=500|rare=0,PHASE3,500,,0,phase_indication_rare,14,291.5,808.0,1505.5,2176.5,True,13,44.0,164.0,228.0,324.4,True,13,6.1,7.53,9.43,9.87,True,2026-06-02T17:43:11+00:00,"positive completed ACTUAL enrollment, positive completed registry-derived facility-count proxy, and completed ACTUAL enrollment per positive facility-count proxy; percentiles used without winsorization","Deterministic combined operational benchmark for planned enrollment, site-count proxy, and enrollment-coherent patients-per-site defaults; no operational ML model."
operational_benchmarks_v1,0a97519bd78f561a,phase_indication_rare|phase=PHASE3|indication=502|rare=0,PHASE3,502,,0,phase_indication_rare,15,160.5,302.0,435.5,4255.2,True,14,14.75,42.5,82.0,430.6,True,14,4.48,11.93,22.0,155.0,True,2026-06-02T17:43:11+00:00,"positive completed ACTUAL enrollment, positive completed registry-derived facility-count proxy, and completed ACTUAL enrollment per positive facility-count proxy; percentiles used without winsorization","Deterministic combined operational benchmark for planned enrollment, site-count proxy, and enrollment-coherent patients-per-site defaults; no operational ML model."
operational_benchmarks_v1,0a97519bd78f561a,phase_indication_rare|phase=PHASE3|indication=504|rare=0,PHASE3,504,,0,phase_indication_rare,2,598.25,666.5,734.75,775.7,True,2,12.75,19.5,26.25,30.3,True,2,40.33,56.33,72.33,81.93,True,2026-06-02T17:43:11+00:00,"positive completed ACTUAL enrollment, positive completed registry-derived facility-count proxy, and completed ACTUAL enrollment per positive facility-count proxy; percentiles used without winsorization","Deterministic combined operational benchmark for planned enrollment, site-count proxy, and enrollment-coherent patients-per-site defaults; no operational ML model."
operational_benchmarks_v1,0a97519bd78f561a,phase_indication_rare|phase=PHASE3|indication=507|rare=0,PHASE3,507,,0,phase_indication_rare,241,135.0,246.0,459.0,1071.0,False,229,1.0,13.0,49.0,141.2,False,227,5.96,15.0,100.33,250.2,False,2026-06-02T17:43:11+00:00,"positive completed ACTUAL enrollment, positive completed registry-derived facility-count proxy, and completed ACTUAL enrollment per positive facility-count proxy; percentiles used without winsorization","Deterministic combined operational benchmark for planned enrollment, site-count proxy, and enrollment-coherent patients-per-site defaults; no operational ML model."
operational_benchmarks_v1,0a97519bd78f561a,phase_indication_rare|phase=PHASE3|indication=507|rare=1,PHASE3,507,,1,phase_indication_rare,16,100.0,223.5,308.25,442.5,True,14,15.5,36.0,45.0,63.5,True,14,2.62,4.46,10.04,17.91,True,2026-06-02T17:43:11+00:00,"positive completed ACTUAL enrollment, positive completed registry-derived facility-count proxy, and completed ACTUAL enrollment per positive facility-count proxy; percentiles used without winsorization","Deterministic combined operational benchmark for planned enrollment, site-count proxy, and enrollment-coherent patients-per-site defaults; no operational ML model."
operational_benchmarks_v1,0a97519bd78f561a,phase_indication_rare|phase=PHASE3|indication=509|rare=0,PHASE3,509,,0,phase_indication_rare,197,297.0,626.0,1134.0,1886.4,False,196,27.0,62.5,130.5,239.5,False,195,6.6,8.82,11.53,20.0,False,2026-06-02T17:43:11+00:00,"positive completed ACTUAL enrollment, positive completed registry-derived facility-count proxy, and completed ACTUAL enrollment per positive facility-count proxy; percentiles used without winsorization","Deterministic combined operational benchmark for planned enrollment, site-count proxy, and enrollment-coherent patients-per-site defaults; no operational ML model."
operational_benchmarks_v1,0a97519bd78f561a,phase_indication_rare|phase=PHASE3|indication=509|rare=1,PHASE3,509,,1,phase_indication_rare,1,34.0,34.0,34.0,34.0,True,1,18.0,18.0,18.0,18.0,True,1,1.89,1.89,1.89,1.89,True,2026-06-02T17:43:11+00:00,"positive completed ACTUAL enrollment, positive completed registry-derived facility-count proxy, and completed ACTUAL enrollment per positive facility-count proxy; percentiles used without winsorization","Deterministic combined operational benchmark for planned enrollment, site-count proxy, and enrollment-coherent patients-per-site defaults; no operational ML model."
operational_benchmarks_v1,0a97519bd78f561a,phase_indication_rare|phase=PHASE3|indication=515|rare=0,PHASE3,515,,0,phase_indication_rare,197,195.0,420.0,856.0,1818.0,False,198,10.0,54.5,124.5,230.6,False,194,4.73,7.75,13.04,110.28,False,2026-06-02T17:43:11+00:00,"positive completed ACTUAL enrollment, positive completed registry-derived facility-count proxy, and completed ACTUAL enrollment per positive facility-count proxy; percentiles used without winsorization","Deterministic combined operational benchmark for planned enrollment, site-count proxy, and enrollment-coherent patients-per-site defaults; no operational ML model."
operational_benchmarks_v1,0a97519bd78f561a,phase_indication_rare|phase=PHASE3|indication=515|rare=1,PHASE3,515,,1,phase_indication_rare,1,116.0,116.0,116.0,116.0,True,1,46.0,46.0,46.0,46.0,True,1,2.52,2.52,2.52,2.52,True,2026-06-02T17:43:11+00:00,"positive completed ACTUAL enrollment, positive completed registry-derived facility-count proxy, and completed ACTUAL enrollment per positive facility-count proxy; percentiles used without winsorization","Deterministic combined operational benchmark for planned enrollment, site-count proxy, and enrollment-coherent patients-per-site defaults; no operational ML model."
operational_benchmarks_v1,0a97519bd78f561a,phase_indication_rare|phase=PHASE3|indication=516|rare=0,PHASE3,516,,0,phase_indication_rare,13,81.0,515.0,597.0,1074.2,True,13,25.0,98.0,121.0,297.8,True,13,3.52,4.52,5.26,5.51,True,2026-06-02T17:43:11+00:00,"positive completed ACTUAL enrollment, positive completed registry-derived facility-count proxy, and completed ACTUAL enrollment per positive facility-count proxy; percentiles used without winsorization","Deterministic combined operational benchmark for planned enrollment, site-count proxy, and enrollment-coherent patients-per-site defaults; no operational ML model."
operational_benchmarks_v1,0a97519bd78f561a,phase_indication_rare|phase=PHASE3|indication=516|rare=1,PHASE3,516,,1,phase_indication_rare,6,107.75,394.5,593.5,675.0,True,6,21.5,62.5,154.5,184.0,True,6,3.32,5.19,9.35,30.23,True,2026-06-02T17:43:11+00:00,"positive completed ACTUAL enrollment, positive completed registry-derived facility-count proxy, and completed ACTUAL enrollment per positive facility-count proxy; percentiles used without winsorization","Deterministic combined operational benchmark for planned enrollment, site-count proxy, and enrollment-coherent patients-per-site defaults; no operational ML model."
operational_benchmarks_v1,0a97519bd78f561a,phase_indication_rare|phase=PHASE3|indication=520|rare=0,PHASE3,520,,0,phase_indication_rare,154,182.75,333.0,570.5,918.9,False,138,2.0,25.5,56.5,91.3,False,136,6.71,13.94,96.39,267.0,False,2026-06-02T17:43:11+00:00,"positive completed ACTUAL enrollment, positive completed registry-derived facility-count proxy, and completed ACTUAL enrollment per positive facility-count proxy; percentiles used without winsorization","Deterministic combined operational benchmark for planned enrollment, site-count proxy, and enrollment-coherent patients-per-site defaults; no operational ML model."
operational_benchmarks_v1,0a97519bd78f561a,phase_indication_rare|phase=PHASE3|indication=520|rare=1,PHASE3,520,,1,phase_indication_rare,15,72.0,168.0,315.5,447.6,True,15,23.5,40.0,80.5,99.6,True,15,2.81,4.1,4.5,7.36,True,2026-06-02T17:43:11+00:00,"positive completed ACTUAL enrollment, positive completed registry-derived facility-count proxy, and completed ACTUAL enrollment per positive facility-count proxy; percentiles used without winsorization","Deterministic combined operational benchmark for planned enrollment, site-count proxy, and enrollment-coherent patients-per-site defaults; no operational ML model."
operational_benchmarks_v1,0a97519bd78f561a,phase_indication_rare|phase=PHASE3|indication=521|rare=0,PHASE3,521,,0,phase_indication_rare,226,112.25,219.0,416.0,682.5,False,171,16.5,34.0,66.5,104.0,False,171,4.81,6.65,10.24,40.0,False,2026-06-02T17:43:11+00:00,"positive completed ACTUAL enrollment, positive completed registry-derived facility-count proxy, and completed ACTUAL enrollment per positive facility-count proxy; percentiles used without winsorization","Deterministic combined operational benchmark for planned enrollment, site-count proxy, and enrollment-coherent patients-per-site defaults; no operational ML model."
operational_benchmarks_v1,0a97519bd78f561a,phase_indication_rare|phase=PHASE3|indication=521|rare=1,PHASE3,521,,1,phase_indication_rare,9,93.0,116.0,193.0,255.0,True,9,8.0,31.0,59.0,119.6,True,9,1.44,3.0,3.68,27.92,True,2026-06-02T17:43:11+00:00,"positive completed ACTUAL enrollment, positive completed registry-derived facility-count proxy, and completed ACTUAL enrollment per positive facility-count proxy; percentiles used without winsorization","Deterministic combined operational benchmark for planned enrollment, site-count proxy, and enrollment-coherent patients-per-site defaults; no operational ML model."
operational_benchmarks_v1,0a97519bd78f561a,phase_indication_rare|phase=PHASE3|indication=530|rare=0,PHASE3,530,,0,phase_indication_rare,13,215.0,310.0,461.0,607.0,True,12,2.5,7.0,15.25,23.5,True,12,41.07,60.16,92.38,207.2,True,2026-06-02T17:43:11+00:00,"positive completed ACTUAL enrollment, positive completed registry-derived facility-count proxy, and completed ACTUAL enrollment per positive facility-count proxy; percentiles used without winsorization","Deterministic combined operational benchmark for planned enrollment, site-count proxy, and enrollment-coherent patients-per-site defaults; no operational ML model."
operational_benchmarks_v1,0a97519bd78f561a,phase_indication_rare|phase=PHASE3|indication=531|rare=0,PHASE3,531,,0,phase_indication_rare,2,368.75,418.5,468.25,498.1,True,2,6.75,12.5,18.25,21.7,True,2,139.47,265.65,391.82,467.53,True,2026-06-02T17:43:11+00:00,"positive completed ACTUAL enrollment, positive completed registry-derived facility-count proxy, and completed ACTUAL enrollment per positive facility-count proxy; percentiles used without winsorization","Deterministic combined operational benchmark for planned enrollment, site-count proxy, and enrollment-coherent patients-per-site defaults; no operational ML model."
operational_benchmarks_v1,0a97519bd78f561a,phase_indication_rare|phase=PHASE3|indication=532|rare=0,PHASE3,532,,0,phase_indication_rare,105,147.0,354.0,614.0,1025.8,False,100,26.5,85.0,226.75,372.7,False,99,2.29,3.37,4.93,73.77,False,2026-06-02T17:43:11+00:00,"positive completed ACTUAL enrollment, positive completed registry-derived facility-count proxy, and completed ACTUAL enrollment per positive facility-count proxy; percentiles used without winsorization","Deterministic combined operational benchmark for planned enrollment, site-count proxy, and enrollment-coherent patients-per-site defaults; no operational ML model."
operational_benchmarks_v1,0a97519bd78f561a,phase_indication_rare|phase=PHASE3|indication=532|rare=1,PHASE3,532,,1,phase_indication_rare,2,56.75,101.5,146.25,173.1,True,2,8.5,16.0,23.5,28.0,True,2,7.62,9.08,10.54,11.42,True,2026-06-02T17:43:11+00:00,"positive completed ACTUAL enrollment, positive completed registry-derived facility-count proxy, and completed ACTUAL enrollment per positive facility-count proxy; percentiles used without winsorization","Deterministic combined operational benchmark for planned enrollment, site-count proxy, and enrollment-coherent patients-per-site defaults; no operational ML model."
operational_benchmarks_v1,0a97519bd78f561a,phase_indication_rare|phase=PHASE3|indication=534|rare=0,PHASE3,534,,0,phase_indication_rare,1,342.0,342.0,342.0,342.0,True,1,13.0,13.0,13.0,13.0,True,1,26.31,26.31,26.31,26.31,True,2026-06-02T17:43:11+00:00,"positive completed ACTUAL enrollment, positive completed registry-derived facility-count proxy, and completed ACTUAL enrollment per positive facility-count proxy; percentiles used without winsorization","Deterministic combined operational benchmark for planned enrollment, site-count proxy, and enrollment-coherent patients-per-site defaults; no operational ML model."
operational_benchmarks_v1,0a97519bd78f561a,phase_indication_rare|phase=PHASE3|indication=535|rare=1,PHASE3,535,,1,phase_indication_rare,2,40.25,40.5,40.75,40.9,True,2,7.5,8.0,8.5,8.8,True,2,4.8,5.15,5.5,5.72,True,2026-06-02T17:43:11+00:00,"positive completed ACTUAL enrollment, positive completed registry-derived facility-count proxy, and completed ACTUAL enrollment per positive facility-count proxy; percentiles used without winsorization","Deterministic combined operational benchmark for planned enrollment, site-count proxy, and enrollment-coherent patients-per-site defaults; no operational ML model."
operational_benchmarks_v1,0a97519bd78f561a,phase_indication_rare|phase=PHASE3|indication=543|rare=0,PHASE3,543,,0,phase_indication_rare,60,218.0,388.0,736.0,1006.7,False,59,11.0,54.0,98.0,143.6,False,57,5.0,7.42,31.31,234.8,False,2026-06-02T17:43:11+00:00,"positive completed ACTUAL enrollment, positive completed registry-derived facility-count proxy, and completed ACTUAL enrollment per positive facility-count proxy; percentiles used without winsorization","Deterministic combined operational benchmark for planned enrollment, site-count proxy, and enrollment-coherent patients-per-site defaults; no operational ML model."
operational_benchmarks_v1,0a97519bd78f561a,phase_indication_rare|phase=PHASE3|indication=544|rare=0,PHASE3,544,,0,phase_indication_rare,71,119.5,262.0,414.5,544.0,False,67,14.5,31.0,67.0,83.4,False,66,4.27,6.4,15.9,55.25,False,2026-06-02T17:43:11+00:00,"positive completed ACTUAL enrollment, positive completed registry-derived facility-count proxy, and completed ACTUAL enrollment per positive facility-count proxy; percentiles used without winsorization","Deterministic combined operational benchmark for planned enrollment, site-count proxy, and enrollment-coherent patients-per-site defaults; no operational ML model."
operational_benchmarks_v1,0a97519bd78f561a,phase_indication_rare|phase=PHASE3|indication=545|rare=0,PHASE3,545,,0,phase_indication_rare,60,62.75,170.5,299.75,480.4,False,56,14.75,43.5,74.5,119.0,False,55,1.63,2.77,4.75,13.79,False,2026-06-02T17:43:11+00:00,"positive completed ACTUAL enrollment, positive completed registry-derived facility-count proxy, and completed ACTUAL enrollment per positive facility-count proxy; percentiles used without winsorization","Deterministic combined operational benchmark for planned enrollment, site-count proxy, and enrollment-coherent patients-per-site defaults; no operational ML model."
operational_benchmarks_v1,0a97519bd78f561a,phase_indication_rare|phase=PHASE3|indication=545|rare=1,PHASE3,545,,1,phase_indication_rare,16,126.75,199.0,313.5,393.5,True,15,26.0,38.0,66.5,71.6,True,15,2.99,4.76,5.7,7.51,True,2026-06-02T17:43:11+00:00,"positive completed ACTUAL enrollment, positive completed registry-derived facility-count proxy, and completed ACTUAL enrollment per positive facility-count proxy; percentiles used without winsorization","Deterministic combined operational benchmark for planned enrollment, site-count proxy, and enrollment-coherent patients-per-site defaults; no operational ML model."
operational_benchmarks_v1,0a97519bd78f561a,phase_indication_rare|phase=PHASE3|indication=546|rare=0,PHASE3,546,,0,phase_indication_rare,81,156.0,353.0,899.0,1404.0,False,78,19.0,54.0,161.25,197.4,False,78,5.33,6.4,8.05,31.5,False,2026-06-02T17:43:11+00:00,"positive completed ACTUAL enrollment, positive completed registry-derived facility-count proxy, and completed ACTUAL enrollment per positive facility-count proxy; percentiles used without winsorization","Deterministic combined operational benchmark for planned enrollment, site-count proxy, and enrollment-coherent patients-per-site defaults; no operational ML model."
operational_benchmarks_v1,0a97519bd78f561a,phase_indication_rare|phase=PHASE3|indication=546|rare=1,PHASE3,546,,1,phase_indication_rare,3,651.5,767.0,1043.5,1209.4,True,3,153.5,277.0,288.0,294.6,True,3,3.59,4.41,11.14,15.18,True,2026-06-02T17:43:11+00:00,"positive completed ACTUAL enrollment, positive completed registry-derived facility-count proxy, and completed ACTUAL enrollment per positive facility-count proxy; percentiles used without winsorization","Deterministic combined operational benchmark for planned enrollment, site-count proxy, and enrollment-coherent patients-per-site defaults; no operational ML model."
operational_benchmarks_v1,0a97519bd78f561a,phase_indication_rare|phase=PHASE3|indication=554|rare=0,PHASE3,554,,0,phase_indication_rare,5,130.0,245.0,352.0,448.0,True,5,15.0,16.0,29.0,39.2,True,5,7.65,8.12,8.45,23.86,True,2026-06-02T17:43:11+00:00,"positive completed ACTUAL enrollment, positive completed registry-derived facility-count proxy, and completed ACTUAL enrollment per positive facility-count proxy; percentiles used without winsorization","Deterministic combined operational benchmark for planned enrollment, site-count proxy, and enrollment-coherent patients-per-site defaults; no operational ML model."
operational_benchmarks_v1,0a97519bd78f561a,phase_indication_rare|phase=PHASE3|indication=554|rare=1,PHASE3,554,,1,phase_indication_rare,16,99.75,157.5,288.25,620.0,True,16,13.0,39.0,56.5,81.5,True,16,2.95,4.52,9.76,22.83,True,2026-06-02T17:43:11+00:00,"positive completed ACTUAL enrollment, positive completed registry-derived facility-count proxy, and completed ACTUAL enrollment per positive facility-count proxy; percentiles used without winsorization","Deterministic combined operational benchmark for planned enrollment, site-count proxy, and enrollment-coherent patients-per-site defaults; no operational ML model."
operational_benchmarks_v1,0a97519bd78f561a,phase_indication_rare|phase=PHASE3|indication=557|rare=0,PHASE3,557,,0,phase_indication_rare,152,132.75,237.0,352.0,613.9,False,146,4.0,21.0,40.0,76.5,False,145,5.34,9.86,51.19,221.2,False,2026-06-02T17:43:11+00:00,"positive completed ACTUAL enrollment, positive completed registry-derived facility-count proxy, and completed ACTUAL enrollment per positive facility-count proxy; percentiles used without winsorization","Deterministic combined operational benchmark for planned enrollment, site-count proxy, and enrollment-coherent patients-per-site defaults; no operational ML model."
operational_benchmarks_v1,0a97519bd78f561a,phase_indication_rare|phase=PHASE3|indication=557|rare=1,PHASE3,557,,1,phase_indication_rare,84,61.0,108.0,178.0,241.1,False,83,10.5,28.0,52.0,73.8,False,83,2.25,3.72,8.33,21.9,False,2026-06-02T17:43:11+00:00,"positive completed ACTUAL enrollment, positive completed registry-derived facility-count proxy, and completed ACTUAL enrollment per positive facility-count proxy; percentiles used without winsorization","Deterministic combined operational benchmark for planned enrollment, site-count proxy, and enrollment-coherent patients-per-site defaults; no operational ML model."
operational_benchmarks_v1,0a97519bd78f561a,phase_indication_rare|phase=PHASE3|indication=559|rare=0,PHASE3,559,,0,phase_indication_rare,123,212.5,388.0,587.5,692.0,False,116,16.0,45.5,85.25,120.5,False,116,5.53,8.1,13.05,96.5,False,2026-06-02T17:43:11+00:00,"positive completed ACTUAL enrollment, positive completed registry-derived facility-count proxy, and completed ACTUAL enrollment per positive facility-count proxy; percentiles used without winsorization","Deterministic combined operational benchmark for planned enrollment, site-count proxy, and enrollment-coherent patients-per-site defaults; no operational ML model."
operational_benchmarks_v1,0a97519bd78f561a,phase_indication_rare|phase=PHASE3|indication=560|rare=0,PHASE3,560,,0,phase_indication_rare,7,353.5,644.0,671.5,678.0,True,8,7.0,23.5,42.75,57.9,True,7,11.99,29.27,50.6,73.46,True,2026-06-02T17:43:11+00:00,"positive completed ACTUAL enrollment, positive completed registry-derived facility-count proxy, and completed ACTUAL enrollment per positive facility-count proxy; percentiles used without winsorization","Deterministic combined operational benchmark for planned enrollment, site-count proxy, and enrollment-coherent patients-per-site defaults; no operational ML model."
operational_benchmarks_v1,0a97519bd78f561a,phase_indication_rare|phase=PHASE3|indication=561|rare=0,PHASE3,561,,0,phase_indication_rare,28,179.25,350.0,732.0,867.0,True,26,9.5,18.0,28.0,36.0,True,26,13.34,19.5,44.09,82.5,True,2026-06-02T17:43:11+00:00,"positive completed ACTUAL enrollment, positive completed registry-derived facility-count proxy, and completed ACTUAL enrollment per positive facility-count proxy; percentiles used without winsorization","Deterministic combined operational benchmark for planned enrollment, site-count proxy, and enrollment-coherent patients-per-site defaults; no operational ML model."
operational_benchmarks_v1,0a97519bd78f561a,phase_indication_rare|phase=PHASE3|indication=567|rare=0,PHASE3,567,,0,phase_indication_rare,141,298.0,469.0,683.0,1105.0,False,131,30.0,49.0,72.5,112.0,False,131,5.8,8.98,14.49,27.41,False,2026-06-02T17:43:11+00:00,"positive completed ACTUAL enrollment, positive completed registry-derived facility-count proxy, and completed ACTUAL enrollment per positive facility-count proxy; percentiles used without winsorization","Deterministic combined operational benchmark for planned enrollment, site-count proxy, and enrollment-coherent patients-per-site defaults; no operational ML model."
operational_benchmarks_v1,0a97519bd78f561a,phase_indication_rare|phase=PHASE3|indication=570|rare=0,PHASE3,570,,0,phase_indication_rare,40,330.5,390.0,499.0,732.7,True,37,24.0,48.0,74.0,106.2,True,37,5.31,8.11,11.54,42.8,True,2026-06-02T17:43:11+00:00,"positive completed ACTUAL enrollment, positive completed registry-derived facility-count proxy, and completed ACTUAL enrollment per positive facility-count proxy; percentiles used without winsorization","Deterministic combined operational benchmark for planned enrollment, site-count proxy, and enrollment-coherent patients-per-site defaults; no operational ML model."
operational_benchmarks_v1,0a97519bd78f561a,phase_indication_rare|phase=PHASE3|indication=571|rare=0,PHASE3,571,,0,phase_indication_rare,19,90.0,224.0,435.5,608.8,True,18,1.0,15.5,28.5,41.8,True,18,11.57,18.0,52.75,259.8,True,2026-06-02T17:43:11+00:00,"positive completed ACTUAL enrollment, positive completed registry-derived facility-count proxy, and completed ACTUAL enrollment per positive facility-count proxy; percentiles used without winsorization","Deterministic combined operational benchmark for planned enrollment, site-count proxy, and enrollment-coherent patients-per-site defaults; no operational ML model."
operational_benchmarks_v1,0a97519bd78f561a,phase_indication_rare|phase=PHASE3|indication=572|rare=0,PHASE3,572,,0,phase_indication_rare,6,397.0,454.5,522.5,568.5,True,6,50.0,51.5,56.0,73.0,True,6,7.72,8.01,9.04,9.59,True,2026-06-02T17:43:11+00:00,"positive completed ACTUAL enrollment, positive completed registry-derived facility-count proxy, and completed ACTUAL enrollment per positive facility-count proxy; percentiles used without winsorization","Deterministic combined operational benchmark for planned enrollment, site-count proxy, and enrollment-coherent patients-per-site defaults; no operational ML model."
operational_benchmarks_v1,0a97519bd78f561a,phase_indication_rare|phase=PHASE3|indication=575|rare=0,PHASE3,575,,0,phase_indication_rare,12,94.25,134.5,166.0,180.7,True,12,5.0,18.0,28.75,35.5,True,12,4.27,9.13,17.5,101.74,True,2026-06-02T17:43:11+00:00,"positive completed ACTUAL enrollment, positive completed registry-derived facility-count proxy, and completed ACTUAL enrollment per positive facility-count proxy; percentiles used without winsorization","Deterministic combined operational benchmark for planned enrollment, site-count proxy, and enrollment-coherent patients-per-site defaults; no operational ML model."
operational_benchmarks_v1,0a97519bd78f561a,phase_indication_rare|phase=PHASE3|indication=578|rare=0,PHASE3,578,,0,phase_indication_rare,64,141.0,283.0,360.75,560.2,False,65,4.0,24.0,43.0,62.4,False,64,7.16,11.88,26.0,48.0,False,2026-06-02T17:43:11+00:00,"positive completed ACTUAL enrollment, positive completed registry-derived facility-count proxy, and completed ACTUAL enrollment per positive facility-count proxy; percentiles used without winsorization","Deterministic combined operational benchmark for planned enrollment, site-count proxy, and enrollment-coherent patients-per-site defaults; no operational ML model."
operational_benchmarks_v1,0a97519bd78f561a,phase_indication_rare|phase=PHASE3|indication=582|rare=1,PHASE3,582,,1,phase_indication_rare,2,129.0,143.0,157.0,165.4,True,2,19.75,22.5,25.25,26.9,True,2,5.6,7.08,8.57,9.46,True,2026-06-02T17:43:11+00:00,"positive completed ACTUAL enrollment, positive completed registry-derived facility-count proxy, and completed ACTUAL enrollment per positive facility-count proxy; percentiles used without winsorization","Deterministic combined operational benchmark for planned enrollment, site-count proxy, and enrollment-coherent patients-per-site defaults; no operational ML model."
operational_benchmarks_v1,0a97519bd78f561a,phase_indication_rare|phase=PHASE3|indication=585|rare=0,PHASE3,585,,0,phase_indication_rare,12,116.75,213.5,484.75,690.7,True,12,8.25,15.5,77.0,87.5,True,12,7.65,10.67,18.75,96.0,True,2026-06-02T17:43:11+00:00,"positive completed ACTUAL enrollment, positive completed registry-derived facility-count proxy, and completed ACTUAL enrollment per positive facility-count proxy; percentiles used without winsorization","Deterministic combined operational benchmark for planned enrollment, site-count proxy, and enrollment-coherent patients-per-site defaults; no operational ML model."
operational_benchmarks_v1,0a97519bd78f561a,phase_indication_rare|phase=PHASE3|indication=585|rare=1,PHASE3,585,,1,phase_indication_rare,1,125.0,125.0,125.0,125.0,True,1,24.0,24.0,24.0,24.0,True,1,5.21,5.21,5.21,5.21,True,2026-06-02T17:43:11+00:00,"positive completed ACTUAL enrollment, positive completed registry-derived facility-count proxy, and completed ACTUAL enrollment per positive facility-count proxy; percentiles used without winsorization","Deterministic combined operational benchmark for planned enrollment, site-count proxy, and enrollment-coherent patients-per-site defaults; no operational ML model."
operational_benchmarks_v1,0a97519bd78f561a,phase_indication_rare|phase=PHASE3|indication=587|rare=0,PHASE3,587,,0,phase_indication_rare,647,219.0,427.0,693.5,1165.2,False,605,14.0,50.0,105.0,172.6,False,601,5.57,8.75,16.45,185.0,False,2026-06-02T17:43:11+00:00,"positive completed ACTUAL enrollment, positive completed registry-derived facility-count proxy, and completed ACTUAL enrollment per positive facility-count proxy; percentiles used without winsorization","Deterministic combined operational benchmark for planned enrollment, site-count proxy, and enrollment-coherent patients-per-site defaults; no operational ML model."
operational_benchmarks_v1,0a97519bd78f561a,phase_indication_rare|phase=PHASE3|indication=587|rare=1,PHASE3,587,,1,phase_indication_rare,1,69.0,69.0,69.0,69.0,True,1,41.0,41.0,41.0,41.0,True,1,1.68,1.68,1.68,1.68,True,2026-06-02T17:43:11+00:00,"positive completed ACTUAL enrollment, positive completed registry-derived facility-count proxy, and completed ACTUAL enrollment per positive facility-count proxy; percentiles used without winsorization","Deterministic combined operational benchmark for planned enrollment, site-count proxy, and enrollment-coherent patients-per-site defaults; no operational ML model."
operational_benchmarks_v1,0a97519bd78f561a,phase_indication_rare|phase=PHASE3|indication=589|rare=0,PHASE3,589,,0,phase_indication_rare,181,153.0,249.0,435.0,891.0,False,176,7.75,31.0,62.25,151.0,False,174,4.86,8.35,23.01,135.5,False,2026-06-02T17:43:11+00:00,"positive completed ACTUAL enrollment, positive completed registry-derived facility-count proxy, and completed ACTUAL enrollment per positive facility-count proxy; percentiles used without winsorization","Deterministic combined operational benchmark for planned enrollment, site-count proxy, and enrollment-coherent patients-per-site defaults; no operational ML model."
operational_benchmarks_v1,0a97519bd78f561a,phase_indication_rare|phase=PHASE3|indication=589|rare=1,PHASE3,589,,1,phase_indication_rare,8,132.25,364.5,659.25,1169.1,True,8,74.5,151.0,195.25,227.2,True,8,1.86,3.55,7.26,13.6,True,2026-06-02T17:43:11+00:00,"positive completed ACTUAL enrollment, positive completed registry-derived facility-count proxy, and completed ACTUAL enrollment per positive facility-count proxy; percentiles used without winsorization","Deterministic combined operational benchmark for planned enrollment, site-count proxy, and enrollment-coherent patients-per-site defaults; no operational ML model."
operational_benchmarks_v1,0a97519bd78f561a,phase_indication_rare|phase=PHASE3|indication=594|rare=0,PHASE3,594,,0,phase_indication_rare,170,159.25,325.5,611.5,1106.2,False,161,5.0,22.0,48.0,86.0,False,159,7.68,14.21,37.44,296.2,False,2026-06-02T17:43:11+00:00,"positive completed ACTUAL enrollment, positive completed registry-derived facility-count proxy, and completed ACTUAL enrollment per positive facility-count proxy; percentiles used without winsorization","Deterministic combined operational benchmark for planned enrollment, site-count proxy, and enrollment-coherent patients-per-site defaults; no operational ML model."
operational_benchmarks_v1,0a97519bd78f561a,phase_indication_rare|phase=PHASE3|indication=594|rare=1,PHASE3,594,,1,phase_indication_rare,5,91.0,418.0,448.0,1261.0,True,5,20.0,34.0,118.0,173.2,True,5,4.55,8.59,12.29,12.72,True,2026-06-02T17:43:11+00:00,"positive completed ACTUAL enrollment, positive completed registry-derived facility-count proxy, and completed ACTUAL enrollment per positive facility-count proxy; percentiles used without winsorization","Deterministic combined operational benchmark for planned enrollment, site-count proxy, and enrollment-coherent patients-per-site defaults; no operational ML model."
operational_benchmarks_v1,0a97519bd78f561a,phase_indication_rare|phase=PHASE3|indication=603|rare=0,PHASE3,603,,0,phase_indication_rare,184,215.0,411.5,686.0,1326.0,False,167,6.0,27.0,64.0,102.8,False,167,7.79,17.43,38.58,191.8,False,2026-06-02T17:43:11+00:00,"positive completed ACTUAL enrollment, positive completed registry-derived facility-count proxy, and completed ACTUAL enrollment per positive facility-count proxy; percentiles used without winsorization","Deterministic combined operational benchmark for planned enrollment, site-count proxy, and enrollment-coherent patients-per-site defaults; no operational ML model."
operational_benchmarks_v1,0a97519bd78f561a,phase_indication_rare|phase=PHASE3|indication=603|rare=1,PHASE3,603,,1,phase_indication_rare,1,64.0,64.0,64.0,64.0,True,1,20.0,20.0,20.0,20.0,True,1,3.2,3.2,3.2,3.2,True,2026-06-02T17:43:11+00:00,"positive completed ACTUAL enrollment, positive completed registry-derived facility-count proxy, and completed ACTUAL enrollment per positive facility-count proxy; percentiles used without winsorization","Deterministic combined operational benchmark for planned enrollment, site-count proxy, and enrollment-coherent patients-per-site defaults; no operational ML model."
operational_benchmarks_v1,0a97519bd78f561a,phase_indication_rare|phase=PHASE3|indication=613|rare=0,PHASE3,613,,0,phase_indication_rare,2,72.25,128.5,184.75,218.5,True,2,21.25,33.5,45.75,53.1,True,2,2.37,2.97,3.56,3.92,True,2026-06-02T17:43:11+00:00,"positive completed ACTUAL enrollment, positive completed registry-derived facility-count proxy, and completed ACTUAL enrollment per positive facility-count proxy; percentiles used without winsorization","Deterministic combined operational benchmark for planned enrollment, site-count proxy, and enrollment-coherent patients-per-site defaults; no operational ML model."
operational_benchmarks_v1,0a97519bd78f561a,phase_indication_rare|phase=PHASE3|indication=613|rare=1,PHASE3,613,,1,phase_indication_rare,36,38.25,72.0,141.75,255.5,True,36,8.75,33.0,53.25,72.0,True,36,2.06,2.85,5.71,8.07,True,2026-06-02T17:43:11+00:00,"positive completed ACTUAL enrollment, positive completed registry-derived facility-count proxy, and completed ACTUAL enrollment per positive facility-count proxy; percentiles used without winsorization","Deterministic combined operational benchmark for planned enrollment, site-count proxy, and enrollment-coherent patients-per-site defaults; no operational ML model."
operational_benchmarks_v1,0a97519bd78f561a,phase_indication_rare|phase=PHASE3|indication=619|rare=0,PHASE3,619,,0,phase_indication_rare,225,149.0,284.0,503.0,799.6,False,214,5.0,27.5,60.0,134.4,False,213,4.68,9.97,29.0,282.2,False,2026-06-02T17:43:11+00:00,"positive completed ACTUAL enrollment, positive completed registry-derived facility-count proxy, and completed ACTUAL enrollment per positive facility-count proxy; percentiles used without winsorization","Deterministic combined operational benchmark for planned enrollment, site-count proxy, and enrollment-coherent patients-per-site defaults; no operational ML model."
operational_benchmarks_v1,0a97519bd78f561a,phase_indication_rare|phase=PHASE3|indication=619|rare=1,PHASE3,619,,1,phase_indication_rare,431,27.0,62.0,121.5,202.0,False,426,9.0,20.0,43.0,70.5,False,426,1.81,2.68,4.3,10.17,False,2026-06-02T17:43:11+00:00,"positive completed ACTUAL enrollment, positive completed registry-derived facility-count proxy, and completed ACTUAL enrollment per positive facility-count proxy; percentiles used without winsorization","Deterministic combined operational benchmark for planned enrollment, site-count proxy, and enrollment-coherent patients-per-site defaults; no operational ML model."
operational_benchmarks_v1,0a97519bd78f561a,phase_indication_rare|phase=PHASE3|indication=627|rare=0,PHASE3,627,,0,phase_indication_rare,192,139.75,387.5,625.0,953.8,False,186,8.25,44.5,126.5,185.0,False,185,4.34,6.04,11.57,258.8,False,2026-06-02T17:43:11+00:00,"positive completed ACTUAL enrollment, positive completed registry-derived facility-count proxy, and completed ACTUAL enrollment per positive facility-count proxy; percentiles used without winsorization","Deterministic combined operational benchmark for planned enrollment, site-count proxy, and enrollment-coherent patients-per-site defaults; no operational ML model."
operational_benchmarks_v1,0a97519bd78f561a,phase_indication_rare|phase=PHASE3|indication=628|rare=0,PHASE3,628,,0,phase_indication_rare,108,179.5,335.0,529.0,874.4,False,103,7.5,22.0,43.0,92.6,False,101,8.95,14.97,30.94,178.0,False,2026-06-02T17:43:11+00:00,"positive completed ACTUAL enrollment, positive completed registry-derived facility-count proxy, and completed ACTUAL enrollment per positive facility-count proxy; percentiles used without winsorization","Deterministic combined operational benchmark for planned enrollment, site-count proxy, and enrollment-coherent patients-per-site defaults; no operational ML model."
operational_benchmarks_v1,0a97519bd78f561a,phase_indication_rare|phase=PHASE3|indication=630|rare=0,PHASE3,630,,0,phase_indication_rare,61,192.0,387.0,638.0,905.0,False,56,1.0,18.0,57.0,80.5,False,56,8.76,21.89,127.0,287.0,False,2026-06-02T17:43:11+00:00,"positive completed ACTUAL enrollment, positive completed registry-derived facility-count proxy, and completed ACTUAL enrollment per positive facility-count proxy; percentiles used without winsorization","Deterministic combined operational benchmark for planned enrollment, site-count proxy, and enrollment-coherent patients-per-site defaults; no operational ML model."
operational_benchmarks_v1,0a97519bd78f561a,phase_indication_rare|phase=PHASE3|indication=631|rare=0,PHASE3,631,,0,phase_indication_rare,1,174.0,174.0,174.0,174.0,True,1,1.0,1.0,1.0,1.0,True,1,174.0,174.0,174.0,174.0,True,2026-06-02T17:43:11+00:00,"positive completed ACTUAL enrollment, positive completed registry-derived facility-count proxy, and completed ACTUAL enrollment per positive facility-count proxy; percentiles used without winsorization","Deterministic combined operational benchmark for planned enrollment, site-count proxy, and enrollment-coherent patients-per-site defaults; no operational ML model."
operational_benchmarks_v1,0a97519bd78f561a,phase_indication_rare|phase=PHASE3|indication=632|rare=0,PHASE3,632,,0,phase_indication_rare,32,211.25,330.0,607.75,1261.4,True,32,22.75,58.5,112.0,190.3,True,32,2.87,5.48,28.07,328.3,True,2026-06-02T17:43:11+00:00,"positive completed ACTUAL enrollment, positive completed registry-derived facility-count proxy, and completed ACTUAL enrollment per positive facility-count proxy; percentiles used without winsorization","Deterministic combined operational benchmark for planned enrollment, site-count proxy, and enrollment-coherent patients-per-site defaults; no operational ML model."
operational_benchmarks_v1,0a97519bd78f561a,phase_indication_rare|phase=PHASE3|indication=639|rare=0,PHASE3,639,,0,phase_indication_rare,260,190.25,306.0,479.0,705.1,False,246,5.0,23.5,52.75,100.5,False,245,5.45,12.44,58.0,200.2,False,2026-06-02T17:43:11+00:00,"positive completed ACTUAL enrollment, positive completed registry-derived facility-count proxy, and completed ACTUAL enrollment per positive facility-count proxy; percentiles used without winsorization","Deterministic combined operational benchmark for planned enrollment, site-count proxy, and enrollment-coherent patients-per-site defaults; no operational ML model."
operational_benchmarks_v1,0a97519bd78f561a,phase_indication_rare|phase=PHASE3|indication=639|rare=1,PHASE3,639,,1,phase_indication_rare,40,59.5,113.5,188.0,228.2,True,40,15.5,39.0,55.5,76.3,True,39,2.64,3.22,4.37,5.84,True,2026-06-02T17:43:11+00:00,"positive completed ACTUAL enrollment, positive completed registry-derived facility-count proxy, and completed ACTUAL enrollment per positive facility-count proxy; percentiles used without winsorization","Deterministic combined operational benchmark for planned enrollment, site-count proxy, and enrollment-coherent patients-per-site defaults; no operational ML model."
operational_benchmarks_v1,0a97519bd78f561a,phase_indication_rare|phase=PHASE3|indication=641|rare=0,PHASE3,641,,0,phase_indication_rare,1,189.0,189.0,189.0,189.0,True,1,29.0,29.0,29.0,29.0,True,1,6.52,6.52,6.52,6.52,True,2026-06-02T17:43:11+00:00,"positive completed ACTUAL enrollment, positive completed registry-derived facility-count proxy, and completed ACTUAL enrollment per positive facility-count proxy; percentiles used without winsorization","Deterministic combined operational benchmark for planned enrollment, site-count proxy, and enrollment-coherent patients-per-site defaults; no operational ML model."
operational_benchmarks_v1,0a97519bd78f561a,phase_indication_rare|phase=PHASE3|indication=641|rare=1,PHASE3,641,,1,phase_indication_rare,15,44.0,61.0,131.5,196.6,True,15,13.5,27.0,30.5,36.8,True,15,2.81,4.0,4.44,6.79,True,2026-06-02T17:43:11+00:00,"positive completed ACTUAL enrollment, positive completed registry-derived facility-count proxy, and completed ACTUAL enrollment per positive facility-count proxy; percentiles used without winsorization","Deterministic combined operational benchmark for planned enrollment, site-count proxy, and enrollment-coherent patients-per-site defaults; no operational ML model."
operational_benchmarks_v1,0a97519bd78f561a,phase_indication_rare|phase=PHASE3|indication=654|rare=0,PHASE3,654,,0,phase_indication_rare,127,237.5,375.0,637.0,789.8,False,123,11.0,53.0,93.0,163.8,False,123,4.42,6.9,24.86,266.2,False,2026-06-02T17:43:11+00:00,"positive completed ACTUAL enrollment, positive completed registry-derived facility-count proxy, and completed ACTUAL enrollment per positive facility-count proxy; percentiles used without winsorization","Deterministic combined operational benchmark for planned enrollment, site-count proxy, and enrollment-coherent patients-per-site defaults; no operational ML model."
operational_benchmarks_v1,0a97519bd78f561a,phase_indication_rare|phase=PHASE3|indication=655|rare=0,PHASE3,655,,0,phase_indication_rare,216,189.5,373.5,568.25,906.5,False,200,10.75,30.5,68.25,105.6,False,200,5.78,9.63,20.67,250.3,False,2026-06-02T17:43:11+00:00,"positive completed ACTUAL enrollment, positive completed registry-derived facility-count proxy, and completed ACTUAL enrollment per positive facility-count proxy; percentiles used without winsorization","Deterministic combined operational benchmark for planned enrollment, site-count proxy, and enrollment-coherent patients-per-site defaults; no operational ML model."
operational_benchmarks_v1,0a97519bd78f561a,phase_indication_rare|phase=PHASE3|indication=655|rare=1,PHASE3,655,,1,phase_indication_rare,4,11.75,25.5,40.5,43.2,True,4,9.75,11.0,25.25,49.1,True,4,1.07,1.21,1.73,2.64,True,2026-06-02T17:43:11+00:00,"positive completed ACTUAL enrollment, positive completed registry-derived facility-count proxy, and completed ACTUAL enrollment per positive facility-count proxy; percentiles used without winsorization","Deterministic combined operational benchmark for planned enrollment, site-count proxy, and enrollment-coherent patients-per-site defaults; no operational ML model."
operational_benchmarks_v1,0a97519bd78f561a,phase_indication_rare|phase=PHASE3|indication=658|rare=0,PHASE3,658,,0,phase_indication_rare,11,252.0,291.0,352.0,410.0,True,11,5.0,7.0,7.5,13.0,True,11,32.6,46.67,52.7,58.2,True,2026-06-02T17:43:11+00:00,"positive completed ACTUAL enrollment, positive completed registry-derived facility-count proxy, and completed ACTUAL enrollment per positive facility-count proxy; percentiles used without winsorization","Deterministic combined operational benchmark for planned enrollment, site-count proxy, and enrollment-coherent patients-per-site defaults; no operational ML model."
operational_benchmarks_v1,0a97519bd78f561a,phase_indication_rare|phase=PHASE3|indication=659|rare=0,PHASE3,659,,0,phase_indication_rare,32,313.25,439.0,684.75,859.5,True,31,5.5,11.0,23.5,32.0,True,31,17.66,30.36,61.4,218.0,True,2026-06-02T17:43:11+00:00,"positive completed ACTUAL enrollment, positive completed registry-derived facility-count proxy, and completed ACTUAL enrollment per positive facility-count proxy; percentiles used without winsorization","Deterministic combined operational benchmark for planned enrollment, site-count proxy, and enrollment-coherent patients-per-site defaults; no operational ML model."
operational_benchmarks_v1,0a97519bd78f561a,phase_indication_rare|phase=PHASE3|indication=660|rare=0,PHASE3,660,,0,phase_indication_rare,15,341.0,484.0,869.0,1574.8,True,15,6.5,24.0,35.0,41.6,True,15,14.64,20.92,50.96,1248.67,True,2026-06-02T17:43:11+00:00,"positive completed ACTUAL enrollment, positive completed registry-derived facility-count proxy, and completed ACTUAL enrollment per positive facility-count proxy; percentiles used without winsorization","Deterministic combined operational benchmark for planned enrollment, site-count proxy, and enrollment-coherent patients-per-site defaults; no operational ML model."
operational_benchmarks_v1,0a97519bd78f561a,phase_indication_rare|phase=PHASE3|indication=661|rare=0,PHASE3,661,,0,phase_indication_rare,80,476.5,744.0,976.25,1309.3,False,74,9.25,24.0,44.0,56.7,False,74,14.36,23.69,71.4,549.1,False,2026-06-02T17:43:11+00:00,"positive completed ACTUAL enrollment, positive completed registry-derived facility-count proxy, and completed ACTUAL enrollment per positive facility-count proxy; percentiles used without winsorization","Deterministic combined operational benchmark for planned enrollment, site-count proxy, and enrollment-coherent patients-per-site defaults; no operational ML model."
operational_benchmarks_v1,0a97519bd78f561a,phase_indication_rare|phase=PHASE3|indication=662|rare=0,PHASE3,662,,0,phase_indication_rare,14,325.5,416.0,583.75,745.2,True,14,1.25,22.0,44.25,69.3,True,14,10.08,25.3,194.12,301.5,True,2026-06-02T17:43:11+00:00,"positive completed ACTUAL enrollment, positive completed registry-derived facility-count proxy, and completed ACTUAL enrollment per positive facility-count proxy; percentiles used without winsorization","Deterministic combined operational benchmark for planned enrollment, site-count proxy, and enrollment-coherent patients-per-site defaults; no operational ML model."
operational_benchmarks_v1,0a97519bd78f561a,phase_indication_rare|phase=PHASE3|indication=662|rare=1,PHASE3,662,,1,phase_indication_rare,1,1057.0,1057.0,1057.0,1057.0,True,1,144.0,144.0,144.0,144.0,True,1,7.34,7.34,7.34,7.34,True,2026-06-02T17:43:11+00:00,"positive completed ACTUAL enrollment, positive completed registry-derived facility-count proxy, and completed ACTUAL enrollment per positive facility-count proxy; percentiles used without winsorization","Deterministic combined operational benchmark for planned enrollment, site-count proxy, and enrollment-coherent patients-per-site defaults; no operational ML model."
operational_benchmarks_v1,0a97519bd78f561a,phase_indication_rare|phase=PHASE3|indication=663|rare=0,PHASE3,663,,0,phase_indication_rare,14,192.75,267.0,293.25,444.5,True,14,17.25,43.5,57.0,73.1,True,14,3.96,6.22,9.86,185.7,True,2026-06-02T17:43:11+00:00,"positive completed ACTUAL enrollment, positive completed registry-derived facility-count proxy, and completed ACTUAL enrollment per positive facility-count proxy; percentiles used without winsorization","Deterministic combined operational benchmark for planned enrollment, site-count proxy, and enrollment-coherent patients-per-site defaults; no operational ML model."
operational_benchmarks_v1,0a97519bd78f561a,phase_indication_rare|phase=PHASE3|indication=663|rare=1,PHASE3,663,,1,phase_indication_rare,1,286.0,286.0,286.0,286.0,True,1,100.0,100.0,100.0,100.0,True,1,2.86,2.86,2.86,2.86,True,2026-06-02T17:43:11+00:00,"positive completed ACTUAL enrollment, positive completed registry-derived facility-count proxy, and completed ACTUAL enrollment per positive facility-count proxy; percentiles used without winsorization","Deterministic combined operational benchmark for planned enrollment, site-count proxy, and enrollment-coherent patients-per-site defaults; no operational ML model."
operational_benchmarks_v1,0a97519bd78f561a,phase_indication_rare|phase=PHASE3|indication=664|rare=0,PHASE3,664,,0,phase_indication_rare,18,223.25,321.0,445.75,765.4,True,17,13.0,35.0,73.0,137.6,True,17,4.6,5.59,8.97,79.3,True,2026-06-02T17:43:11+00:00,"positive completed ACTUAL enrollment, positive completed registry-derived facility-count proxy, and completed ACTUAL enrollment per positive facility-count proxy; percentiles used without winsorization","Deterministic combined operational benchmark for planned enrollment, site-count proxy, and enrollment-coherent patients-per-site defaults; no operational ML model."
operational_benchmarks_v1,0a97519bd78f561a,phase_indication_rare|phase=PHASE3|indication=665|rare=0,PHASE3,665,,0,phase_indication_rare,4,142.75,195.5,248.25,270.3,True,4,19.75,29.0,38.5,41.2,True,4,5.87,7.16,8.59,10.18,True,2026-06-02T17:43:11+00:00,"positive completed ACTUAL enrollment, positive completed registry-derived facility-count proxy, and completed ACTUAL enrollment per positive facility-count proxy; percentiles used without winsorization","Deterministic combined operational benchmark for planned enrollment, site-count proxy, and enrollment-coherent patients-per-site defaults; no operational ML model."
operational_benchmarks_v1,0a97519bd78f561a,phase_indication_rare|phase=PHASE3|indication=668|rare=0,PHASE3,668,,0,phase_indication_rare,171,149.5,307.0,463.5,638.0,False,165,1.0,10.0,29.0,49.2,False,163,12.64,26.31,118.5,328.8,False,2026-06-02T17:43:11+00:00,"positive completed ACTUAL enrollment, positive completed registry-derived facility-count proxy, and completed ACTUAL enrollment per positive facility-count proxy; percentiles used without winsorization","Deterministic combined operational benchmark for planned enrollment, site-count proxy, and enrollment-coherent patients-per-site defaults; no operational ML model."
operational_benchmarks_v1,0a97519bd78f561a,phase_indication_rare|phase=PHASE3|indication=668|rare=1,PHASE3,668,,1,phase_indication_rare,10,32.25,91.0,204.75,551.3,True,12,2.75,13.0,77.0,107.6,True,10,2.58,5.27,7.34,9.13,True,2026-06-02T17:43:11+00:00,"positive completed ACTUAL enrollment, positive completed registry-derived facility-count proxy, and completed ACTUAL enrollment per positive facility-count proxy; percentiles used without winsorization","Deterministic combined operational benchmark for planned enrollment, site-count proxy, and enrollment-coherent patients-per-site defaults; no operational ML model."
operational_benchmarks_v1,0a97519bd78f561a,phase_indication_rare|phase=PHASE3|indication=674|rare=0,PHASE3,674,,0,phase_indication_rare,2,187.75,210.5,233.25,246.9,True,2,1.5,2.0,2.5,2.8,True,2,105.25,155.5,205.75,235.9,True,2026-06-02T17:43:11+00:00,"positive completed ACTUAL enrollment, positive completed registry-derived facility-count proxy, and completed ACTUAL enrollment per positive facility-count proxy; percentiles used without winsorization","Deterministic combined operational benchmark for planned enrollment, site-count proxy, and enrollment-coherent patients-per-site defaults; no operational ML model."
operational_benchmarks_v1,0a97519bd78f561a,phase_indication_rare|phase=PHASE3|indication=679|rare=0,PHASE3,679,,0,phase_indication_rare,218,124.5,259.0,428.5,644.6,False,201,1.0,5.0,22.0,45.0,False,201,14.67,38.67,206.0,394.0,False,2026-06-02T17:43:11+00:00,"positive completed ACTUAL enrollment, positive completed registry-derived facility-count proxy, and completed ACTUAL enrollment per positive facility-count proxy; percentiles used without winsorization","Deterministic combined operational benchmark for planned enrollment, site-count proxy, and enrollment-coherent patients-per-site defaults; no operational ML model."
operational_benchmarks_v1,0a97519bd78f561a,phase_indication_rare|phase=PHASE3|indication=679|rare=1,PHASE3,679,,1,phase_indication_rare,12,97.5,165.5,210.75,235.8,True,12,11.5,30.0,45.25,55.9,True,12,3.02,4.13,10.31,23.36,True,2026-06-02T17:43:11+00:00,"positive completed ACTUAL enrollment, positive completed registry-derived facility-count proxy, and completed ACTUAL enrollment per positive facility-count proxy; percentiles used without winsorization","Deterministic combined operational benchmark for planned enrollment, site-count proxy, and enrollment-coherent patients-per-site defaults; no operational ML model."
operational_benchmarks_v1,0a97519bd78f561a,phase_indication_rare|phase=PHASE3|indication=680|rare=0,PHASE3,680,,0,phase_indication_rare,105,80.0,119.0,294.0,512.4,False,105,1.0,1.0,2.0,6.0,False,103,43.5,86.0,154.94,415.2,False,2026-06-02T17:43:11+00:00,"positive completed ACTUAL enrollment, positive completed registry-derived facility-count proxy, and completed ACTUAL enrollment per positive facility-count proxy; percentiles used without winsorization","Deterministic combined operational benchmark for planned enrollment, site-count proxy, and enrollment-coherent patients-per-site defaults; no operational ML model."
operational_benchmarks_v1,0a97519bd78f561a,phase_indication_rare|phase=PHASE3|indication=689|rare=0,PHASE3,689,,0,phase_indication_rare,1,220.0,220.0,220.0,220.0,True,1,1.0,1.0,1.0,1.0,True,1,220.0,220.0,220.0,220.0,True,2026-06-02T17:43:11+00:00,"positive completed ACTUAL enrollment, positive completed registry-derived facility-count proxy, and completed ACTUAL enrollment per positive facility-count proxy; percentiles used without winsorization","Deterministic combined operational benchmark for planned enrollment, site-count proxy, and enrollment-coherent patients-per-site defaults; no operational ML model."
operational_benchmarks_v1,0a97519bd78f561a,phase_indication_rare|phase=PHASE3|indication=697|rare=0,PHASE3,697,,0,phase_indication_rare,2,151.5,181.0,210.5,228.2,True,2,35.75,54.5,73.25,84.5,True,2,4.52,7.72,10.92,12.84,True,2026-06-02T17:43:11+00:00,"positive completed ACTUAL enrollment, positive completed registry-derived facility-count proxy, and completed ACTUAL enrollment per positive facility-count proxy; percentiles used without winsorization","Deterministic combined operational benchmark for planned enrollment, site-count proxy, and enrollment-coherent patients-per-site defaults; no operational ML model."
operational_benchmarks_v1,0a97519bd78f561a,phase_indication_rare|phase=PHASE3|indication=699|rare=0,PHASE3,699,,0,phase_indication_rare,5,52.0,61.0,145.0,163.0,True,5,9.0,10.0,29.0,33.2,True,5,4.03,5.2,6.03,6.48,True,2026-06-02T17:43:11+00:00,"positive completed ACTUAL enrollment, positive completed registry-derived facility-count proxy, and completed ACTUAL enrollment per positive facility-count proxy; percentiles used without winsorization","Deterministic combined operational benchmark for planned enrollment, site-count proxy, and enrollment-coherent patients-per-site defaults; no operational ML model."
operational_benchmarks_v1,0a97519bd78f561a,phase_indication_rare|phase=PHASE3|indication=708|rare=0,PHASE3,708,,0,phase_indication_rare,28,130.25,203.0,375.75,544.4,True,27,1.5,10.0,25.5,41.2,True,27,7.05,13.08,66.1,311.2,True,2026-06-02T17:43:11+00:00,"positive completed ACTUAL enrollment, positive completed registry-derived facility-count proxy, and completed ACTUAL enrollment per positive facility-count proxy; percentiles used without winsorization","Deterministic combined operational benchmark for planned enrollment, site-count proxy, and enrollment-coherent patients-per-site defaults; no operational ML model."
operational_benchmarks_v1,0a97519bd78f561a,phase_indication_rare|phase=PHASE3|indication=709|rare=0,PHASE3,709,,0,phase_indication_rare,1,60.0,60.0,60.0,60.0,True,1,16.0,16.0,16.0,16.0,True,1,3.75,3.75,3.75,3.75,True,2026-06-02T17:43:11+00:00,"positive completed ACTUAL enrollment, positive completed registry-derived facility-count proxy, and completed ACTUAL enrollment per positive facility-count proxy; percentiles used without winsorization","Deterministic combined operational benchmark for planned enrollment, site-count proxy, and enrollment-coherent patients-per-site defaults; no operational ML model."
operational_benchmarks_v1,0a97519bd78f561a,phase_indication_rare|phase=PHASE3|indication=716|rare=0,PHASE3,716,,0,phase_indication_rare,9,151.0,192.0,300.0,487.0,True,9,10.0,11.0,14.0,44.8,True,9,7.66,17.45,21.5,27.71,True,2026-06-02T17:43:11+00:00,"positive completed ACTUAL enrollment, positive completed registry-derived facility-count proxy, and completed ACTUAL enrollment per positive facility-count proxy; percentiles used without winsorization","Deterministic combined operational benchmark for planned enrollment, site-count proxy, and enrollment-coherent patients-per-site defaults; no operational ML model."
operational_benchmarks_v1,0a97519bd78f561a,phase_indication_rare|phase=PHASE3|indication=842|rare=0,PHASE3,842,,0,phase_indication_rare,1,17.0,17.0,17.0,17.0,True,1,4.0,4.0,4.0,4.0,True,1,4.25,4.25,4.25,4.25,True,2026-06-02T17:43:11+00:00,"positive completed ACTUAL enrollment, positive completed registry-derived facility-count proxy, and completed ACTUAL enrollment per positive facility-count proxy; percentiles used without winsorization","Deterministic combined operational benchmark for planned enrollment, site-count proxy, and enrollment-coherent patients-per-site defaults; no operational ML model."
operational_benchmarks_v1,0a97519bd78f561a,phase_indication_rare|phase=PHASE3|indication=843|rare=0,PHASE3,843,,0,phase_indication_rare,5,525.0,974.0,1197.0,2897.4,True,4,5.25,6.0,6.25,6.7,True,4,79.33,113.32,440.27,982.31,True,2026-06-02T17:43:11+00:00,"positive completed ACTUAL enrollment, positive completed registry-derived facility-count proxy, and completed ACTUAL enrollment per positive facility-count proxy; percentiles used without winsorization","Deterministic combined operational benchmark for planned enrollment, site-count proxy, and enrollment-coherent patients-per-site defaults; no operational ML model."
operational_benchmarks_v1,0a97519bd78f561a,phase_indication_rare|phase=PHASE3|indication=843|rare=1,PHASE3,843,,1,phase_indication_rare,1,1023.0,1023.0,1023.0,1023.0,True,1,1.0,1.0,1.0,1.0,True,1,1023.0,1023.0,1023.0,1023.0,True,2026-06-02T17:43:11+00:00,"positive completed ACTUAL enrollment, positive completed registry-derived facility-count proxy, and completed ACTUAL enrollment per positive facility-count proxy; percentiles used without winsorization","Deterministic combined operational benchmark for planned enrollment, site-count proxy, and enrollment-coherent patients-per-site defaults; no operational ML model."
operational_benchmarks_v1,0a97519bd78f561a,phase_indication_rare|phase=PHASE3|indication=958|rare=0,PHASE3,958,,0,phase_indication_rare,2,917.75,1635.5,2353.25,2783.9,True,2,1.5,2.0,2.5,2.8,True,2,817.75,1568.83,2319.92,2770.57,True,2026-06-02T17:43:11+00:00,"positive completed ACTUAL enrollment, positive completed registry-derived facility-count proxy, and completed ACTUAL enrollment per positive facility-count proxy; percentiles used without winsorization","Deterministic combined operational benchmark for planned enrollment, site-count proxy, and enrollment-coherent patients-per-site defaults; no operational ML model."
operational_benchmarks_v1,0a97519bd78f561a,phase_indication_rare|phase=PHASE3|indication=972|rare=0,PHASE3,972,,0,phase_indication_rare,93,235.0,518.0,955.0,1625.2,False,88,31.0,50.0,95.0,131.7,False,88,6.39,9.48,15.71,29.78,False,2026-06-02T17:43:11+00:00,"positive completed ACTUAL enrollment, positive completed registry-derived facility-count proxy, and completed ACTUAL enrollment per positive facility-count proxy; percentiles used without winsorization","Deterministic combined operational benchmark for planned enrollment, site-count proxy, and enrollment-coherent patients-per-site defaults; no operational ML model."
operational_benchmarks_v1,0a97519bd78f561a,phase_indication_rare|phase=PHASE3|indication=980|rare=0,PHASE3,980,,0,phase_indication_rare,40,320.25,585.5,683.75,806.8,True,38,1.0,40.0,61.0,91.0,True,38,8.5,14.25,166.0,645.1,True,2026-06-02T17:43:11+00:00,"positive completed ACTUAL enrollment, positive completed registry-derived facility-count proxy, and completed ACTUAL enrollment per positive facility-count proxy; percentiles used without winsorization","Deterministic combined operational benchmark for planned enrollment, site-count proxy, and enrollment-coherent patients-per-site defaults; no operational ML model."
operational_benchmarks_v1,0a97519bd78f561a,phase_indication_rare|phase=PHASE3|indication=981|rare=0,PHASE3,981,,0,phase_indication_rare,243,191.0,360.0,563.0,756.0,False,224,1.0,17.5,61.75,118.0,False,222,5.61,12.22,143.5,405.8,False,2026-06-02T17:43:11+00:00,"positive completed ACTUAL enrollment, positive completed registry-derived facility-count proxy, and completed ACTUAL enrollment per positive facility-count proxy; percentiles used without winsorization","Deterministic combined operational benchmark for planned enrollment, site-count proxy, and enrollment-coherent patients-per-site defaults; no operational ML model."
operational_benchmarks_v1,0a97519bd78f561a,phase_indication_rare|phase=PHASE3|indication=981|rare=1,PHASE3,981,,1,phase_indication_rare,8,93.5,116.0,183.5,204.8,True,8,7.75,23.5,34.75,58.3,True,8,3.43,5.38,7.23,14.82,True,2026-06-02T17:43:11+00:00,"positive completed ACTUAL enrollment, positive completed registry-derived facility-count proxy, and completed ACTUAL enrollment per positive facility-count proxy; percentiles used without winsorization","Deterministic combined operational benchmark for planned enrollment, site-count proxy, and enrollment-coherent patients-per-site defaults; no operational ML model."
operational_benchmarks_v1,0a97519bd78f561a,phase_indication_rare|phase=PHASE3|indication=992|rare=0,PHASE3,992,,0,phase_indication_rare,103,202.0,332.0,483.0,692.4,False,99,1.0,11.0,49.5,81.0,False,97,7.17,22.19,239.0,362.6,False,2026-06-02T17:43:11+00:00,"positive completed ACTUAL enrollment, positive completed registry-derived facility-count proxy, and completed ACTUAL enrollment per positive facility-count proxy; percentiles used without winsorization","Deterministic combined operational benchmark for planned enrollment, site-count proxy, and enrollment-coherent patients-per-site defaults; no operational ML model."
operational_benchmarks_v1,0a97519bd78f561a,phase_indication_rare|phase=PHASE3|indication=992|rare=1,PHASE3,992,,1,phase_indication_rare,4,155.0,181.5,233.25,285.9,True,4,28.75,47.0,65.75,83.3,True,4,3.17,3.78,54.14,144.06,True,2026-06-02T17:43:11+00:00,"positive completed ACTUAL enrollment, positive completed registry-derived facility-count proxy, and completed ACTUAL enrollment per positive facility-count proxy; percentiles used without winsorization","Deterministic combined operational benchmark for planned enrollment, site-count proxy, and enrollment-coherent patients-per-site defaults; no operational ML model."
operational_benchmarks_v1,0a97519bd78f561a,phase_indication_rare|phase=PHASE3|indication=1004|rare=0,PHASE3,1004,,0,phase_indication_rare,29,41.0,165.0,310.0,626.0,True,28,11.75,57.5,96.0,153.6,True,28,2.55,3.25,4.47,7.8,True,2026-06-02T17:43:11+00:00,"positive completed ACTUAL enrollment, positive completed registry-derived facility-count proxy, and completed ACTUAL enrollment per positive facility-count proxy; percentiles used without winsorization","Deterministic combined operational benchmark for planned enrollment, site-count proxy, and enrollment-coherent patients-per-site defaults; no operational ML model."
operational_benchmarks_v1,0a97519bd78f561a,phase_indication_rare|phase=PHASE3|indication=1004|rare=1,PHASE3,1004,,1,phase_indication_rare,13,58.0,151.0,237.0,398.0,True,12,31.5,39.5,91.75,164.2,True,12,1.83,2.73,3.49,4.41,True,2026-06-02T17:43:11+00:00,"positive completed ACTUAL enrollment, positive completed registry-derived facility-count proxy, and completed ACTUAL enrollment per positive facility-count proxy; percentiles used without winsorization","Deterministic combined operational benchmark for planned enrollment, site-count proxy, and enrollment-coherent patients-per-site defaults; no operational ML model."
operational_benchmarks_v1,0a97519bd78f561a,phase_indication_rare|phase=PHASE3|indication=1008|rare=0,PHASE3,1008,,0,phase_indication_rare,6,76.0,147.0,233.75,342.5,True,4,16.75,24.5,30.25,30.7,True,4,3.56,4.27,4.78,4.85,True,2026-06-02T17:43:11+00:00,"positive completed ACTUAL enrollment, positive completed registry-derived facility-count proxy, and completed ACTUAL enrollment per positive facility-count proxy; percentiles used without winsorization","Deterministic combined operational benchmark for planned enrollment, site-count proxy, and enrollment-coherent patients-per-site defaults; no operational ML model."
operational_benchmarks_v1,0a97519bd78f561a,phase_indication_rare|phase=PHASE3|indication=1008|rare=1,PHASE3,1008,,1,phase_indication_rare,1,169.0,169.0,169.0,169.0,True,1,18.0,18.0,18.0,18.0,True,1,9.39,9.39,9.39,9.39,True,2026-06-02T17:43:11+00:00,"positive completed ACTUAL enrollment, positive completed registry-derived facility-count proxy, and completed ACTUAL enrollment per positive facility-count proxy; percentiles used without winsorization","Deterministic combined operational benchmark for planned enrollment, site-count proxy, and enrollment-coherent patients-per-site defaults; no operational ML model."
operational_benchmarks_v1,0a97519bd78f561a,phase_indication_rare|phase=PHASE3|indication=1011|rare=0,PHASE3,1011,,0,phase_indication_rare,4,339.25,449.5,466.25,491.9,True,4,86.0,116.5,129.5,148.4,True,4,3.54,4.13,5.35,6.94,True,2026-06-02T17:43:11+00:00,"positive completed ACTUAL enrollment, positive completed registry-derived facility-count proxy, and completed ACTUAL enrollment per positive facility-count proxy; percentiles used without winsorization","Deterministic combined operational benchmark for planned enrollment, site-count proxy, and enrollment-coherent patients-per-site defaults; no operational ML model."
operational_benchmarks_v1,0a97519bd78f561a,phase_indication_rare|phase=PHASE3|indication=1011|rare=1,PHASE3,1011,,1,phase_indication_rare,4,135.5,285.5,469.5,535.2,True,4,51.75,65.0,77.5,83.8,True,4,3.08,4.57,6.03,6.36,True,2026-06-02T17:43:11+00:00,"positive completed ACTUAL enrollment, positive completed registry-derived facility-count proxy, and completed ACTUAL enrollment per positive facility-count proxy; percentiles used without winsorization","Deterministic combined operational benchmark for planned enrollment, site-count proxy, and enrollment-coherent patients-per-site defaults; no operational ML model."
operational_benchmarks_v1,0a97519bd78f561a,phase_indication_rare|phase=PHASE3|indication=1048|rare=0,PHASE3,1048,,0,phase_indication_rare,132,296.0,892.5,2209.25,10333.1,False,130,2.0,14.5,44.0,100.3,False,130,19.71,60.17,298.91,1071.0,False,2026-06-02T17:43:11+00:00,"positive completed ACTUAL enrollment, positive completed registry-derived facility-count proxy, and completed ACTUAL enrollment per positive facility-count proxy; percentiles used without winsorization","Deterministic combined operational benchmark for planned enrollment, site-count proxy, and enrollment-coherent patients-per-site defaults; no operational ML model."
operational_benchmarks_v1,0a97519bd78f561a,phase_indication_rare|phase=PHASE3|indication=1048|rare=1,PHASE3,1048,,1,phase_indication_rare,1,206.0,206.0,206.0,206.0,True,1,50.0,50.0,50.0,50.0,True,1,4.12,4.12,4.12,4.12,True,2026-06-02T17:43:11+00:00,"positive completed ACTUAL enrollment, positive completed registry-derived facility-count proxy, and completed ACTUAL enrollment per positive facility-count proxy; percentiles used without winsorization","Deterministic combined operational benchmark for planned enrollment, site-count proxy, and enrollment-coherent patients-per-site defaults; no operational ML model."
operational_benchmarks_v1,0a97519bd78f561a,phase_indication_rare|phase=PHASE3|indication=1161|rare=0,PHASE3,1161,,0,phase_indication_rare,120,210.75,386.0,570.25,850.5,False,116,3.0,19.0,76.75,134.5,False,116,6.8,18.14,72.0,287.0,False,2026-06-02T17:43:11+00:00,"positive completed ACTUAL enrollment, positive completed registry-derived facility-count proxy, and completed ACTUAL enrollment per positive facility-count proxy; percentiles used without winsorization","Deterministic combined operational benchmark for planned enrollment, site-count proxy, and enrollment-coherent patients-per-site defaults; no operational ML model."
operational_benchmarks_v1,0a97519bd78f561a,phase_indication_rare|phase=PHASE3|indication=1161|rare=1,PHASE3,1161,,1,phase_indication_rare,31,16.5,59.0,110.5,181.0,True,31,7.0,23.0,43.0,63.0,True,31,1.87,2.21,2.91,3.53,True,2026-06-02T17:43:11+00:00,"positive completed ACTUAL enrollment, positive completed registry-derived facility-count proxy, and completed ACTUAL enrollment per positive facility-count proxy; percentiles used without winsorization","Deterministic combined operational benchmark for planned enrollment, site-count proxy, and enrollment-coherent patients-per-site defaults; no operational ML model."
operational_benchmarks_v1,0a97519bd78f561a,phase_only|phase=PHASE1/PHASE2,PHASE1/PHASE2,,,,phase_only,1907,24.0,48.0,108.0,225.0,False,1891,1.0,5.0,14.0,27.0,False,1866,4.17,9.0,24.96,60.0,False,2026-06-02T17:43:11+00:00,"positive completed ACTUAL enrollment, positive completed registry-derived facility-count proxy, and completed ACTUAL enrollment per positive facility-count proxy; percentiles used without winsorization","Deterministic combined operational benchmark for planned enrollment, site-count proxy, and enrollment-coherent patients-per-site defaults; no operational ML model."
operational_benchmarks_v1,0a97519bd78f561a,phase_only|phase=PHASE2,PHASE2,,,,phase_only,8987,41.0,92.0,190.0,332.0,False,8814,2.0,11.0,29.0,57.0,False,8715,3.62,7.18,22.0,78.0,False,2026-06-02T17:43:11+00:00,"positive completed ACTUAL enrollment, positive completed registry-derived facility-count proxy, and completed ACTUAL enrollment per positive facility-count proxy; percentiles used without winsorization","Deterministic combined operational benchmark for planned enrollment, site-count proxy, and enrollment-coherent patients-per-site defaults; no operational ML model."
operational_benchmarks_v1,0a97519bd78f561a,phase_only|phase=PHASE2/PHASE3,PHASE2/PHASE3,,,,phase_only,511,89.5,222.0,454.0,974.0,False,500,3.0,14.0,43.25,81.1,False,493,4.77,12.68,65.35,287.4,False,2026-06-02T17:43:11+00:00,"positive completed ACTUAL enrollment, positive completed registry-derived facility-count proxy, and completed ACTUAL enrollment per positive facility-count proxy; percentiles used without winsorization","Deterministic combined operational benchmark for planned enrollment, site-count proxy, and enrollment-coherent patients-per-site defaults; no operational ML model."
operational_benchmarks_v1,0a97519bd78f561a,phase_only|phase=PHASE3,PHASE3,,,,phase_only,9121,150.0,326.0,606.0,1077.0,False,8675,6.0,28.0,72.0,140.0,False,8615,4.72,9.67,38.19,240.0,False,2026-06-02T17:43:11+00:00,"positive completed ACTUAL enrollment, positive completed registry-derived facility-count proxy, and completed ACTUAL enrollment per positive facility-count proxy; percentiles used without winsorization","Deterministic combined operational benchmark for planned enrollment, site-count proxy, and enrollment-coherent patients-per-site defaults; no operational ML model."
operational_benchmarks_v1,0a97519bd78f561a,phase_ta|phase=PHASE1/PHASE2|ta=CARDIOVASCULAR,PHASE1/PHASE2,,CARDIOVASCULAR,,phase_ta,49,16.0,27.0,52.0,110.0,True,49,1.0,2.0,6.0,17.6,True,49,4.46,8.0,20.0,43.0,True,2026-06-02T17:43:11+00:00,"positive completed ACTUAL enrollment, positive completed registry-derived facility-count proxy, and completed ACTUAL enrollment per positive facility-count proxy; percentiles used without winsorization","Deterministic combined operational benchmark for planned enrollment, site-count proxy, and enrollment-coherent patients-per-site defaults; no operational ML model."
operational_benchmarks_v1,0a97519bd78f561a,phase_ta|phase=PHASE1/PHASE2|ta=DENTAL,PHASE1/PHASE2,,DENTAL,,phase_ta,5,27.0,39.0,40.0,92.2,True,5,1.0,1.0,3.0,3.6,True,5,27.0,31.75,39.0,39.6,True,2026-06-02T17:43:11+00:00,"positive completed ACTUAL enrollment, positive completed registry-derived facility-count proxy, and completed ACTUAL enrollment per positive facility-count proxy; percentiles used without winsorization","Deterministic combined operational benchmark for planned enrollment, site-count proxy, and enrollment-coherent patients-per-site defaults; no operational ML model."
operational_benchmarks_v1,0a97519bd78f561a,phase_ta|phase=PHASE1/PHASE2|ta=DERMATOLOGY,PHASE1/PHASE2,,DERMATOLOGY,,phase_ta,102,24.25,48.0,95.25,208.7,False,102,1.0,2.0,6.0,14.0,False,100,10.17,18.0,37.0,74.9,False,2026-06-02T17:43:11+00:00,"positive completed ACTUAL enrollment, positive completed registry-derived facility-count proxy, and completed ACTUAL enrollment per positive facility-count proxy; percentiles used without winsorization","Deterministic combined operational benchmark for planned enrollment, site-count proxy, and enrollment-coherent patients-per-site defaults; no operational ML model."
operational_benchmarks_v1,0a97519bd78f561a,phase_ta|phase=PHASE1/PHASE2|ta=EAR/NOSE/THROAT,PHASE1/PHASE2,,EAR/NOSE/THROAT,,phase_ta,8,26.75,35.5,45.0,68.7,True,9,4.0,5.0,8.0,9.6,True,8,4.2,6.75,14.56,18.8,True,2026-06-02T17:43:11+00:00,"positive completed ACTUAL enrollment, positive completed registry-derived facility-count proxy, and completed ACTUAL enrollment per positive facility-count proxy; percentiles used without winsorization","Deterministic combined operational benchmark for planned enrollment, site-count proxy, and enrollment-coherent patients-per-site defaults; no operational ML model."
operational_benchmarks_v1,0a97519bd78f561a,phase_ta|phase=PHASE1/PHASE2|ta=GASTROINTESTINAL,PHASE1/PHASE2,,GASTROINTESTINAL,,phase_ta,67,24.0,40.0,67.0,124.0,False,66,1.0,1.5,6.0,14.0,False,64,5.11,15.0,40.0,66.0,False,2026-06-02T17:43:11+00:00,"positive completed ACTUAL enrollment, positive completed registry-derived facility-count proxy, and completed ACTUAL enrollment per positive facility-count proxy; percentiles used without winsorization","Deterministic combined operational benchmark for planned enrollment, site-count proxy, and enrollment-coherent patients-per-site defaults; no operational ML model."
operational_benchmarks_v1,0a97519bd78f561a,phase_ta|phase=PHASE1/PHASE2|ta=GENETIC,PHASE1/PHASE2,,GENETIC,,phase_ta,58,10.25,16.0,24.0,43.5,False,58,2.0,4.0,7.75,14.3,False,58,1.95,3.1,8.5,17.95,False,2026-06-02T17:43:11+00:00,"positive completed ACTUAL enrollment, positive completed registry-derived facility-count proxy, and completed ACTUAL enrollment per positive facility-count proxy; percentiles used without winsorization","Deterministic combined operational benchmark for planned enrollment, site-count proxy, and enrollment-coherent patients-per-site defaults; no operational ML model."
operational_benchmarks_v1,0a97519bd78f561a,phase_ta|phase=PHASE1/PHASE2|ta=HEMATOLOGY,PHASE1/PHASE2,,HEMATOLOGY,,phase_ta,83,18.0,38.0,61.0,90.8,False,85,4.0,7.0,14.0,22.6,False,83,2.44,4.33,10.92,27.2,False,2026-06-02T17:43:11+00:00,"positive completed ACTUAL enrollment, positive completed registry-derived facility-count proxy, and completed ACTUAL enrollment per positive facility-count proxy; percentiles used without winsorization","Deterministic combined operational benchmark for planned enrollment, site-count proxy, and enrollment-coherent patients-per-site defaults; no operational ML model."
operational_benchmarks_v1,0a97519bd78f561a,phase_ta|phase=PHASE1/PHASE2|ta=IMMUNOLOGY,PHASE1/PHASE2,,IMMUNOLOGY,,phase_ta,24,23.0,30.0,65.25,101.4,True,23,6.5,12.0,17.5,21.6,True,23,2.17,4.23,5.75,11.32,True,2026-06-02T17:43:11+00:00,"positive completed ACTUAL enrollment, positive completed registry-derived facility-count proxy, and completed ACTUAL enrollment per positive facility-count proxy; percentiles used without winsorization","Deterministic combined operational benchmark for planned enrollment, site-count proxy, and enrollment-coherent patients-per-site defaults; no operational ML model."
operational_benchmarks_v1,0a97519bd78f561a,phase_ta|phase=PHASE1/PHASE2|ta=INFECTIONS,PHASE1/PHASE2,,INFECTIONS,,phase_ta,239,48.0,130.0,400.0,765.4,False,232,1.0,3.0,11.25,25.0,False,229,16.0,34.0,78.83,248.6,False,2026-06-02T17:43:11+00:00,"positive completed ACTUAL enrollment, positive completed registry-derived facility-count proxy, and completed ACTUAL enrollment per positive facility-count proxy; percentiles used without winsorization","Deterministic combined operational benchmark for planned enrollment, site-count proxy, and enrollment-coherent patients-per-site defaults; no operational ML model."
operational_benchmarks_v1,0a97519bd78f561a,phase_ta|phase=PHASE1/PHASE2|ta=METABOLIC,PHASE1/PHASE2,,METABOLIC,,phase_ta,69,24.0,44.0,80.0,133.2,False,65,1.0,2.0,6.0,12.8,False,65,9.4,24.0,43.0,69.6,False,2026-06-02T17:43:11+00:00,"positive completed ACTUAL enrollment, positive completed registry-derived facility-count proxy, and completed ACTUAL enrollment per positive facility-count proxy; percentiles used without winsorization","Deterministic combined operational benchmark for planned enrollment, site-count proxy, and enrollment-coherent patients-per-site defaults; no operational ML model."
operational_benchmarks_v1,0a97519bd78f561a,phase_ta|phase=PHASE1/PHASE2|ta=MUSCULOSKELETAL,PHASE1/PHASE2,,MUSCULOSKELETAL,,phase_ta,91,19.5,38.0,63.5,121.0,False,88,1.0,3.0,6.0,12.3,False,87,4.94,11.0,24.25,47.4,False,2026-06-02T17:43:11+00:00,"positive completed ACTUAL enrollment, positive completed registry-derived facility-count proxy, and completed ACTUAL enrollment per positive facility-count proxy; percentiles used without winsorization","Deterministic combined operational benchmark for planned enrollment, site-count proxy, and enrollment-coherent patients-per-site defaults; no operational ML model."
operational_benchmarks_v1,0a97519bd78f561a,phase_ta|phase=PHASE1/PHASE2|ta=NEUROLOGY,PHASE1/PHASE2,,NEUROLOGY,,phase_ta,87,18.0,26.0,46.0,63.2,False,85,1.0,2.0,6.0,14.0,False,85,4.75,8.67,20.0,34.6,False,2026-06-02T17:43:11+00:00,"positive completed ACTUAL enrollment, positive completed registry-derived facility-count proxy, and completed ACTUAL enrollment per positive facility-count proxy; percentiles used without winsorization","Deterministic combined operational benchmark for planned enrollment, site-count proxy, and enrollment-coherent patients-per-site defaults; no operational ML model."
operational_benchmarks_v1,0a97519bd78f561a,phase_ta|phase=PHASE1/PHASE2|ta=ONCOLOGY,PHASE1/PHASE2,,ONCOLOGY,,phase_ta,752,29.0,61.0,126.25,223.9,False,754,4.0,10.0,21.75,39.7,False,744,3.67,6.35,11.6,25.63,False,2026-06-02T17:43:11+00:00,"positive completed ACTUAL enrollment, positive completed registry-derived facility-count proxy, and completed ACTUAL enrollment per positive facility-count proxy; percentiles used without winsorization","Deterministic combined operational benchmark for planned enrollment, site-count proxy, and enrollment-coherent patients-per-site defaults; no operational ML model."
operational_benchmarks_v1,0a97519bd78f561a,phase_ta|phase=PHASE1/PHASE2|ta=OPHTHALMOLOGY,PHASE1/PHASE2,,OPHTHALMOLOGY,,phase_ta,113,20.0,46.0,89.0,153.0,False,110,1.0,3.0,8.0,19.0,False,109,4.0,10.2,26.55,87.4,False,2026-06-02T17:43:11+00:00,"positive completed ACTUAL enrollment, positive completed registry-derived facility-count proxy, and completed ACTUAL enrollment per positive facility-count proxy; percentiles used without winsorization","Deterministic combined operational benchmark for planned enrollment, site-count proxy, and enrollment-coherent patients-per-site defaults; no operational ML model."
operational_benchmarks_v1,0a97519bd78f561a,phase_ta|phase=PHASE1/PHASE2|ta=PSYCHIATRY,PHASE1/PHASE2,,PSYCHIATRY,,phase_ta,35,28.0,51.0,73.5,158.0,True,36,1.0,1.5,2.25,6.0,True,35,16.0,26.0,40.25,55.2,True,2026-06-02T17:43:11+00:00,"positive completed ACTUAL enrollment, positive completed registry-derived facility-count proxy, and completed ACTUAL enrollment per positive facility-count proxy; percentiles used without winsorization","Deterministic combined operational benchmark for planned enrollment, site-count proxy, and enrollment-coherent patients-per-site defaults; no operational ML model."
operational_benchmarks_v1,0a97519bd78f561a,phase_ta|phase=PHASE1/PHASE2|ta=RENAL/UROLOGY,PHASE1/PHASE2,,RENAL/UROLOGY,,phase_ta,45,20.0,31.0,51.0,78.0,True,45,1.0,3.0,9.0,15.0,True,45,4.5,10.0,23.0,37.4,True,2026-06-02T17:43:11+00:00,"positive completed ACTUAL enrollment, positive completed registry-derived facility-count proxy, and completed ACTUAL enrollment per positive facility-count proxy; percentiles used without winsorization","Deterministic combined operational benchmark for planned enrollment, site-count proxy, and enrollment-coherent patients-per-site defaults; no operational ML model."
operational_benchmarks_v1,0a97519bd78f561a,phase_ta|phase=PHASE1/PHASE2|ta=REPRODUCTIVE,PHASE1/PHASE2,,REPRODUCTIVE,,phase_ta,16,33.25,48.0,58.0,140.0,True,16,1.0,1.0,1.25,2.5,True,15,16.83,44.0,51.0,147.8,True,2026-06-02T17:43:11+00:00,"positive completed ACTUAL enrollment, positive completed registry-derived facility-count proxy, and completed ACTUAL enrollment per positive facility-count proxy; percentiles used without winsorization","Deterministic combined operational benchmark for planned enrollment, site-count proxy, and enrollment-coherent patients-per-site defaults; no operational ML model."
operational_benchmarks_v1,0a97519bd78f561a,phase_ta|phase=PHASE1/PHASE2|ta=RESPIRATORY,PHASE1/PHASE2,,RESPIRATORY,,phase_ta,63,24.0,37.0,70.5,107.4,False,62,1.0,3.0,8.0,26.4,False,61,4.0,8.67,24.0,60.0,False,2026-06-02T17:43:11+00:00,"positive completed ACTUAL enrollment, positive completed registry-derived facility-count proxy, and completed ACTUAL enrollment per positive facility-count proxy; percentiles used without winsorization","Deterministic combined operational benchmark for planned enrollment, site-count proxy, and enrollment-coherent patients-per-site defaults; no operational ML model."
operational_benchmarks_v1,0a97519bd78f561a,phase_ta|phase=PHASE1/PHASE2|ta=UNCLASSIFIED,PHASE1/PHASE2,,UNCLASSIFIED,,phase_ta,1,65.0,65.0,65.0,65.0,True,1,1.0,1.0,1.0,1.0,True,1,65.0,65.0,65.0,65.0,True,2026-06-02T17:43:11+00:00,"positive completed ACTUAL enrollment, positive completed registry-derived facility-count proxy, and completed ACTUAL enrollment per positive facility-count proxy; percentiles used without winsorization","Deterministic combined operational benchmark for planned enrollment, site-count proxy, and enrollment-coherent patients-per-site defaults; no operational ML model."
operational_benchmarks_v1,0a97519bd78f561a,phase_ta|phase=PHASE2|ta=CARDIOVASCULAR,PHASE2,,CARDIOVASCULAR,,phase_ta,439,41.5,98.0,230.5,420.6,False,435,4.0,13.0,35.0,75.0,False,431,3.77,6.75,15.03,59.0,False,2026-06-02T17:43:11+00:00,"positive completed ACTUAL enrollment, positive completed registry-derived facility-count proxy, and completed ACTUAL enrollment per positive facility-count proxy; percentiles used without winsorization","Deterministic combined operational benchmark for planned enrollment, site-count proxy, and enrollment-coherent patients-per-site defaults; no operational ML model."
operational_benchmarks_v1,0a97519bd78f561a,phase_ta|phase=PHASE2|ta=DENTAL,PHASE2,,DENTAL,,phase_ta,81,60.0,111.0,193.0,275.0,False,82,1.0,1.0,1.0,3.0,False,80,37.5,89.5,184.0,256.0,False,2026-06-02T17:43:11+00:00,"positive completed ACTUAL enrollment, positive completed registry-derived facility-count proxy, and completed ACTUAL enrollment per positive facility-count proxy; percentiles used without winsorization","Deterministic combined operational benchmark for planned enrollment, site-count proxy, and enrollment-coherent patients-per-site defaults; no operational ML model."
operational_benchmarks_v1,0a97519bd78f561a,phase_ta|phase=PHASE2|ta=DERMATOLOGY,PHASE2,,DERMATOLOGY,,phase_ta,851,40.0,93.0,189.0,269.0,False,843,2.0,8.0,20.0,41.0,False,828,4.85,10.2,24.0,78.0,False,2026-06-02T17:43:11+00:00,"positive completed ACTUAL enrollment, positive completed registry-derived facility-count proxy, and completed ACTUAL enrollment per positive facility-count proxy; percentiles used without winsorization","Deterministic combined operational benchmark for planned enrollment, site-count proxy, and enrollment-coherent patients-per-site defaults; no operational ML model."
operational_benchmarks_v1,0a97519bd78f561a,phase_ta|phase=PHASE2|ta=EAR/NOSE/THROAT,PHASE2,,EAR/NOSE/THROAT,,phase_ta,46,40.0,81.0,125.5,167.0,True,49,1.0,3.0,13.0,16.4,True,46,5.18,11.73,51.0,113.5,True,2026-06-02T17:43:11+00:00,"positive completed ACTUAL enrollment, positive completed registry-derived facility-count proxy, and completed ACTUAL enrollment per positive facility-count proxy; percentiles used without winsorization","Deterministic combined operational benchmark for planned enrollment, site-count proxy, and enrollment-coherent patients-per-site defaults; no operational ML model."
operational_benchmarks_v1,0a97519bd78f561a,phase_ta|phase=PHASE2|ta=GASTROINTESTINAL,PHASE2,,GASTROINTESTINAL,,phase_ta,779,43.0,91.0,179.0,292.6,False,741,3.0,16.0,39.0,80.0,False,735,2.73,4.98,11.69,55.6,False,2026-06-02T17:43:11+00:00,"positive completed ACTUAL enrollment, positive completed registry-derived facility-count proxy, and completed ACTUAL enrollment per positive facility-count proxy; percentiles used without winsorization","Deterministic combined operational benchmark for planned enrollment, site-count proxy, and enrollment-coherent patients-per-site defaults; no operational ML model."
operational_benchmarks_v1,0a97519bd78f561a,phase_ta|phase=PHASE2|ta=GENETIC,PHASE2,,GENETIC,,phase_ta,122,13.0,26.5,47.75,77.0,False,122,4.0,7.5,15.0,27.9,False,121,2.0,3.69,7.0,10.2,False,2026-06-02T17:43:11+00:00,"positive completed ACTUAL enrollment, positive completed registry-derived facility-count proxy, and completed ACTUAL enrollment per positive facility-count proxy; percentiles used without winsorization","Deterministic combined operational benchmark for planned enrollment, site-count proxy, and enrollment-coherent patients-per-site defaults; no operational ML model."
operational_benchmarks_v1,0a97519bd78f561a,phase_ta|phase=PHASE2|ta=HEMATOLOGY,PHASE2,,HEMATOLOGY,,phase_ta,215,22.0,38.0,76.5,134.4,False,214,5.0,12.0,22.0,41.4,False,213,2.03,3.25,6.55,16.12,False,2026-06-02T17:43:11+00:00,"positive completed ACTUAL enrollment, positive completed registry-derived facility-count proxy, and completed ACTUAL enrollment per positive facility-count proxy; percentiles used without winsorization","Deterministic combined operational benchmark for planned enrollment, site-count proxy, and enrollment-coherent patients-per-site defaults; no operational ML model."
operational_benchmarks_v1,0a97519bd78f561a,phase_ta|phase=PHASE2|ta=IMMUNOLOGY,PHASE2,,IMMUNOLOGY,,phase_ta,134,27.0,60.5,179.25,290.4,False,136,6.75,18.5,50.0,109.5,False,132,2.2,3.0,4.95,13.72,False,2026-06-02T17:43:11+00:00,"positive completed ACTUAL enrollment, positive completed registry-derived facility-count proxy, and completed ACTUAL enrollment per positive facility-count proxy; percentiles used without winsorization","Deterministic combined operational benchmark for planned enrollment, site-count proxy, and enrollment-coherent patients-per-site defaults; no operational ML model."
operational_benchmarks_v1,0a97519bd78f561a,phase_ta|phase=PHASE2|ta=INFECTIONS,PHASE2,,INFECTIONS,,phase_ta,873,64.0,150.0,360.0,720.8,False,851,1.0,6.0,16.0,35.0,False,849,8.75,30.0,75.0,183.71,False,2026-06-02T17:43:11+00:00,"positive completed ACTUAL enrollment, positive completed registry-derived facility-count proxy, and completed ACTUAL enrollment per positive facility-count proxy; percentiles used without winsorization","Deterministic combined operational benchmark for planned enrollment, site-count proxy, and enrollment-coherent patients-per-site defaults; no operational ML model."
operational_benchmarks_v1,0a97519bd78f561a,phase_ta|phase=PHASE2|ta=METABOLIC,PHASE2,,METABOLIC,,phase_ta,569,47.0,104.0,242.0,387.8,False,554,1.0,10.0,30.0,59.0,False,551,5.09,9.29,24.0,76.0,False,2026-06-02T17:43:11+00:00,"positive completed ACTUAL enrollment, positive completed registry-derived facility-count proxy, and completed ACTUAL enrollment per positive facility-count proxy; percentiles used without winsorization","Deterministic combined operational benchmark for planned enrollment, site-count proxy, and enrollment-coherent patients-per-site defaults; no operational ML model."
operational_benchmarks_v1,0a97519bd78f561a,phase_ta|phase=PHASE2|ta=MUSCULOSKELETAL,PHASE2,,MUSCULOSKELETAL,,phase_ta,555,56.5,120.0,217.5,322.6,False,541,3.0,12.0,32.0,55.0,False,534,4.1,8.11,21.72,75.4,False,2026-06-02T17:43:11+00:00,"positive completed ACTUAL enrollment, positive completed registry-derived facility-count proxy, and completed ACTUAL enrollment per positive facility-count proxy; percentiles used without winsorization","Deterministic combined operational benchmark for planned enrollment, site-count proxy, and enrollment-coherent patients-per-site defaults; no operational ML model."
operational_benchmarks_v1,0a97519bd78f561a,phase_ta|phase=PHASE2|ta=NEUROLOGY,PHASE2,,NEUROLOGY,,phase_ta,715,36.0,80.0,174.0,328.6,False,713,3.0,12.0,30.0,54.0,False,698,3.76,6.0,13.03,46.0,False,2026-06-02T17:43:11+00:00,"positive completed ACTUAL enrollment, positive completed registry-derived facility-count proxy, and completed ACTUAL enrollment per positive facility-count proxy; percentiles used without winsorization","Deterministic combined operational benchmark for planned enrollment, site-count proxy, and enrollment-coherent patients-per-site defaults; no operational ML model."
operational_benchmarks_v1,0a97519bd78f561a,phase_ta|phase=PHASE2|ta=ONCOLOGY,PHASE2,,ONCOLOGY,,phase_ta,1570,38.0,73.5,135.0,216.0,False,1533,6.0,16.0,36.0,63.0,False,1523,2.64,4.19,8.06,25.0,False,2026-06-02T17:43:11+00:00,"positive completed ACTUAL enrollment, positive completed registry-derived facility-count proxy, and completed ACTUAL enrollment per positive facility-count proxy; percentiles used without winsorization","Deterministic combined operational benchmark for planned enrollment, site-count proxy, and enrollment-coherent patients-per-site defaults; no operational ML model."
operational_benchmarks_v1,0a97519bd78f561a,phase_ta|phase=PHASE2|ta=OPHTHALMOLOGY,PHASE2,,OPHTHALMOLOGY,,phase_ta,466,49.0,99.0,161.0,268.5,False,446,1.0,5.5,15.0,34.0,False,443,5.02,13.0,60.33,135.8,False,2026-06-02T17:43:11+00:00,"positive completed ACTUAL enrollment, positive completed registry-derived facility-count proxy, and completed ACTUAL enrollment per positive facility-count proxy; percentiles used without winsorization","Deterministic combined operational benchmark for planned enrollment, site-count proxy, and enrollment-coherent patients-per-site defaults; no operational ML model."
operational_benchmarks_v1,0a97519bd78f561a,phase_ta|phase=PHASE2|ta=PSYCHIATRY,PHASE2,,PSYCHIATRY,,phase_ta,356,54.5,134.5,240.5,359.5,False,357,3.0,15.0,31.0,53.4,False,355,5.37,9.0,18.0,41.53,False,2026-06-02T17:43:11+00:00,"positive completed ACTUAL enrollment, positive completed registry-derived facility-count proxy, and completed ACTUAL enrollment per positive facility-count proxy; percentiles used without winsorization","Deterministic combined operational benchmark for planned enrollment, site-count proxy, and enrollment-coherent patients-per-site defaults; no operational ML model."
operational_benchmarks_v1,0a97519bd78f561a,phase_ta|phase=PHASE2|ta=RENAL/UROLOGY,PHASE2,,RENAL/UROLOGY,,phase_ta,362,42.25,96.5,195.0,315.9,False,358,4.0,16.0,37.0,64.2,False,355,2.93,5.33,12.5,65.0,False,2026-06-02T17:43:11+00:00,"positive completed ACTUAL enrollment, positive completed registry-derived facility-count proxy, and completed ACTUAL enrollment per positive facility-count proxy; percentiles used without winsorization","Deterministic combined operational benchmark for planned enrollment, site-count proxy, and enrollment-coherent patients-per-site defaults; no operational ML model."
operational_benchmarks_v1,0a97519bd78f561a,phase_ta|phase=PHASE2|ta=REPRODUCTIVE,PHASE2,,REPRODUCTIVE,,phase_ta,144,63.5,130.5,248.5,363.8,False,141,1.0,8.0,23.0,53.0,False,137,7.33,14.0,34.51,75.2,False,2026-06-02T17:43:11+00:00,"positive completed ACTUAL enrollment, positive completed registry-derived facility-count proxy, and completed ACTUAL enrollment per positive facility-count proxy; percentiles used without winsorization","Deterministic combined operational benchmark for planned enrollment, site-count proxy, and enrollment-coherent patients-per-site defaults; no operational ML model."
operational_benchmarks_v1,0a97519bd78f561a,phase_ta|phase=PHASE2|ta=RESPIRATORY,PHASE2,,RESPIRATORY,,phase_ta,678,41.0,85.0,202.75,405.0,False,667,2.0,9.0,29.5,70.0,False,653,4.48,8.41,24.0,69.8,False,2026-06-02T17:43:11+00:00,"positive completed ACTUAL enrollment, positive completed registry-derived facility-count proxy, and completed ACTUAL enrollment per positive facility-count proxy; percentiles used without winsorization","Deterministic combined operational benchmark for planned enrollment, site-count proxy, and enrollment-coherent patients-per-site defaults; no operational ML model."
operational_benchmarks_v1,0a97519bd78f561a,phase_ta|phase=PHASE2|ta=UNCLASSIFIED,PHASE2,,UNCLASSIFIED,,phase_ta,32,36.0,88.5,163.25,238.6,True,31,1.0,2.0,9.0,18.0,True,31,12.0,20.0,64.5,117.5,True,2026-06-02T17:43:11+00:00,"positive completed ACTUAL enrollment, positive completed registry-derived facility-count proxy, and completed ACTUAL enrollment per positive facility-count proxy; percentiles used without winsorization","Deterministic combined operational benchmark for planned enrollment, site-count proxy, and enrollment-coherent patients-per-site defaults; no operational ML model."
operational_benchmarks_v1,0a97519bd78f561a,phase_ta|phase=PHASE2/PHASE3|ta=CARDIOVASCULAR,PHASE2/PHASE3,,CARDIOVASCULAR,,phase_ta,21,81.0,314.0,399.0,673.0,True,21,3.0,16.0,87.0,98.0,True,21,4.33,10.06,28.38,59.0,True,2026-06-02T17:43:11+00:00,"positive completed ACTUAL enrollment, positive completed registry-derived facility-count proxy, and completed ACTUAL enrollment per positive facility-count proxy; percentiles used without winsorization","Deterministic combined operational benchmark for planned enrollment, site-count proxy, and enrollment-coherent patients-per-site defaults; no operational ML model."
operational_benchmarks_v1,0a97519bd78f561a,phase_ta|phase=PHASE2/PHASE3|ta=DENTAL,PHASE2/PHASE3,,DENTAL,,phase_ta,2,100.0,100.0,100.0,100.0,True,2,1.0,1.0,1.0,1.0,True,2,100.0,100.0,100.0,100.0,True,2026-06-02T17:43:11+00:00,"positive completed ACTUAL enrollment, positive completed registry-derived facility-count proxy, and completed ACTUAL enrollment per positive facility-count proxy; percentiles used without winsorization","Deterministic combined operational benchmark for planned enrollment, site-count proxy, and enrollment-coherent patients-per-site defaults; no operational ML model."
operational_benchmarks_v1,0a97519bd78f561a,phase_ta|phase=PHASE2/PHASE3|ta=DERMATOLOGY,PHASE2/PHASE3,,DERMATOLOGY,,phase_ta,28,81.25,145.0,301.75,462.9,True,29,3.0,13.0,48.0,85.8,True,28,4.58,11.96,29.92,50.55,True,2026-06-02T17:43:11+00:00,"positive completed ACTUAL enrollment, positive completed registry-derived facility-count proxy, and completed ACTUAL enrollment per positive facility-count proxy; percentiles used without winsorization","Deterministic combined operational benchmark for planned enrollment, site-count proxy, and enrollment-coherent patients-per-site defaults; no operational ML model."
operational_benchmarks_v1,0a97519bd78f561a,phase_ta|phase=PHASE2/PHASE3|ta=EAR/NOSE/THROAT,PHASE2/PHASE3,,EAR/NOSE/THROAT,,phase_ta,3,135.0,155.0,268.5,336.6,True,3,6.5,12.0,19.0,23.2,True,3,18.13,31.83,93.42,130.37,True,2026-06-02T17:43:11+00:00,"positive completed ACTUAL enrollment, positive completed registry-derived facility-count proxy, and completed ACTUAL enrollment per positive facility-count proxy; percentiles used without winsorization","Deterministic combined operational benchmark for planned enrollment, site-count proxy, and enrollment-coherent patients-per-site defaults; no operational ML model."
operational_benchmarks_v1,0a97519bd78f561a,phase_ta|phase=PHASE2/PHASE3|ta=GASTROINTESTINAL,PHASE2/PHASE3,,GASTROINTESTINAL,,phase_ta,39,102.5,237.0,402.5,732.4,True,34,3.0,17.5,49.75,76.5,True,33,3.62,11.56,89.0,146.0,True,2026-06-02T17:43:11+00:00,"positive completed ACTUAL enrollment, positive completed registry-derived facility-count proxy, and completed ACTUAL enrollment per positive facility-count proxy; percentiles used without winsorization","Deterministic combined operational benchmark for planned enrollment, site-count proxy, and enrollment-coherent patients-per-site defaults; no operational ML model."
operational_benchmarks_v1,0a97519bd78f561a,phase_ta|phase=PHASE2/PHASE3|ta=GENETIC,PHASE2/PHASE3,,GENETIC,,phase_ta,17,12.0,56.0,84.0,182.6,True,17,6.0,9.0,17.0,21.8,True,17,2.0,6.22,10.1,13.47,True,2026-06-02T17:43:11+00:00,"positive completed ACTUAL enrollment, positive completed registry-derived facility-count proxy, and completed ACTUAL enrollment per positive facility-count proxy; percentiles used without winsorization","Deterministic combined operational benchmark for planned enrollment, site-count proxy, and enrollment-coherent patients-per-site defaults; no operational ML model."
operational_benchmarks_v1,0a97519bd78f561a,phase_ta|phase=PHASE2/PHASE3|ta=HEMATOLOGY,PHASE2/PHASE3,,HEMATOLOGY,,phase_ta,21,23.0,45.0,63.0,159.0,True,21,5.0,14.0,30.0,59.0,True,21,2.21,3.12,4.4,17.0,True,2026-06-02T17:43:11+00:00,"positive completed ACTUAL enrollment, positive completed registry-derived facility-count proxy, and completed ACTUAL enrollment per positive facility-count proxy; percentiles used without winsorization","Deterministic combined operational benchmark for planned enrollment, site-count proxy, and enrollment-coherent patients-per-site defaults; no operational ML model."
operational_benchmarks_v1,0a97519bd78f561a,phase_ta|phase=PHASE2/PHASE3|ta=IMMUNOLOGY,PHASE2/PHASE3,,IMMUNOLOGY,,phase_ta,9,55.0,65.0,110.0,255.0,True,9,12.0,18.0,34.0,49.4,True,9,3.62,4.45,4.78,5.63,True,2026-06-02T17:43:11+00:00,"positive completed ACTUAL enrollment, positive completed registry-derived facility-count proxy, and completed ACTUAL enrollment per positive facility-count proxy; percentiles used without winsorization","Deterministic combined operational benchmark for planned enrollment, site-count proxy, and enrollment-coherent patients-per-site defaults; no operational ML model."
operational_benchmarks_v1,0a97519bd78f561a,phase_ta|phase=PHASE2/PHASE3|ta=INFECTIONS,PHASE2/PHASE3,,INFECTIONS,,phase_ta,116,160.75,538.0,1581.25,3973.5,False,113,3.0,12.0,35.0,71.0,False,113,15.0,47.86,187.5,664.8,False,2026-06-02T17:43:11+00:00,"positive completed ACTUAL enrollment, positive completed registry-derived facility-count proxy, and completed ACTUAL enrollment per positive facility-count proxy; percentiles used without winsorization","Deterministic combined operational benchmark for planned enrollment, site-count proxy, and enrollment-coherent patients-per-site defaults; no operational ML model."
operational_benchmarks_v1,0a97519bd78f561a,phase_ta|phase=PHASE2/PHASE3|ta=METABOLIC,PHASE2/PHASE3,,METABOLIC,,phase_ta,15,63.5,143.0,453.0,749.6,True,16,1.0,5.0,27.0,49.5,True,14,8.35,12.24,73.5,127.7,True,2026-06-02T17:43:11+00:00,"positive completed ACTUAL enrollment, positive completed registry-derived facility-count proxy, and completed ACTUAL enrollment per positive facility-count proxy; percentiles used without winsorization","Deterministic combined operational benchmark for planned enrollment, site-count proxy, and enrollment-coherent patients-per-site defaults; no operational ML model."
operational_benchmarks_v1,0a97519bd78f561a,phase_ta|phase=PHASE2/PHASE3|ta=MUSCULOSKELETAL,PHASE2/PHASE3,,MUSCULOSKELETAL,,phase_ta,24,191.0,298.5,463.5,607.1,True,24,10.25,31.5,59.0,73.4,True,23,4.63,6.61,29.01,268.69,True,2026-06-02T17:43:11+00:00,"positive completed ACTUAL enrollment, positive completed registry-derived facility-count proxy, and completed ACTUAL enrollment per positive facility-count proxy; percentiles used without winsorization","Deterministic combined operational benchmark for planned enrollment, site-count proxy, and enrollment-coherent patients-per-site defaults; no operational ML model."
operational_benchmarks_v1,0a97519bd78f561a,phase_ta|phase=PHASE2/PHASE3|ta=NEUROLOGY,PHASE2/PHASE3,,NEUROLOGY,,phase_ta,56,114.25,264.5,405.5,738.5,False,56,4.75,23.5,54.75,82.0,False,55,5.37,10.14,21.95,342.6,False,2026-06-02T17:43:11+00:00,"positive completed ACTUAL enrollment, positive completed registry-derived facility-count proxy, and completed ACTUAL enrollment per positive facility-count proxy; percentiles used without winsorization","Deterministic combined operational benchmark for planned enrollment, site-count proxy, and enrollment-coherent patients-per-site defaults; no operational ML model."
operational_benchmarks_v1,0a97519bd78f561a,phase_ta|phase=PHASE2/PHASE3|ta=ONCOLOGY,PHASE2/PHASE3,,ONCOLOGY,,phase_ta,43,78.0,196.0,417.5,512.0,True,42,9.25,35.5,73.75,129.8,True,41,2.14,4.77,14.45,63.0,True,2026-06-02T17:43:11+00:00,"positive completed ACTUAL enrollment, positive completed registry-derived facility-count proxy, and completed ACTUAL enrollment per positive facility-count proxy; percentiles used without winsorization","Deterministic combined operational benchmark for planned enrollment, site-count proxy, and enrollment-coherent patients-per-site defaults; no operational ML model."
operational_benchmarks_v1,0a97519bd78f561a,phase_ta|phase=PHASE2/PHASE3|ta=OPHTHALMOLOGY,PHASE2/PHASE3,,OPHTHALMOLOGY,,phase_ta,26,104.5,269.5,442.75,508.0,True,26,1.0,1.0,8.25,19.5,True,26,29.75,52.75,249.75,464.5,True,2026-06-02T17:43:11+00:00,"positive completed ACTUAL enrollment, positive completed registry-derived facility-count proxy, and completed ACTUAL enrollment per positive facility-count proxy; percentiles used without winsorization","Deterministic combined operational benchmark for planned enrollment, site-count proxy, and enrollment-coherent patients-per-site defaults; no operational ML model."
operational_benchmarks_v1,0a97519bd78f561a,phase_ta|phase=PHASE2/PHASE3|ta=PSYCHIATRY,PHASE2/PHASE3,,PSYCHIATRY,,phase_ta,31,127.0,254.0,404.0,507.0,True,30,1.0,8.5,42.25,58.3,True,30,7.97,15.46,96.92,219.1,True,2026-06-02T17:43:11+00:00,"positive completed ACTUAL enrollment, positive completed registry-derived facility-count proxy, and completed ACTUAL enrollment per positive facility-count proxy; percentiles used without winsorization","Deterministic combined operational benchmark for planned enrollment, site-count proxy, and enrollment-coherent patients-per-site defaults; no operational ML model."
operational_benchmarks_v1,0a97519bd78f561a,phase_ta|phase=PHASE2/PHASE3|ta=RENAL/UROLOGY,PHASE2/PHASE3,,RENAL/UROLOGY,,phase_ta,24,96.75,206.5,387.75,583.3,True,24,1.0,21.5,48.0,66.8,True,24,4.08,7.32,115.86,242.2,True,2026-06-02T17:43:11+00:00,"positive completed ACTUAL enrollment, positive completed registry-derived facility-count proxy, and completed ACTUAL enrollment per positive facility-count proxy; percentiles used without winsorization","Deterministic combined operational benchmark for planned enrollment, site-count proxy, and enrollment-coherent patients-per-site defaults; no operational ML model."
operational_benchmarks_v1,0a97519bd78f561a,phase_ta|phase=PHASE2/PHASE3|ta=REPRODUCTIVE,PHASE2/PHASE3,,REPRODUCTIVE,,phase_ta,5,60.0,60.0,68.0,118.4,True,4,2.5,3.5,6.75,11.7,True,4,7.97,15.07,32.0,53.6,True,2026-06-02T17:43:11+00:00,"positive completed ACTUAL enrollment, positive completed registry-derived facility-count proxy, and completed ACTUAL enrollment per positive facility-count proxy; percentiles used without winsorization","Deterministic combined operational benchmark for planned enrollment, site-count proxy, and enrollment-coherent patients-per-site defaults; no operational ML model."
operational_benchmarks_v1,0a97519bd78f561a,phase_ta|phase=PHASE2/PHASE3|ta=RESPIRATORY,PHASE2/PHASE3,,RESPIRATORY,,phase_ta,25,102.0,198.0,565.0,924.2,True,23,3.0,15.0,49.0,81.0,True,23,6.0,9.95,47.67,168.08,True,2026-06-02T17:43:11+00:00,"positive completed ACTUAL enrollment, positive completed registry-derived facility-count proxy, and completed ACTUAL enrollment per positive facility-count proxy; percentiles used without winsorization","Deterministic combined operational benchmark for planned enrollment, site-count proxy, and enrollment-coherent patients-per-site defaults; no operational ML model."
operational_benchmarks_v1,0a97519bd78f561a,phase_ta|phase=PHASE2/PHASE3|ta=UNCLASSIFIED,PHASE2/PHASE3,,UNCLASSIFIED,,phase_ta,6,76.75,281.5,444.25,452.0,True,6,4.5,13.0,14.0,18.5,True,6,21.71,29.14,31.84,34.68,True,2026-06-02T17:43:11+00:00,"positive completed ACTUAL enrollment, positive completed registry-derived facility-count proxy, and completed ACTUAL enrollment per positive facility-count proxy; percentiles used without winsorization","Deterministic combined operational benchmark for planned enrollment, site-count proxy, and enrollment-coherent patients-per-site defaults; no operational ML model."
operational_benchmarks_v1,0a97519bd78f561a,phase_ta|phase=PHASE3|ta=CARDIOVASCULAR,PHASE3,,CARDIOVASCULAR,,phase_ta,550,146.5,290.0,660.25,2435.5,False,529,4.0,29.0,89.0,251.8,False,525,5.1,11.17,39.0,199.2,False,2026-06-02T17:43:11+00:00,"positive completed ACTUAL enrollment, positive completed registry-derived facility-count proxy, and completed ACTUAL enrollment per positive facility-count proxy; percentiles used without winsorization","Deterministic combined operational benchmark for planned enrollment, site-count proxy, and enrollment-coherent patients-per-site defaults; no operational ML model."
operational_benchmarks_v1,0a97519bd78f561a,phase_ta|phase=PHASE3|ta=DENTAL,PHASE3,,DENTAL,,phase_ta,104,80.0,119.0,295.5,512.8,False,104,1.0,1.0,1.25,6.0,False,102,45.58,86.5,160.47,417.6,False,2026-06-02T17:43:11+00:00,"positive completed ACTUAL enrollment, positive completed registry-derived facility-count proxy, and completed ACTUAL enrollment per positive facility-count proxy; percentiles used without winsorization","Deterministic combined operational benchmark for planned enrollment, site-count proxy, and enrollment-coherent patients-per-site defaults; no operational ML model."
operational_benchmarks_v1,0a97519bd78f561a,phase_ta|phase=PHASE3|ta=DERMATOLOGY,PHASE3,,DERMATOLOGY,,phase_ta,789,203.0,375.0,604.0,891.4,False,753,4.0,23.0,52.0,94.0,False,749,6.66,15.48,52.33,331.2,False,2026-06-02T17:43:11+00:00,"positive completed ACTUAL enrollment, positive completed registry-derived facility-count proxy, and completed ACTUAL enrollment per positive facility-count proxy; percentiles used without winsorization","Deterministic combined operational benchmark for planned enrollment, site-count proxy, and enrollment-coherent patients-per-site defaults; no operational ML model."
operational_benchmarks_v1,0a97519bd78f561a,phase_ta|phase=PHASE3|ta=EAR/NOSE/THROAT,PHASE3,,EAR/NOSE/THROAT,,phase_ta,45,166.0,266.0,455.0,554.6,True,41,1.0,1.0,6.0,29.0,True,41,32.3,166.0,300.0,493.0,True,2026-06-02T17:43:11+00:00,"positive completed ACTUAL enrollment, positive completed registry-derived facility-count proxy, and completed ACTUAL enrollment per positive facility-count proxy; percentiles used without winsorization","Deterministic combined operational benchmark for planned enrollment, site-count proxy, and enrollment-coherent patients-per-site defaults; no operational ML model."
operational_benchmarks_v1,0a97519bd78f561a,phase_ta|phase=PHASE3|ta=GASTROINTESTINAL,PHASE3,,GASTROINTESTINAL,,phase_ta,650,123.25,281.0,500.0,769.1,False,578,5.0,25.0,69.5,142.3,False,572,3.75,7.52,32.12,250.4,False,2026-06-02T17:43:11+00:00,"positive completed ACTUAL enrollment, positive completed registry-derived facility-count proxy, and completed ACTUAL enrollment per positive facility-count proxy; percentiles used without winsorization","Deterministic combined operational benchmark for planned enrollment, site-count proxy, and enrollment-coherent patients-per-site defaults; no operational ML model."
operational_benchmarks_v1,0a97519bd78f561a,phase_ta|phase=PHASE3|ta=GENETIC,PHASE3,,GENETIC,,phase_ta,146,24.25,64.0,125.0,199.0,False,142,6.0,20.0,32.0,57.8,False,142,2.42,3.52,6.13,14.13,False,2026-06-02T17:43:11+00:00,"positive completed ACTUAL enrollment, positive completed registry-derived facility-count proxy, and completed ACTUAL enrollment per positive facility-count proxy; percentiles used without winsorization","Deterministic combined operational benchmark for planned enrollment, site-count proxy, and enrollment-coherent patients-per-site defaults; no operational ML model."
operational_benchmarks_v1,0a97519bd78f561a,phase_ta|phase=PHASE3|ta=HEMATOLOGY,PHASE3,,HEMATOLOGY,,phase_ta,262,38.25,79.5,168.75,280.1,False,264,11.0,27.0,55.0,96.0,False,262,1.79,2.77,5.67,17.05,False,2026-06-02T17:43:11+00:00,"positive completed ACTUAL enrollment, positive completed registry-derived facility-count proxy, and completed ACTUAL enrollment per positive facility-count proxy; percentiles used without winsorization","Deterministic combined operational benchmark for planned enrollment, site-count proxy, and enrollment-coherent patients-per-site defaults; no operational ML model."
operational_benchmarks_v1,0a97519bd78f561a,phase_ta|phase=PHASE3|ta=IMMUNOLOGY,PHASE3,,IMMUNOLOGY,,phase_ta,117,31.0,100.0,251.0,556.6,False,116,10.0,25.5,61.25,121.0,False,116,2.05,3.3,5.76,9.76,False,2026-06-02T17:43:11+00:00,"positive completed ACTUAL enrollment, positive completed registry-derived facility-count proxy, and completed ACTUAL enrollment per positive facility-count proxy; percentiles used without winsorization","Deterministic combined operational benchmark for planned enrollment, site-count proxy, and enrollment-coherent patients-per-site defaults; no operational ML model."
operational_benchmarks_v1,0a97519bd78f561a,phase_ta|phase=PHASE3|ta=INFECTIONS,PHASE3,,INFECTIONS,,phase_ta,1079,234.0,555.0,1215.0,3139.6,False,1017,3.0,14.0,40.0,89.4,False,1013,13.85,46.83,131.0,589.0,False,2026-06-02T17:43:11+00:00,"positive completed ACTUAL enrollment, positive completed registry-derived facility-count proxy, and completed ACTUAL enrollment per positive facility-count proxy; percentiles used without winsorization","Deterministic combined operational benchmark for planned enrollment, site-count proxy, and enrollment-coherent patients-per-site defaults; no operational ML model."
operational_benchmarks_v1,0a97519bd78f561a,phase_ta|phase=PHASE3|ta=METABOLIC,PHASE3,,METABOLIC,,phase_ta,835,180.0,367.0,624.5,1020.0,False,780,10.0,40.0,91.0,158.1,False,776,5.13,8.78,19.0,189.0,False,2026-06-02T17:43:11+00:00,"positive completed ACTUAL enrollment, positive completed registry-derived facility-count proxy, and completed ACTUAL enrollment per positive facility-count proxy; percentiles used without winsorization","Deterministic combined operational benchmark for planned enrollment, site-count proxy, and enrollment-coherent patients-per-site defaults; no operational ML model."
operational_benchmarks_v1,0a97519bd78f561a,phase_ta|phase=PHASE3|ta=MUSCULOSKELETAL,PHASE3,,MUSCULOSKELETAL,,phase_ta,699,165.5,313.0,519.0,849.0,False,669,6.0,29.0,73.0,138.0,False,664,4.72,9.0,32.68,197.2,False,2026-06-02T17:43:11+00:00,"positive completed ACTUAL enrollment, positive completed registry-derived facility-count proxy, and completed ACTUAL enrollment per positive facility-count proxy; percentiles used without winsorization","Deterministic combined operational benchmark for planned enrollment, site-count proxy, and enrollment-coherent patients-per-site defaults; no operational ML model."
operational_benchmarks_v1,0a97519bd78f561a,phase_ta|phase=PHASE3|ta=NEUROLOGY,PHASE3,,NEUROLOGY,,phase_ta,663,125.5,236.0,474.0,928.8,False,638,12.0,33.0,71.0,118.6,False,632,3.75,7.0,15.0,80.45,False,2026-06-02T17:43:11+00:00,"positive completed ACTUAL enrollment, positive completed registry-derived facility-count proxy, and completed ACTUAL enrollment per positive facility-count proxy; percentiles used without winsorization","Deterministic combined operational benchmark for planned enrollment, site-count proxy, and enrollment-coherent patients-per-site defaults; no operational ML model."
operational_benchmarks_v1,0a97519bd78f561a,phase_ta|phase=PHASE3|ta=ONCOLOGY,PHASE3,,ONCOLOGY,,phase_ta,939,214.0,421.0,654.5,929.4,False,915,21.0,75.0,149.0,208.0,False,907,3.48,5.18,9.49,109.0,False,2026-06-02T17:43:11+00:00,"positive completed ACTUAL enrollment, positive completed registry-derived facility-count proxy, and completed ACTUAL enrollment per positive facility-count proxy; percentiles used without winsorization","Deterministic combined operational benchmark for planned enrollment, site-count proxy, and enrollment-coherent patients-per-site defaults; no operational ML model."
operational_benchmarks_v1,0a97519bd78f561a,phase_ta|phase=PHASE3|ta=OPHTHALMOLOGY,PHASE3,,OPHTHALMOLOGY,,phase_ta,477,148.0,283.0,467.0,706.2,False,440,1.0,11.0,40.0,78.3,False,438,6.42,17.22,128.44,374.8,False,2026-06-02T17:43:11+00:00,"positive completed ACTUAL enrollment, positive completed registry-derived facility-count proxy, and completed ACTUAL enrollment per positive facility-count proxy; percentiles used without winsorization","Deterministic combined operational benchmark for planned enrollment, site-count proxy, and enrollment-coherent patients-per-site defaults; no operational ML model."
operational_benchmarks_v1,0a97519bd78f561a,phase_ta|phase=PHASE3|ta=PSYCHIATRY,PHASE3,,PSYCHIATRY,,phase_ta,453,201.0,380.0,580.0,768.6,False,432,15.0,37.5,63.25,101.9,False,430,6.14,9.7,18.96,66.21,False,2026-06-02T17:43:11+00:00,"positive completed ACTUAL enrollment, positive completed registry-derived facility-count proxy, and completed ACTUAL enrollment per positive facility-count proxy; percentiles used without winsorization","Deterministic combined operational benchmark for planned enrollment, site-count proxy, and enrollment-coherent patients-per-site defaults; no operational ML model."
operational_benchmarks_v1,0a97519bd78f561a,phase_ta|phase=PHASE3|ta=RENAL/UROLOGY,PHASE3,,RENAL/UROLOGY,,phase_ta,378,151.25,294.5,555.25,1071.8,False,366,6.0,28.0,57.75,139.0,False,362,5.34,9.99,31.63,209.8,False,2026-06-02T17:43:11+00:00,"positive completed ACTUAL enrollment, positive completed registry-derived facility-count proxy, and completed ACTUAL enrollment per positive facility-count proxy; percentiles used without winsorization","Deterministic combined operational benchmark for planned enrollment, site-count proxy, and enrollment-coherent patients-per-site defaults; no operational ML model."
operational_benchmarks_v1,0a97519bd78f561a,phase_ta|phase=PHASE3|ta=REPRODUCTIVE,PHASE3,,REPRODUCTIVE,,phase_ta,213,186.0,388.0,653.0,1309.2,False,194,8.0,26.0,60.75,100.0,False,194,7.35,16.05,35.2,176.0,False,2026-06-02T17:43:11+00:00,"positive completed ACTUAL enrollment, positive completed registry-derived facility-count proxy, and completed ACTUAL enrollment per positive facility-count proxy; percentiles used without winsorization","Deterministic combined operational benchmark for planned enrollment, site-count proxy, and enrollment-coherent patients-per-site defaults; no operational ML model."
operational_benchmarks_v1,0a97519bd78f561a,phase_ta|phase=PHASE3|ta=RESPIRATORY,PHASE3,,RESPIRATORY,,phase_ta,664,194.75,405.5,811.25,1473.3,False,641,7.0,40.0,98.0,178.0,False,634,5.51,9.35,23.97,233.95,False,2026-06-02T17:43:11+00:00,"positive completed ACTUAL enrollment, positive completed registry-derived facility-count proxy, and completed ACTUAL enrollment per positive facility-count proxy; percentiles used without winsorization","Deterministic combined operational benchmark for planned enrollment, site-count proxy, and enrollment-coherent patients-per-site defaults; no operational ML model."
operational_benchmarks_v1,0a97519bd78f561a,phase_ta|phase=PHASE3|ta=UNCLASSIFIED,PHASE3,,UNCLASSIFIED,,phase_ta,58,76.0,196.0,329.25,466.2,False,56,1.75,11.5,21.5,34.5,False,56,5.86,17.0,50.25,248.0,False,2026-06-02T17:43:11+00:00,"positive completed ACTUAL enrollment, positive completed registry-derived facility-count proxy, and completed ACTUAL enrollment per positive facility-count proxy; percentiles used without winsorization","Deterministic combined operational benchmark for planned enrollment, site-count proxy, and enrollment-coherent patients-per-site defaults; no operational ML model."
operational_benchmarks_v1,0a97519bd78f561a,phase_ta_rare|phase=PHASE1/PHASE2|ta=CARDIOVASCULAR|rare=0,PHASE1/PHASE2,,CARDIOVASCULAR,0,phase_ta_rare,44,16.0,30.5,55.75,120.0,True,44,1.0,1.5,6.75,19.1,True,44,4.87,9.72,20.5,50.5,True,2026-06-02T17:43:11+00:00,"positive completed ACTUAL enrollment, positive completed registry-derived facility-count proxy, and completed ACTUAL enrollment per positive facility-count proxy; percentiles used without winsorization","Deterministic combined operational benchmark for planned enrollment, site-count proxy, and enrollment-coherent patients-per-site defaults; no operational ML model."
operational_benchmarks_v1,0a97519bd78f561a,phase_ta_rare|phase=PHASE1/PHASE2|ta=CARDIOVASCULAR|rare=1,PHASE1/PHASE2,,CARDIOVASCULAR,1,phase_ta_rare,5,20.0,22.0,27.0,32.4,True,5,2.0,6.0,6.0,12.0,True,5,1.25,4.5,6.0,9.0,True,2026-06-02T17:43:11+00:00,"positive completed ACTUAL enrollment, positive completed registry-derived facility-count proxy, and completed ACTUAL enrollment per positive facility-count proxy; percentiles used without winsorization","Deterministic combined operational benchmark for planned enrollment, site-count proxy, and enrollment-coherent patients-per-site defaults; no operational ML model."
operational_benchmarks_v1,0a97519bd78f561a,phase_ta_rare|phase=PHASE1/PHASE2|ta=DENTAL|rare=0,PHASE1/PHASE2,,DENTAL,0,phase_ta_rare,5,27.0,39.0,40.0,92.2,True,5,1.0,1.0,3.0,3.6,True,5,27.0,31.75,39.0,39.6,True,2026-06-02T17:43:11+00:00,"positive completed ACTUAL enrollment, positive completed registry-derived facility-count proxy, and completed ACTUAL enrollment per positive facility-count proxy; percentiles used without winsorization","Deterministic combined operational benchmark for planned enrollment, site-count proxy, and enrollment-coherent patients-per-site defaults; no operational ML model."
operational_benchmarks_v1,0a97519bd78f561a,phase_ta_rare|phase=PHASE1/PHASE2|ta=DERMATOLOGY|rare=0,PHASE1/PHASE2,,DERMATOLOGY,0,phase_ta_rare,96,27.5,50.5,104.0,212.0,False,96,1.0,2.0,6.0,14.0,False,94,10.65,18.58,40.0,86.3,False,2026-06-02T17:43:11+00:00,"positive completed ACTUAL enrollment, positive completed registry-derived facility-count proxy, and completed ACTUAL enrollment per positive facility-count proxy; percentiles used without winsorization","Deterministic combined operational benchmark for planned enrollment, site-count proxy, and enrollment-coherent patients-per-site defaults; no operational ML model."
operational_benchmarks_v1,0a97519bd78f561a,phase_ta_rare|phase=PHASE1/PHASE2|ta=DERMATOLOGY|rare=1,PHASE1/PHASE2,,DERMATOLOGY,1,phase_ta_rare,6,11.25,12.0,15.0,33.0,True,6,1.5,4.0,5.75,10.5,True,6,2.83,3.67,9.25,11.5,True,2026-06-02T17:43:11+00:00,"positive completed ACTUAL enrollment, positive completed registry-derived facility-count proxy, and completed ACTUAL enrollment per positive facility-count proxy; percentiles used without winsorization","Deterministic combined operational benchmark for planned enrollment, site-count proxy, and enrollment-coherent patients-per-site defaults; no operational ML model."
operational_benchmarks_v1,0a97519bd78f561a,phase_ta_rare|phase=PHASE1/PHASE2|ta=EAR/NOSE/THROAT|rare=0,PHASE1/PHASE2,,EAR/NOSE/THROAT,0,phase_ta_rare,8,26.75,35.5,45.0,68.7,True,9,4.0,5.0,8.0,9.6,True,8,4.2,6.75,14.56,18.8,True,2026-06-02T17:43:11+00:00,"positive completed ACTUAL enrollment, positive completed registry-derived facility-count proxy, and completed ACTUAL enrollment per positive facility-count proxy; percentiles used without winsorization","Deterministic combined operational benchmark for planned enrollment, site-count proxy, and enrollment-coherent patients-per-site defaults; no operational ML model."
operational_benchmarks_v1,0a97519bd78f561a,phase_ta_rare|phase=PHASE1/PHASE2|ta=GASTROINTESTINAL|rare=0,PHASE1/PHASE2,,GASTROINTESTINAL,0,phase_ta_rare,59,24.0,40.0,74.0,130.4,False,58,1.0,1.0,4.75,12.3,False,56,7.88,22.0,45.75,75.0,False,2026-06-02T17:43:11+00:00,"positive completed ACTUAL enrollment, positive completed registry-derived facility-count proxy, and completed ACTUAL enrollment per positive facility-count proxy; percentiles used without winsorization","Deterministic combined operational benchmark for planned enrollment, site-count proxy, and enrollment-coherent patients-per-site defaults; no operational ML model."
operational_benchmarks_v1,0a97519bd78f561a,phase_ta_rare|phase=PHASE1/PHASE2|ta=GASTROINTESTINAL|rare=1,PHASE1/PHASE2,,GASTROINTESTINAL,1,phase_ta_rare,8,8.75,18.0,36.75,42.3,True,8,1.75,5.5,11.5,20.2,True,8,2.8,3.66,5.38,8.0,True,2026-06-02T17:43:11+00:00,"positive completed ACTUAL enrollment, positive completed registry-derived facility-count proxy, and completed ACTUAL enrollment per positive facility-count proxy; percentiles used without winsorization","Deterministic combined operational benchmark for planned enrollment, site-count proxy, and enrollment-coherent patients-per-site defaults; no operational ML model."
operational_benchmarks_v1,0a97519bd78f561a,phase_ta_rare|phase=PHASE1/PHASE2|ta=GENETIC|rare=0,PHASE1/PHASE2,,GENETIC,0,phase_ta_rare,1,40.0,40.0,40.0,40.0,True,1,3.0,3.0,3.0,3.0,True,1,13.33,13.33,13.33,13.33,True,2026-06-02T17:43:11+00:00,"positive completed ACTUAL enrollment, positive completed registry-derived facility-count proxy, and completed ACTUAL enrollment per positive facility-count proxy; percentiles used without winsorization","Deterministic combined operational benchmark for planned enrollment, site-count proxy, and enrollment-coherent patients-per-site defaults; no operational ML model."
operational_benchmarks_v1,0a97519bd78f561a,phase_ta_rare|phase=PHASE1/PHASE2|ta=GENETIC|rare=1,PHASE1/PHASE2,,GENETIC,1,phase_ta_rare,57,10.0,16.0,24.0,44.0,False,57,2.0,4.0,8.0,14.4,False,57,1.93,3.0,7.0,18.1,False,2026-06-02T17:43:11+00:00,"positive completed ACTUAL enrollment, positive completed registry-derived facility-count proxy, and completed ACTUAL enrollment per positive facility-count proxy; percentiles used without winsorization","Deterministic combined operational benchmark for planned enrollment, site-count proxy, and enrollment-coherent patients-per-site defaults; no operational ML model."
operational_benchmarks_v1,0a97519bd78f561a,phase_ta_rare|phase=PHASE1/PHASE2|ta=HEMATOLOGY|rare=0,PHASE1/PHASE2,,HEMATOLOGY,0,phase_ta_rare,39,30.5,45.0,66.0,92.0,True,40,3.75,9.0,14.25,20.4,True,39,3.02,5.0,12.17,28.0,True,2026-06-02T17:43:11+00:00,"positive completed ACTUAL enrollment, positive completed registry-derived facility-count proxy, and completed ACTUAL enrollment per positive facility-count proxy; percentiles used without winsorization","Deterministic combined operational benchmark for planned enrollment, site-count proxy, and enrollment-coherent patients-per-site defaults; no operational ML model."
operational_benchmarks_v1,0a97519bd78f561a,phase_ta_rare|phase=PHASE1/PHASE2|ta=HEMATOLOGY|rare=1,PHASE1/PHASE2,,HEMATOLOGY,1,phase_ta_rare,44,15.75,25.5,56.0,87.6,True,45,4.0,6.0,13.0,22.6,True,44,1.63,3.18,10.25,23.6,True,2026-06-02T17:43:11+00:00,"positive completed ACTUAL enrollment, positive completed registry-derived facility-count proxy, and completed ACTUAL enrollment per positive facility-count proxy; percentiles used without winsorization","Deterministic combined operational benchmark for planned enrollment, site-count proxy, and enrollment-coherent patients-per-site defaults; no operational ML model."
operational_benchmarks_v1,0a97519bd78f561a,phase_ta_rare|phase=PHASE1/PHASE2|ta=IMMUNOLOGY|rare=0,PHASE1/PHASE2,,IMMUNOLOGY,0,phase_ta_rare,11,26.0,30.0,89.0,143.0,True,11,9.0,12.0,16.0,18.0,True,11,2.17,4.87,5.64,11.65,True,2026-06-02T17:43:11+00:00,"positive completed ACTUAL enrollment, positive completed registry-derived facility-count proxy, and completed ACTUAL enrollment per positive facility-count proxy; percentiles used without winsorization","Deterministic combined operational benchmark for planned enrollment, site-count proxy, and enrollment-coherent patients-per-site defaults; no operational ML model."
operational_benchmarks_v1,0a97519bd78f561a,phase_ta_rare|phase=PHASE1/PHASE2|ta=IMMUNOLOGY|rare=1,PHASE1/PHASE2,,IMMUNOLOGY,1,phase_ta_rare,13,20.0,30.0,45.0,68.0,True,12,3.0,10.5,18.5,21.8,True,12,2.17,3.98,6.75,10.0,True,2026-06-02T17:43:11+00:00,"positive completed ACTUAL enrollment, positive completed registry-derived facility-count proxy, and completed ACTUAL enrollment per positive facility-count proxy; percentiles used without winsorization","Deterministic combined operational benchmark for planned enrollment, site-count proxy, and enrollment-coherent patients-per-site defaults; no operational ML model."
operational_benchmarks_v1,0a97519bd78f561a,phase_ta_rare|phase=PHASE1/PHASE2|ta=INFECTIONS|rare=0,PHASE1/PHASE2,,INFECTIONS,0,phase_ta_rare,236,48.0,142.5,407.25,781.0,False,229,1.0,3.0,12.0,25.0,False,226,16.34,34.1,78.5,260.0,False,2026-06-02T17:43:11+00:00,"positive completed ACTUAL enrollment, positive completed registry-derived facility-count proxy, and completed ACTUAL enrollment per positive facility-count proxy; percentiles used without winsorization","Deterministic combined operational benchmark for planned enrollment, site-count proxy, and enrollment-coherent patients-per-site defaults; no operational ML model."
operational_benchmarks_v1,0a97519bd78f561a,phase_ta_rare|phase=PHASE1/PHASE2|ta=INFECTIONS|rare=1,PHASE1/PHASE2,,INFECTIONS,1,phase_ta_rare,3,52.0,96.0,112.5,122.4,True,3,2.0,3.0,6.0,7.8,True,3,6.67,10.67,69.83,105.33,True,2026-06-02T17:43:11+00:00,"positive completed ACTUAL enrollment, positive completed registry-derived facility-count proxy, and completed ACTUAL enrollment per positive facility-count proxy; percentiles used without winsorization","Deterministic combined operational benchmark for planned enrollment, site-count proxy, and enrollment-coherent patients-per-site defaults; no operational ML model."
operational_benchmarks_v1,0a97519bd78f561a,phase_ta_rare|phase=PHASE1/PHASE2|ta=METABOLIC|rare=0,PHASE1/PHASE2,,METABOLIC,0,phase_ta_rare,64,24.75,45.5,81.75,132.6,False,61,1.0,2.0,5.0,11.0,False,61,10.0,25.0,43.0,72.0,False,2026-06-02T17:43:11+00:00,"positive completed ACTUAL enrollment, positive completed registry-derived facility-count proxy, and completed ACTUAL enrollment per positive facility-count proxy; percentiles used without winsorization","Deterministic combined operational benchmark for planned enrollment, site-count proxy, and enrollment-coherent patients-per-site defaults; no operational ML model."
operational_benchmarks_v1,0a97519bd78f561a,phase_ta_rare|phase=PHASE1/PHASE2|ta=METABOLIC|rare=1,PHASE1/PHASE2,,METABOLIC,1,phase_ta_rare,5,12.0,20.0,30.0,91.2,True,4,5.0,6.5,8.75,11.9,True,4,1.82,2.07,18.11,46.84,True,2026-06-02T17:43:11+00:00,"positive completed ACTUAL enrollment, positive completed registry-derived facility-count proxy, and completed ACTUAL enrollment per positive facility-count proxy; percentiles used without winsorization","Deterministic combined operational benchmark for planned enrollment, site-count proxy, and enrollment-coherent patients-per-site defaults; no operational ML model."
operational_benchmarks_v1,0a97519bd78f561a,phase_ta_rare|phase=PHASE1/PHASE2|ta=MUSCULOSKELETAL|rare=0,PHASE1/PHASE2,,MUSCULOSKELETAL,0,phase_ta_rare,72,24.0,40.0,70.75,138.1,False,70,1.0,2.0,6.0,13.2,False,69,6.0,13.33,30.0,49.8,False,2026-06-02T17:43:11+00:00,"positive completed ACTUAL enrollment, positive completed registry-derived facility-count proxy, and completed ACTUAL enrollment per positive facility-count proxy; percentiles used without winsorization","Deterministic combined operational benchmark for planned enrollment, site-count proxy, and enrollment-coherent patients-per-site defaults; no operational ML model."
operational_benchmarks_v1,0a97519bd78f561a,phase_ta_rare|phase=PHASE1/PHASE2|ta=MUSCULOSKELETAL|rare=1,PHASE1/PHASE2,,MUSCULOSKELETAL,1,phase_ta_rare,19,8.5,19.0,39.0,52.4,True,18,3.0,5.0,6.75,8.6,True,18,3.25,4.69,6.15,8.31,True,2026-06-02T17:43:11+00:00,"positive completed ACTUAL enrollment, positive completed registry-derived facility-count proxy, and completed ACTUAL enrollment per positive facility-count proxy; percentiles used without winsorization","Deterministic combined operational benchmark for planned enrollment, site-count proxy, and enrollment-coherent patients-per-site defaults; no operational ML model."
operational_benchmarks_v1,0a97519bd78f561a,phase_ta_rare|phase=PHASE1/PHASE2|ta=NEUROLOGY|rare=0,PHASE1/PHASE2,,NEUROLOGY,0,phase_ta_rare,67,18.5,31.0,46.5,65.0,False,66,1.0,2.5,5.75,13.0,False,66,5.24,11.76,23.75,35.5,False,2026-06-02T17:43:11+00:00,"positive completed ACTUAL enrollment, positive completed registry-derived facility-count proxy, and completed ACTUAL enrollment per positive facility-count proxy; percentiles used without winsorization","Deterministic combined operational benchmark for planned enrollment, site-count proxy, and enrollment-coherent patients-per-site defaults; no operational ML model."
operational_benchmarks_v1,0a97519bd78f561a,phase_ta_rare|phase=PHASE1/PHASE2|ta=NEUROLOGY|rare=1,PHASE1/PHASE2,,NEUROLOGY,1,phase_ta_rare,20,15.0,23.5,41.5,53.0,True,19,1.0,2.0,10.0,19.0,True,19,3.72,5.75,12.0,17.6,True,2026-06-02T17:43:11+00:00,"positive completed ACTUAL enrollment, positive completed registry-derived facility-count proxy, and completed ACTUAL enrollment per positive facility-count proxy; percentiles used without winsorization","Deterministic combined operational benchmark for planned enrollment, site-count proxy, and enrollment-coherent patients-per-site defaults; no operational ML model."
operational_benchmarks_v1,0a97519bd78f561a,phase_ta_rare|phase=PHASE1/PHASE2|ta=ONCOLOGY|rare=0,PHASE1/PHASE2,,ONCOLOGY,0,phase_ta_rare,716,30.0,62.0,127.0,225.5,False,718,4.0,10.0,21.0,40.0,False,709,3.74,6.5,12.0,26.0,False,2026-06-02T17:43:11+00:00,"positive completed ACTUAL enrollment, positive completed registry-derived facility-count proxy, and completed ACTUAL enrollment per positive facility-count proxy; percentiles used without winsorization","Deterministic combined operational benchmark for planned enrollment, site-count proxy, and enrollment-coherent patients-per-site defaults; no operational ML model."
operational_benchmarks_v1,0a97519bd78f561a,phase_ta_rare|phase=PHASE1/PHASE2|ta=ONCOLOGY|rare=1,PHASE1/PHASE2,,ONCOLOGY,1,phase_ta_rare,36,19.75,46.0,72.75,143.5,True,36,5.0,14.0,23.0,34.5,True,35,2.18,4.12,7.67,9.61,True,2026-06-02T17:43:11+00:00,"positive completed ACTUAL enrollment, positive completed registry-derived facility-count proxy, and completed ACTUAL enrollment per positive facility-count proxy; percentiles used without winsorization","Deterministic combined operational benchmark for planned enrollment, site-count proxy, and enrollment-coherent patients-per-site defaults; no operational ML model."
operational_benchmarks_v1,0a97519bd78f561a,phase_ta_rare|phase=PHASE1/PHASE2|ta=OPHTHALMOLOGY|rare=0,PHASE1/PHASE2,,OPHTHALMOLOGY,0,phase_ta_rare,87,26.0,55.0,104.5,155.8,False,84,1.0,3.5,9.0,18.7,False,83,3.67,12.6,57.5,103.2,False,2026-06-02T17:43:11+00:00,"positive completed ACTUAL enrollment, positive completed registry-derived facility-count proxy, and completed ACTUAL enrollment per positive facility-count proxy; percentiles used without winsorization","Deterministic combined operational benchmark for planned enrollment, site-count proxy, and enrollment-coherent patients-per-site defaults; no operational ML model."
operational_benchmarks_v1,0a97519bd78f561a,phase_ta_rare|phase=PHASE1/PHASE2|ta=OPHTHALMOLOGY|rare=1,PHASE1/PHASE2,,OPHTHALMOLOGY,1,phase_ta_rare,26,13.0,19.5,46.25,110.5,True,26,2.0,3.0,5.0,17.5,True,26,4.5,6.12,11.0,16.38,True,2026-06-02T17:43:11+00:00,"positive completed ACTUAL enrollment, positive completed registry-derived facility-count proxy, and completed ACTUAL enrollment per positive facility-count proxy; percentiles used without winsorization","Deterministic combined operational benchmark for planned enrollment, site-count proxy, and enrollment-coherent patients-per-site defaults; no operational ML model."
operational_benchmarks_v1,0a97519bd78f561a,phase_ta_rare|phase=PHASE1/PHASE2|ta=PSYCHIATRY|rare=0,PHASE1/PHASE2,,PSYCHIATRY,0,phase_ta_rare,35,28.0,51.0,73.5,158.0,True,36,1.0,1.5,2.25,6.0,True,35,16.0,26.0,40.25,55.2,True,2026-06-02T17:43:11+00:00,"positive completed ACTUAL enrollment, positive completed registry-derived facility-count proxy, and completed ACTUAL enrollment per positive facility-count proxy; percentiles used without winsorization","Deterministic combined operational benchmark for planned enrollment, site-count proxy, and enrollment-coherent patients-per-site defaults; no operational ML model."
operational_benchmarks_v1,0a97519bd78f561a,phase_ta_rare|phase=PHASE1/PHASE2|ta=RENAL/UROLOGY|rare=0,PHASE1/PHASE2,,RENAL/UROLOGY,0,phase_ta_rare,39,21.0,31.0,46.5,85.0,True,39,1.0,3.0,6.0,14.2,True,39,4.83,12.0,25.5,43.0,True,2026-06-02T17:43:11+00:00,"positive completed ACTUAL enrollment, positive completed registry-derived facility-count proxy, and completed ACTUAL enrollment per positive facility-count proxy; percentiles used without winsorization","Deterministic combined operational benchmark for planned enrollment, site-count proxy, and enrollment-coherent patients-per-site defaults; no operational ML model."
operational_benchmarks_v1,0a97519bd78f561a,phase_ta_rare|phase=PHASE1/PHASE2|ta=RENAL/UROLOGY|rare=1,PHASE1/PHASE2,,RENAL/UROLOGY,1,phase_ta_rare,6,22.0,40.0,59.5,65.5,True,6,8.25,10.0,14.75,16.5,True,6,3.59,4.83,6.15,7.64,True,2026-06-02T17:43:11+00:00,"positive completed ACTUAL enrollment, positive completed registry-derived facility-count proxy, and completed ACTUAL enrollment per positive facility-count proxy; percentiles used without winsorization","Deterministic combined operational benchmark for planned enrollment, site-count proxy, and enrollment-coherent patients-per-site defaults; no operational ML model."
operational_benchmarks_v1,0a97519bd78f561a,phase_ta_rare|phase=PHASE1/PHASE2|ta=REPRODUCTIVE|rare=0,PHASE1/PHASE2,,REPRODUCTIVE,0,phase_ta_rare,16,33.25,48.0,58.0,140.0,True,16,1.0,1.0,1.25,2.5,True,15,16.83,44.0,51.0,147.8,True,2026-06-02T17:43:11+00:00,"positive completed ACTUAL enrollment, positive completed registry-derived facility-count proxy, and completed ACTUAL enrollment per positive facility-count proxy; percentiles used without winsorization","Deterministic combined operational benchmark for planned enrollment, site-count proxy, and enrollment-coherent patients-per-site defaults; no operational ML model."
operational_benchmarks_v1,0a97519bd78f561a,phase_ta_rare|phase=PHASE1/PHASE2|ta=RESPIRATORY|rare=0,PHASE1/PHASE2,,RESPIRATORY,0,phase_ta_rare,48,25.5,47.5,75.0,105.9,True,47,1.0,2.0,6.5,12.0,True,46,7.01,15.44,38.88,64.5,True,2026-06-02T17:43:11+00:00,"positive completed ACTUAL enrollment, positive completed registry-derived facility-count proxy, and completed ACTUAL enrollment per positive facility-count proxy; percentiles used without winsorization","Deterministic combined operational benchmark for planned enrollment, site-count proxy, and enrollment-coherent patients-per-site defaults; no operational ML model."
operational_benchmarks_v1,0a97519bd78f561a,phase_ta_rare|phase=PHASE1/PHASE2|ta=RESPIRATORY|rare=1,PHASE1/PHASE2,,RESPIRATORY,1,phase_ta_rare,15,16.5,29.0,45.0,135.4,True,15,3.5,11.0,24.0,34.0,True,15,1.77,3.4,4.96,8.4,True,2026-06-02T17:43:11+00:00,"positive completed ACTUAL enrollment, positive completed registry-derived facility-count proxy, and completed ACTUAL enrollment per positive facility-count proxy; percentiles used without winsorization","Deterministic combined operational benchmark for planned enrollment, site-count proxy, and enrollment-coherent patients-per-site defaults; no operational ML model."
operational_benchmarks_v1,0a97519bd78f561a,phase_ta_rare|phase=PHASE1/PHASE2|ta=UNCLASSIFIED|rare=0,PHASE1/PHASE2,,UNCLASSIFIED,0,phase_ta_rare,1,65.0,65.0,65.0,65.0,True,1,1.0,1.0,1.0,1.0,True,1,65.0,65.0,65.0,65.0,True,2026-06-02T17:43:11+00:00,"positive completed ACTUAL enrollment, positive completed registry-derived facility-count proxy, and completed ACTUAL enrollment per positive facility-count proxy; percentiles used without winsorization","Deterministic combined operational benchmark for planned enrollment, site-count proxy, and enrollment-coherent patients-per-site defaults; no operational ML model."
operational_benchmarks_v1,0a97519bd78f561a,phase_ta_rare|phase=PHASE2|ta=CARDIOVASCULAR|rare=0,PHASE2,,CARDIOVASCULAR,0,phase_ta_rare,406,48.0,108.0,248.75,426.5,False,402,4.0,15.0,36.0,77.8,False,398,4.0,7.0,16.0,60.0,False,2026-06-02T17:43:11+00:00,"positive completed ACTUAL enrollment, positive completed registry-derived facility-count proxy, and completed ACTUAL enrollment per positive facility-count proxy; percentiles used without winsorization","Deterministic combined operational benchmark for planned enrollment, site-count proxy, and enrollment-coherent patients-per-site defaults; no operational ML model."
operational_benchmarks_v1,0a97519bd78f561a,phase_ta_rare|phase=PHASE2|ta=CARDIOVASCULAR|rare=1,PHASE2,,CARDIOVASCULAR,1,phase_ta_rare,33,20.0,26.0,59.0,93.2,True,33,4.0,8.0,14.0,34.4,True,33,2.0,3.56,7.83,18.0,True,2026-06-02T17:43:11+00:00,"positive completed ACTUAL enrollment, positive completed registry-derived facility-count proxy, and completed ACTUAL enrollment per positive facility-count proxy; percentiles used without winsorization","Deterministic combined operational benchmark for planned enrollment, site-count proxy, and enrollment-coherent patients-per-site defaults; no operational ML model."
operational_benchmarks_v1,0a97519bd78f561a,phase_ta_rare|phase=PHASE2|ta=DENTAL|rare=0,PHASE2,,DENTAL,0,phase_ta_rare,80,60.0,112.5,193.75,275.9,False,81,1.0,1.0,1.0,3.0,False,79,37.0,90.0,185.0,258.0,False,2026-06-02T17:43:11+00:00,"positive completed ACTUAL enrollment, positive completed registry-derived facility-count proxy, and completed ACTUAL enrollment per positive facility-count proxy; percentiles used without winsorization","Deterministic combined operational benchmark for planned enrollment, site-count proxy, and enrollment-coherent patients-per-site defaults; no operational ML model."
operational_benchmarks_v1,0a97519bd78f561a,phase_ta_rare|phase=PHASE2|ta=DENTAL|rare=1,PHASE2,,DENTAL,1,phase_ta_rare,1,41.0,41.0,41.0,41.0,True,1,1.0,1.0,1.0,1.0,True,1,41.0,41.0,41.0,41.0,True,2026-06-02T17:43:11+00:00,"positive completed ACTUAL enrollment, positive completed registry-derived facility-count proxy, and completed ACTUAL enrollment per positive facility-count proxy; percentiles used without winsorization","Deterministic combined operational benchmark for planned enrollment, site-count proxy, and enrollment-coherent patients-per-site defaults; no operational ML model."
operational_benchmarks_v1,0a97519bd78f561a,phase_ta_rare|phase=PHASE2|ta=DERMATOLOGY|rare=0,PHASE2,,DERMATOLOGY,0,phase_ta_rare,815,43.0,98.0,194.0,270.6,False,807,2.0,8.0,20.0,41.4,False,792,5.1,10.55,24.64,79.9,False,2026-06-02T17:43:11+00:00,"positive completed ACTUAL enrollment, positive completed registry-derived facility-count proxy, and completed ACTUAL enrollment per positive facility-count proxy; percentiles used without winsorization","Deterministic combined operational benchmark for planned enrollment, site-count proxy, and enrollment-coherent patients-per-site defaults; no operational ML model."
operational_benchmarks_v1,0a97519bd78f561a,phase_ta_rare|phase=PHASE2|ta=DERMATOLOGY|rare=1,PHASE2,,DERMATOLOGY,1,phase_ta_rare,36,10.75,33.5,49.5,151.0,True,36,2.0,8.0,19.25,35.5,True,36,2.39,3.9,6.03,13.5,True,2026-06-02T17:43:11+00:00,"positive completed ACTUAL enrollment, positive completed registry-derived facility-count proxy, and completed ACTUAL enrollment per positive facility-count proxy; percentiles used without winsorization","Deterministic combined operational benchmark for planned enrollment, site-count proxy, and enrollment-coherent patients-per-site defaults; no operational ML model."
operational_benchmarks_v1,0a97519bd78f561a,phase_ta_rare|phase=PHASE2|ta=EAR/NOSE/THROAT|rare=0,PHASE2,,EAR/NOSE/THROAT,0,phase_ta_rare,45,40.0,82.0,126.0,169.6,True,48,1.0,3.5,13.5,16.6,True,45,5.12,11.46,52.0,115.6,True,2026-06-02T17:43:11+00:00,"positive completed ACTUAL enrollment, positive completed registry-derived facility-count proxy, and completed ACTUAL enrollment per positive facility-count proxy; percentiles used without winsorization","Deterministic combined operational benchmark for planned enrollment, site-count proxy, and enrollment-coherent patients-per-site defaults; no operational ML model."
operational_benchmarks_v1,0a97519bd78f561a,phase_ta_rare|phase=PHASE2|ta=EAR/NOSE/THROAT|rare=1,PHASE2,,EAR/NOSE/THROAT,1,phase_ta_rare,1,40.0,40.0,40.0,40.0,True,1,1.0,1.0,1.0,1.0,True,1,40.0,40.0,40.0,40.0,True,2026-06-02T17:43:11+00:00,"positive completed ACTUAL enrollment, positive completed registry-derived facility-count proxy, and completed ACTUAL enrollment per positive facility-count proxy; percentiles used without winsorization","Deterministic combined operational benchmark for planned enrollment, site-count proxy, and enrollment-coherent patients-per-site defaults; no operational ML model."
operational_benchmarks_v1,0a97519bd78f561a,phase_ta_rare|phase=PHASE2|ta=GASTROINTESTINAL|rare=0,PHASE2,,GASTROINTESTINAL,0,phase_ta_rare,732,47.0,98.5,189.0,306.8,False,694,3.0,17.0,41.0,81.7,False,688,2.77,5.27,12.39,61.15,False,2026-06-02T17:43:11+00:00,"positive completed ACTUAL enrollment, positive completed registry-derived facility-count proxy, and completed ACTUAL enrollment per positive facility-count proxy; percentiles used without winsorization","Deterministic combined operational benchmark for planned enrollment, site-count proxy, and enrollment-coherent patients-per-site defaults; no operational ML model."
operational_benchmarks_v1,0a97519bd78f561a,phase_ta_rare|phase=PHASE2|ta=GASTROINTESTINAL|rare=1,PHASE2,,GASTROINTESTINAL,1,phase_ta_rare,47,23.0,36.0,71.0,112.4,True,47,4.0,13.0,23.5,40.8,True,47,2.24,3.13,5.0,8.0,True,2026-06-02T17:43:11+00:00,"positive completed ACTUAL enrollment, positive completed registry-derived facility-count proxy, and completed ACTUAL enrollment per positive facility-count proxy; percentiles used without winsorization","Deterministic combined operational benchmark for planned enrollment, site-count proxy, and enrollment-coherent patients-per-site defaults; no operational ML model."
operational_benchmarks_v1,0a97519bd78f561a,phase_ta_rare|phase=PHASE2|ta=GENETIC|rare=0,PHASE2,,GENETIC,0,phase_ta_rare,6,39.0,50.5,70.25,124.5,True,6,10.75,24.5,36.75,63.0,True,6,2.0,3.65,4.43,6.17,True,2026-06-02T17:43:11+00:00,"positive completed ACTUAL enrollment, positive completed registry-derived facility-count proxy, and completed ACTUAL enrollment per positive facility-count proxy; percentiles used without winsorization","Deterministic combined operational benchmark for planned enrollment, site-count proxy, and enrollment-coherent patients-per-site defaults; no operational ML model."
operational_benchmarks_v1,0a97519bd78f561a,phase_ta_rare|phase=PHASE2|ta=GENETIC|rare=1,PHASE2,,GENETIC,1,phase_ta_rare,116,12.75,25.0,46.25,77.0,False,116,4.0,7.0,14.25,24.5,False,115,2.0,3.75,7.1,10.88,False,2026-06-02T17:43:11+00:00,"positive completed ACTUAL enrollment, positive completed registry-derived facility-count proxy, and completed ACTUAL enrollment per positive facility-count proxy; percentiles used without winsorization","Deterministic combined operational benchmark for planned enrollment, site-count proxy, and enrollment-coherent patients-per-site defaults; no operational ML model."
operational_benchmarks_v1,0a97519bd78f561a,phase_ta_rare|phase=PHASE2|ta=HEMATOLOGY|rare=0,PHASE2,,HEMATOLOGY,0,phase_ta_rare,74,26.5,56.5,96.75,194.4,False,72,6.0,15.5,33.0,53.7,False,72,2.19,4.0,9.3,21.0,False,2026-06-02T17:43:11+00:00,"positive completed ACTUAL enrollment, positive completed registry-derived facility-count proxy, and completed ACTUAL enrollment per positive facility-count proxy; percentiles used without winsorization","Deterministic combined operational benchmark for planned enrollment, site-count proxy, and enrollment-coherent patients-per-site defaults; no operational ML model."
operational_benchmarks_v1,0a97519bd78f561a,phase_ta_rare|phase=PHASE2|ta=HEMATOLOGY|rare=1,PHASE2,,HEMATOLOGY,1,phase_ta_rare,141,20.0,34.0,61.0,106.0,False,142,4.0,10.5,21.0,31.9,False,141,2.02,3.0,6.0,13.0,False,2026-06-02T17:43:11+00:00,"positive completed ACTUAL enrollment, positive completed registry-derived facility-count proxy, and completed ACTUAL enrollment per positive facility-count proxy; percentiles used without winsorization","Deterministic combined operational benchmark for planned enrollment, site-count proxy, and enrollment-coherent patients-per-site defaults; no operational ML model."
operational_benchmarks_v1,0a97519bd78f561a,phase_ta_rare|phase=PHASE2|ta=IMMUNOLOGY|rare=0,PHASE2,,IMMUNOLOGY,0,phase_ta_rare,62,49.5,115.5,257.25,360.8,False,63,9.0,25.0,82.5,126.6,False,61,2.53,3.6,6.03,14.0,False,2026-06-02T17:43:11+00:00,"positive completed ACTUAL enrollment, positive completed registry-derived facility-count proxy, and completed ACTUAL enrollment per positive facility-count proxy; percentiles used without winsorization","Deterministic combined operational benchmark for planned enrollment, site-count proxy, and enrollment-coherent patients-per-site defaults; no operational ML model."
operational_benchmarks_v1,0a97519bd78f561a,phase_ta_rare|phase=PHASE2|ta=IMMUNOLOGY|rare=1,PHASE2,,IMMUNOLOGY,1,phase_ta_rare,72,20.75,32.5,75.0,179.0,False,73,6.0,13.0,34.0,62.0,False,71,2.09,2.88,3.61,8.0,False,2026-06-02T17:43:11+00:00,"positive completed ACTUAL enrollment, positive completed registry-derived facility-count proxy, and completed ACTUAL enrollment per positive facility-count proxy; percentiles used without winsorization","Deterministic combined operational benchmark for planned enrollment, site-count proxy, and enrollment-coherent patients-per-site defaults; no operational ML model."
operational_benchmarks_v1,0a97519bd78f561a,phase_ta_rare|phase=PHASE2|ta=INFECTIONS|rare=0,PHASE2,,INFECTIONS,0,phase_ta_rare,861,64.0,150.0,360.0,720.0,False,839,1.0,6.0,16.0,35.0,False,837,8.86,30.0,75.0,180.66,False,2026-06-02T17:43:11+00:00,"positive completed ACTUAL enrollment, positive completed registry-derived facility-count proxy, and completed ACTUAL enrollment per positive facility-count proxy; percentiles used without winsorization","Deterministic combined operational benchmark for planned enrollment, site-count proxy, and enrollment-coherent patients-per-site defaults; no operational ML model."
operational_benchmarks_v1,0a97519bd78f561a,phase_ta_rare|phase=PHASE2|ta=INFECTIONS|rare=1,PHASE2,,INFECTIONS,1,phase_ta_rare,12,75.5,171.5,583.5,1027.5,True,12,2.0,4.5,7.0,17.8,True,12,8.16,47.25,100.32,285.36,True,2026-06-02T17:43:11+00:00,"positive completed ACTUAL enrollment, positive completed registry-derived facility-count proxy, and completed ACTUAL enrollment per positive facility-count proxy; percentiles used without winsorization","Deterministic combined operational benchmark for planned enrollment, site-count proxy, and enrollment-coherent patients-per-site defaults; no operational ML model."
operational_benchmarks_v1,0a97519bd78f561a,phase_ta_rare|phase=PHASE2|ta=METABOLIC|rare=0,PHASE2,,METABOLIC,0,phase_ta_rare,524,54.75,117.5,254.25,401.8,False,512,1.0,10.5,30.0,61.9,False,509,5.72,10.2,25.0,81.2,False,2026-06-02T17:43:11+00:00,"positive completed ACTUAL enrollment, positive completed registry-derived facility-count proxy, and completed ACTUAL enrollment per positive facility-count proxy; percentiles used without winsorization","Deterministic combined operational benchmark for planned enrollment, site-count proxy, and enrollment-coherent patients-per-site defaults; no operational ML model."
operational_benchmarks_v1,0a97519bd78f561a,phase_ta_rare|phase=PHASE2|ta=METABOLIC|rare=1,PHASE2,,METABOLIC,1,phase_ta_rare,45,13.0,27.0,45.0,102.4,True,42,3.25,8.5,23.5,33.0,True,42,1.83,2.71,4.89,8.83,True,2026-06-02T17:43:11+00:00,"positive completed ACTUAL enrollment, positive completed registry-derived facility-count proxy, and completed ACTUAL enrollment per positive facility-count proxy; percentiles used without winsorization","Deterministic combined operational benchmark for planned enrollment, site-count proxy, and enrollment-coherent patients-per-site defaults; no operational ML model."
operational_benchmarks_v1,0a97519bd78f561a,phase_ta_rare|phase=PHASE2|ta=MUSCULOSKELETAL|rare=0,PHASE2,,MUSCULOSKELETAL,0,phase_ta_rare,508,66.75,130.5,230.25,342.2,False,494,3.0,13.0,34.0,56.7,False,487,4.44,9.14,24.75,81.4,False,2026-06-02T17:43:11+00:00,"positive completed ACTUAL enrollment, positive completed registry-derived facility-count proxy, and completed ACTUAL enrollment per positive facility-count proxy; percentiles used without winsorization","Deterministic combined operational benchmark for planned enrollment, site-count proxy, and enrollment-coherent patients-per-site defaults; no operational ML model."
operational_benchmarks_v1,0a97519bd78f561a,phase_ta_rare|phase=PHASE2|ta=MUSCULOSKELETAL|rare=1,PHASE2,,MUSCULOSKELETAL,1,phase_ta_rare,47,14.5,32.0,51.0,69.2,True,47,4.0,8.0,12.0,16.4,True,47,2.52,4.0,6.0,13.2,True,2026-06-02T17:43:11+00:00,"positive completed ACTUAL enrollment, positive completed registry-derived facility-count proxy, and completed ACTUAL enrollment per positive facility-count proxy; percentiles used without winsorization","Deterministic combined operational benchmark for planned enrollment, site-count proxy, and enrollment-coherent patients-per-site defaults; no operational ML model."
operational_benchmarks_v1,0a97519bd78f561a,phase_ta_rare|phase=PHASE2|ta=NEUROLOGY|rare=0,PHASE2,,NEUROLOGY,0,phase_ta_rare,572,39.0,96.5,200.0,360.0,False,568,4.0,13.0,33.0,58.6,False,556,3.94,6.23,13.28,50.25,False,2026-06-02T17:43:11+00:00,"positive completed ACTUAL enrollment, positive completed registry-derived facility-count proxy, and completed ACTUAL enrollment per positive facility-count proxy; percentiles used without winsorization","Deterministic combined operational benchmark for planned enrollment, site-count proxy, and enrollment-coherent patients-per-site defaults; no operational ML model."
operational_benchmarks_v1,0a97519bd78f561a,phase_ta_rare|phase=PHASE2|ta=NEUROLOGY|rare=1,PHASE2,,NEUROLOGY,1,phase_ta_rare,143,29.0,46.0,89.0,158.2,False,145,2.0,8.0,21.0,40.6,False,142,3.22,5.64,12.0,29.95,False,2026-06-02T17:43:11+00:00,"positive completed ACTUAL enrollment, positive completed registry-derived facility-count proxy, and completed ACTUAL enrollment per positive facility-count proxy; percentiles used without winsorization","Deterministic combined operational benchmark for planned enrollment, site-count proxy, and enrollment-coherent patients-per-site defaults; no operational ML model."
operational_benchmarks_v1,0a97519bd78f561a,phase_ta_rare|phase=PHASE2|ta=ONCOLOGY|rare=0,PHASE2,,ONCOLOGY,0,phase_ta_rare,1422,40.0,77.0,139.75,222.0,False,1387,6.0,17.0,36.0,64.4,False,1378,2.68,4.25,8.41,28.0,False,2026-06-02T17:43:11+00:00,"positive completed ACTUAL enrollment, positive completed registry-derived facility-count proxy, and completed ACTUAL enrollment per positive facility-count proxy; percentiles used without winsorization","Deterministic combined operational benchmark for planned enrollment, site-count proxy, and enrollment-coherent patients-per-site defaults; no operational ML model."
operational_benchmarks_v1,0a97519bd78f561a,phase_ta_rare|phase=PHASE2|ta=ONCOLOGY|rare=1,PHASE2,,ONCOLOGY,1,phase_ta_rare,148,23.75,45.0,87.0,129.7,False,146,6.0,15.0,32.0,55.0,False,145,1.88,3.44,5.77,10.0,False,2026-06-02T17:43:11+00:00,"positive completed ACTUAL enrollment, positive completed registry-derived facility-count proxy, and completed ACTUAL enrollment per positive facility-count proxy; percentiles used without winsorization","Deterministic combined operational benchmark for planned enrollment, site-count proxy, and enrollment-coherent patients-per-site defaults; no operational ML model."
operational_benchmarks_v1,0a97519bd78f561a,phase_ta_rare|phase=PHASE2|ta=OPHTHALMOLOGY|rare=0,PHASE2,,OPHTHALMOLOGY,0,phase_ta_rare,437,56.0,102.0,166.0,271.8,False,417,1.0,6.0,16.0,35.0,False,414,5.37,14.13,65.75,143.7,False,2026-06-02T17:43:11+00:00,"positive completed ACTUAL enrollment, positive completed registry-derived facility-count proxy, and completed ACTUAL enrollment per positive facility-count proxy; percentiles used without winsorization","Deterministic combined operational benchmark for planned enrollment, site-count proxy, and enrollment-coherent patients-per-site defaults; no operational ML model."
operational_benchmarks_v1,0a97519bd78f561a,phase_ta_rare|phase=PHASE2|ta=OPHTHALMOLOGY|rare=1,PHASE2,,OPHTHALMOLOGY,1,phase_ta_rare,29,12.0,33.0,66.0,113.6,True,29,1.0,5.0,12.0,23.4,True,29,2.95,4.5,12.0,22.2,True,2026-06-02T17:43:11+00:00,"positive completed ACTUAL enrollment, positive completed registry-derived facility-count proxy, and completed ACTUAL enrollment per positive facility-count proxy; percentiles used without winsorization","Deterministic combined operational benchmark for planned enrollment, site-count proxy, and enrollment-coherent patients-per-site defaults; no operational ML model."
operational_benchmarks_v1,0a97519bd78f561a,phase_ta_rare|phase=PHASE2|ta=PSYCHIATRY|rare=0,PHASE2,,PSYCHIATRY,0,phase_ta_rare,349,58.0,136.0,243.0,360.0,False,350,3.0,15.0,31.0,54.0,False,348,5.41,9.1,18.78,42.51,False,2026-06-02T17:43:11+00:00,"positive completed ACTUAL enrollment, positive completed registry-derived facility-count proxy, and completed ACTUAL enrollment per positive facility-count proxy; percentiles used without winsorization","Deterministic combined operational benchmark for planned enrollment, site-count proxy, and enrollment-coherent patients-per-site defaults; no operational ML model."
operational_benchmarks_v1,0a97519bd78f561a,phase_ta_rare|phase=PHASE2|ta=PSYCHIATRY|rare=1,PHASE2,,PSYCHIATRY,1,phase_ta_rare,7,14.5,18.0,87.5,157.4,True,7,1.0,4.0,22.0,43.2,True,7,4.08,6.0,11.0,14.0,True,2026-06-02T17:43:11+00:00,"positive completed ACTUAL enrollment, positive completed registry-derived facility-count proxy, and completed ACTUAL enrollment per positive facility-count proxy; percentiles used without winsorization","Deterministic combined operational benchmark for planned enrollment, site-count proxy, and enrollment-coherent patients-per-site defaults; no operational ML model."
operational_benchmarks_v1,0a97519bd78f561a,phase_ta_rare|phase=PHASE2|ta=RENAL/UROLOGY|rare=0,PHASE2,,RENAL/UROLOGY,0,phase_ta_rare,317,50.0,106.0,216.0,328.4,False,313,3.0,16.0,38.0,71.0,False,310,3.41,6.08,15.11,81.5,False,2026-06-02T17:43:11+00:00,"positive completed ACTUAL enrollment, positive completed registry-derived facility-count proxy, and completed ACTUAL enrollment per positive facility-count proxy; percentiles used without winsorization","Deterministic combined operational benchmark for planned enrollment, site-count proxy, and enrollment-coherent patients-per-site defaults; no operational ML model."
operational_benchmarks_v1,0a97519bd78f561a,phase_ta_rare|phase=PHASE2|ta=RENAL/UROLOGY|rare=1,PHASE2,,RENAL/UROLOGY,1,phase_ta_rare,45,15.0,31.0,80.0,165.2,True,45,7.0,17.0,35.0,55.2,True,45,1.24,2.0,3.43,5.05,True,2026-06-02T17:43:11+00:00,"positive completed ACTUAL enrollment, positive completed registry-derived facility-count proxy, and completed ACTUAL enrollment per positive facility-count proxy; percentiles used without winsorization","Deterministic combined operational benchmark for planned enrollment, site-count proxy, and enrollment-coherent patients-per-site defaults; no operational ML model."
operational_benchmarks_v1,0a97519bd78f561a,phase_ta_rare|phase=PHASE2|ta=REPRODUCTIVE|rare=0,PHASE2,,REPRODUCTIVE,0,phase_ta_rare,144,63.5,130.5,248.5,363.8,False,141,1.0,8.0,23.0,53.0,False,137,7.33,14.0,34.51,75.2,False,2026-06-02T17:43:11+00:00,"positive completed ACTUAL enrollment, positive completed registry-derived facility-count proxy, and completed ACTUAL enrollment per positive facility-count proxy; percentiles used without winsorization","Deterministic combined operational benchmark for planned enrollment, site-count proxy, and enrollment-coherent patients-per-site defaults; no operational ML model."
operational_benchmarks_v1,0a97519bd78f561a,phase_ta_rare|phase=PHASE2|ta=RESPIRATORY|rare=0,PHASE2,,RESPIRATORY,0,phase_ta_rare,628,42.0,85.5,211.0,421.0,False,617,1.0,8.0,29.0,71.0,False,603,4.95,9.2,26.0,72.07,False,2026-06-02T17:43:11+00:00,"positive completed ACTUAL enrollment, positive completed registry-derived facility-count proxy, and completed ACTUAL enrollment per positive facility-count proxy; percentiles used without winsorization","Deterministic combined operational benchmark for planned enrollment, site-count proxy, and enrollment-coherent patients-per-site defaults; no operational ML model."
operational_benchmarks_v1,0a97519bd78f561a,phase_ta_rare|phase=PHASE2|ta=RESPIRATORY|rare=1,PHASE2,,RESPIRATORY,1,phase_ta_rare,50,34.5,84.0,122.25,167.6,False,50,9.25,22.0,37.0,65.1,False,50,2.27,3.66,5.88,10.0,False,2026-06-02T17:43:11+00:00,"positive completed ACTUAL enrollment, positive completed registry-derived facility-count proxy, and completed ACTUAL enrollment per positive facility-count proxy; percentiles used without winsorization","Deterministic combined operational benchmark for planned enrollment, site-count proxy, and enrollment-coherent patients-per-site defaults; no operational ML model."
operational_benchmarks_v1,0a97519bd78f561a,phase_ta_rare|phase=PHASE2|ta=UNCLASSIFIED|rare=0,PHASE2,,UNCLASSIFIED,0,phase_ta_rare,31,38.0,91.0,176.5,239.0,True,30,1.0,2.0,9.5,18.0,True,30,12.5,22.0,66.75,118.65,True,2026-06-02T17:43:11+00:00,"positive completed ACTUAL enrollment, positive completed registry-derived facility-count proxy, and completed ACTUAL enrollment per positive facility-count proxy; percentiles used without winsorization","Deterministic combined operational benchmark for planned enrollment, site-count proxy, and enrollment-coherent patients-per-site defaults; no operational ML model."
operational_benchmarks_v1,0a97519bd78f561a,phase_ta_rare|phase=PHASE2|ta=UNCLASSIFIED|rare=1,PHASE2,,UNCLASSIFIED,1,phase_ta_rare,1,12.0,12.0,12.0,12.0,True,1,1.0,1.0,1.0,1.0,True,1,12.0,12.0,12.0,12.0,True,2026-06-02T17:43:11+00:00,"positive completed ACTUAL enrollment, positive completed registry-derived facility-count proxy, and completed ACTUAL enrollment per positive facility-count proxy; percentiles used without winsorization","Deterministic combined operational benchmark for planned enrollment, site-count proxy, and enrollment-coherent patients-per-site defaults; no operational ML model."
operational_benchmarks_v1,0a97519bd78f561a,phase_ta_rare|phase=PHASE2/PHASE3|ta=CARDIOVASCULAR|rare=0,PHASE2/PHASE3,,CARDIOVASCULAR,0,phase_ta_rare,19,121.0,326.0,418.5,680.6,True,19,2.5,16.0,89.0,109.6,True,19,5.1,12.77,33.25,88.4,True,2026-06-02T17:43:11+00:00,"positive completed ACTUAL enrollment, positive completed registry-derived facility-count proxy, and completed ACTUAL enrollment per positive facility-count proxy; percentiles used without winsorization","Deterministic combined operational benchmark for planned enrollment, site-count proxy, and enrollment-coherent patients-per-site defaults; no operational ML model."
operational_benchmarks_v1,0a97519bd78f561a,phase_ta_rare|phase=PHASE2/PHASE3|ta=CARDIOVASCULAR|rare=1,PHASE2/PHASE3,,CARDIOVASCULAR,1,phase_ta_rare,2,94.25,167.5,240.75,284.7,True,2,26.0,40.0,54.0,62.4,True,2,2.47,3.18,3.9,4.33,True,2026-06-02T17:43:11+00:00,"positive completed ACTUAL enrollment, positive completed registry-derived facility-count proxy, and completed ACTUAL enrollment per positive facility-count proxy; percentiles used without winsorization","Deterministic combined operational benchmark for planned enrollment, site-count proxy, and enrollment-coherent patients-per-site defaults; no operational ML model."
operational_benchmarks_v1,0a97519bd78f561a,phase_ta_rare|phase=PHASE2/PHASE3|ta=DENTAL|rare=0,PHASE2/PHASE3,,DENTAL,0,phase_ta_rare,2,100.0,100.0,100.0,100.0,True,2,1.0,1.0,1.0,1.0,True,2,100.0,100.0,100.0,100.0,True,2026-06-02T17:43:11+00:00,"positive completed ACTUAL enrollment, positive completed registry-derived facility-count proxy, and completed ACTUAL enrollment per positive facility-count proxy; percentiles used without winsorization","Deterministic combined operational benchmark for planned enrollment, site-count proxy, and enrollment-coherent patients-per-site defaults; no operational ML model."
operational_benchmarks_v1,0a97519bd78f561a,phase_ta_rare|phase=PHASE2/PHASE3|ta=DERMATOLOGY|rare=0,PHASE2/PHASE3,,DERMATOLOGY,0,phase_ta_rare,23,78.0,168.0,310.5,614.4,True,24,3.0,12.5,29.25,73.8,True,23,6.16,15.5,35.83,54.44,True,2026-06-02T17:43:11+00:00,"positive completed ACTUAL enrollment, positive completed registry-derived facility-count proxy, and completed ACTUAL enrollment per positive facility-count proxy; percentiles used without winsorization","Deterministic combined operational benchmark for planned enrollment, site-count proxy, and enrollment-coherent patients-per-site defaults; no operational ML model."
operational_benchmarks_v1,0a97519bd78f561a,phase_ta_rare|phase=PHASE2/PHASE3|ta=DERMATOLOGY|rare=1,PHASE2/PHASE3,,DERMATOLOGY,1,phase_ta_rare,5,98.0,106.0,107.0,254.6,True,5,17.0,53.0,70.0,105.4,True,5,2.0,5.04,6.29,7.38,True,2026-06-02T17:43:11+00:00,"positive completed ACTUAL enrollment, positive completed registry-derived facility-count proxy, and completed ACTUAL enrollment per positive facility-count proxy; percentiles used without winsorization","Deterministic combined operational benchmark for planned enrollment, site-count proxy, and enrollment-coherent patients-per-site defaults; no operational ML model."
operational_benchmarks_v1,0a97519bd78f561a,phase_ta_rare|phase=PHASE2/PHASE3|ta=EAR/NOSE/THROAT|rare=0,PHASE2/PHASE3,,EAR/NOSE/THROAT,0,phase_ta_rare,3,135.0,155.0,268.5,336.6,True,3,6.5,12.0,19.0,23.2,True,3,18.13,31.83,93.42,130.37,True,2026-06-02T17:43:11+00:00,"positive completed ACTUAL enrollment, positive completed registry-derived facility-count proxy, and completed ACTUAL enrollment per positive facility-count proxy; percentiles used without winsorization","Deterministic combined operational benchmark for planned enrollment, site-count proxy, and enrollment-coherent patients-per-site defaults; no operational ML model."
operational_benchmarks_v1,0a97519bd78f561a,phase_ta_rare|phase=PHASE2/PHASE3|ta=GASTROINTESTINAL|rare=0,PHASE2/PHASE3,,GASTROINTESTINAL,0,phase_ta_rare,37,106.0,277.0,405.0,770.8,True,32,2.5,17.5,51.0,77.5,True,31,3.75,14.12,97.5,150.0,True,2026-06-02T17:43:11+00:00,"positive completed ACTUAL enrollment, positive completed registry-derived facility-count proxy, and completed ACTUAL enrollment per positive facility-count proxy; percentiles used without winsorization","Deterministic combined operational benchmark for planned enrollment, site-count proxy, and enrollment-coherent patients-per-site defaults; no operational ML model."
operational_benchmarks_v1,0a97519bd78f561a,phase_ta_rare|phase=PHASE2/PHASE3|ta=GASTROINTESTINAL|rare=1,PHASE2/PHASE3,,GASTROINTESTINAL,1,phase_ta_rare,2,24.5,39.0,53.5,62.2,True,2,9.25,15.5,21.75,25.5,True,2,2.65,2.88,3.11,3.24,True,2026-06-02T17:43:11+00:00,"positive completed ACTUAL enrollment, positive completed registry-derived facility-count proxy, and completed ACTUAL enrollment per positive facility-count proxy; percentiles used without winsorization","Deterministic combined operational benchmark for planned enrollment, site-count proxy, and enrollment-coherent patients-per-site defaults; no operational ML model."
operational_benchmarks_v1,0a97519bd78f561a,phase_ta_rare|phase=PHASE2/PHASE3|ta=GENETIC|rare=0,PHASE2/PHASE3,,GENETIC,0,phase_ta_rare,1,434.0,434.0,434.0,434.0,True,1,1.0,1.0,1.0,1.0,True,1,434.0,434.0,434.0,434.0,True,2026-06-02T17:43:11+00:00,"positive completed ACTUAL enrollment, positive completed registry-derived facility-count proxy, and completed ACTUAL enrollment per positive facility-count proxy; percentiles used without winsorization","Deterministic combined operational benchmark for planned enrollment, site-count proxy, and enrollment-coherent patients-per-site defaults; no operational ML model."
operational_benchmarks_v1,0a97519bd78f561a,phase_ta_rare|phase=PHASE2/PHASE3|ta=GENETIC|rare=1,PHASE2/PHASE3,,GENETIC,1,phase_ta_rare,16,12.0,51.5,72.75,134.0,True,16,6.75,9.5,17.5,22.0,True,16,1.98,5.11,9.71,11.25,True,2026-06-02T17:43:11+00:00,"positive completed ACTUAL enrollment, positive completed registry-derived facility-count proxy, and completed ACTUAL enrollment per positive facility-count proxy; percentiles used without winsorization","Deterministic combined operational benchmark for planned enrollment, site-count proxy, and enrollment-coherent patients-per-site defaults; no operational ML model."
operational_benchmarks_v1,0a97519bd78f561a,phase_ta_rare|phase=PHASE2/PHASE3|ta=HEMATOLOGY|rare=0,PHASE2/PHASE3,,HEMATOLOGY,0,phase_ta_rare,2,81.75,113.5,145.25,164.3,True,2,4.5,8.0,11.5,13.6,True,2,21.35,30.9,40.45,46.18,True,2026-06-02T17:43:11+00:00,"positive completed ACTUAL enrollment, positive completed registry-derived facility-count proxy, and completed ACTUAL enrollment per positive facility-count proxy; percentiles used without winsorization","Deterministic combined operational benchmark for planned enrollment, site-count proxy, and enrollment-coherent patients-per-site defaults; no operational ML model."
operational_benchmarks_v1,0a97519bd78f561a,phase_ta_rare|phase=PHASE2/PHASE3|ta=HEMATOLOGY|rare=1,PHASE2/PHASE3,,HEMATOLOGY,1,phase_ta_rare,19,22.5,43.0,63.0,147.8,True,19,7.0,14.0,34.0,59.4,True,19,2.15,3.07,4.11,15.67,True,2026-06-02T17:43:11+00:00,"positive completed ACTUAL enrollment, positive completed registry-derived facility-count proxy, and completed ACTUAL enrollment per positive facility-count proxy; percentiles used without winsorization","Deterministic combined operational benchmark for planned enrollment, site-count proxy, and enrollment-coherent patients-per-site defaults; no operational ML model."
operational_benchmarks_v1,0a97519bd78f561a,phase_ta_rare|phase=PHASE2/PHASE3|ta=IMMUNOLOGY|rare=1,PHASE2/PHASE3,,IMMUNOLOGY,1,phase_ta_rare,9,55.0,65.0,110.0,255.0,True,9,12.0,18.0,34.0,49.4,True,9,3.62,4.45,4.78,5.63,True,2026-06-02T17:43:11+00:00,"positive completed ACTUAL enrollment, positive completed registry-derived facility-count proxy, and completed ACTUAL enrollment per positive facility-count proxy; percentiles used without winsorization","Deterministic combined operational benchmark for planned enrollment, site-count proxy, and enrollment-coherent patients-per-site defaults; no operational ML model."
operational_benchmarks_v1,0a97519bd78f561a,phase_ta_rare|phase=PHASE2/PHASE3|ta=INFECTIONS|rare=0,PHASE2/PHASE3,,INFECTIONS,0,phase_ta_rare,115,160.5,540.0,1583.5,3991.8,False,112,3.0,12.0,35.0,71.5,False,112,15.79,51.13,190.62,669.9,False,2026-06-02T17:43:11+00:00,"positive completed ACTUAL enrollment, positive completed registry-derived facility-count proxy, and completed ACTUAL enrollment per positive facility-count proxy; percentiles used without winsorization","Deterministic combined operational benchmark for planned enrollment, site-count proxy, and enrollment-coherent patients-per-site defaults; no operational ML model."
operational_benchmarks_v1,0a97519bd78f561a,phase_ta_rare|phase=PHASE2/PHASE3|ta=INFECTIONS|rare=1,PHASE2/PHASE3,,INFECTIONS,1,phase_ta_rare,1,198.0,198.0,198.0,198.0,True,1,22.0,22.0,22.0,22.0,True,1,9.0,9.0,9.0,9.0,True,2026-06-02T17:43:11+00:00,"positive completed ACTUAL enrollment, positive completed registry-derived facility-count proxy, and completed ACTUAL enrollment per positive facility-count proxy; percentiles used without winsorization","Deterministic combined operational benchmark for planned enrollment, site-count proxy, and enrollment-coherent patients-per-site defaults; no operational ML model."
operational_benchmarks_v1,0a97519bd78f561a,phase_ta_rare|phase=PHASE2/PHASE3|ta=METABOLIC|rare=0,PHASE2/PHASE3,,METABOLIC,0,phase_ta_rare,10,79.25,236.5,649.5,918.8,True,11,1.0,1.0,17.0,55.0,True,9,12.22,69.0,92.0,274.4,True,2026-06-02T17:43:11+00:00,"positive completed ACTUAL enrollment, positive completed registry-derived facility-count proxy, and completed ACTUAL enrollment per positive facility-count proxy; percentiles used without winsorization","Deterministic combined operational benchmark for planned enrollment, site-count proxy, and enrollment-coherent patients-per-site defaults; no operational ML model."
operational_benchmarks_v1,0a97519bd78f561a,phase_ta_rare|phase=PHASE2/PHASE3|ta=METABOLIC|rare=1,PHASE2/PHASE3,,METABOLIC,1,phase_ta_rare,5,36.0,58.0,205.0,262.0,True,5,3.0,21.0,27.0,37.2,True,5,6.82,7.59,12.0,15.6,True,2026-06-02T17:43:11+00:00,"positive completed ACTUAL enrollment, positive completed registry-derived facility-count proxy, and completed ACTUAL enrollment per positive facility-count proxy; percentiles used without winsorization","Deterministic combined operational benchmark for planned enrollment, site-count proxy, and enrollment-coherent patients-per-site defaults; no operational ML model."
operational_benchmarks_v1,0a97519bd78f561a,phase_ta_rare|phase=PHASE2/PHASE3|ta=MUSCULOSKELETAL|rare=0,PHASE2/PHASE3,,MUSCULOSKELETAL,0,phase_ta_rare,19,201.0,320.0,526.0,675.0,True,19,9.5,27.0,61.0,72.4,True,18,5.41,10.98,50.9,375.2,True,2026-06-02T17:43:11+00:00,"positive completed ACTUAL enrollment, positive completed registry-derived facility-count proxy, and completed ACTUAL enrollment per positive facility-count proxy; percentiles used without winsorization","Deterministic combined operational benchmark for planned enrollment, site-count proxy, and enrollment-coherent patients-per-site defaults; no operational ML model."
operational_benchmarks_v1,0a97519bd78f561a,phase_ta_rare|phase=PHASE2/PHASE3|ta=MUSCULOSKELETAL|rare=1,PHASE2/PHASE3,,MUSCULOSKELETAL,1,phase_ta_rare,5,166.0,251.0,272.0,290.0,True,5,38.0,44.0,45.0,80.4,True,5,3.77,5.0,6.04,6.38,True,2026-06-02T17:43:11+00:00,"positive completed ACTUAL enrollment, positive completed registry-derived facility-count proxy, and completed ACTUAL enrollment per positive facility-count proxy; percentiles used without winsorization","Deterministic combined operational benchmark for planned enrollment, site-count proxy, and enrollment-coherent patients-per-site defaults; no operational ML model."
operational_benchmarks_v1,0a97519bd78f561a,phase_ta_rare|phase=PHASE2/PHASE3|ta=NEUROLOGY|rare=0,PHASE2/PHASE3,,NEUROLOGY,0,phase_ta_rare,46,126.5,310.5,416.0,904.0,True,46,5.5,24.5,56.25,82.0,True,45,5.1,10.14,24.0,342.6,True,2026-06-02T17:43:11+00:00,"positive completed ACTUAL enrollment, positive completed registry-derived facility-count proxy, and completed ACTUAL enrollment per positive facility-count proxy; percentiles used without winsorization","Deterministic combined operational benchmark for planned enrollment, site-count proxy, and enrollment-coherent patients-per-site defaults; no operational ML model."
operational_benchmarks_v1,0a97519bd78f561a,phase_ta_rare|phase=PHASE2/PHASE3|ta=NEUROLOGY|rare=1,PHASE2/PHASE3,,NEUROLOGY,1,phase_ta_rare,10,73.25,166.5,292.5,400.5,True,10,4.25,13.0,40.0,62.9,True,10,6.81,9.1,12.11,54.47,True,2026-06-02T17:43:11+00:00,"positive completed ACTUAL enrollment, positive completed registry-derived facility-count proxy, and completed ACTUAL enrollment per positive facility-count proxy; percentiles used without winsorization","Deterministic combined operational benchmark for planned enrollment, site-count proxy, and enrollment-coherent patients-per-site defaults; no operational ML model."
operational_benchmarks_v1,0a97519bd78f561a,phase_ta_rare|phase=PHASE2/PHASE3|ta=ONCOLOGY|rare=0,PHASE2/PHASE3,,ONCOLOGY,0,phase_ta_rare,35,68.5,219.0,429.0,530.0,True,34,9.25,35.5,79.25,137.0,True,33,1.64,4.23,38.5,136.6,True,2026-06-02T17:43:11+00:00,"positive completed ACTUAL enrollment, positive completed registry-derived facility-count proxy, and completed ACTUAL enrollment per positive facility-count proxy; percentiles used without winsorization","Deterministic combined operational benchmark for planned enrollment, site-count proxy, and enrollment-coherent patients-per-site defaults; no operational ML model."
operational_benchmarks_v1,0a97519bd78f561a,phase_ta_rare|phase=PHASE2/PHASE3|ta=ONCOLOGY|rare=1,PHASE2/PHASE3,,ONCOLOGY,1,phase_ta_rare,8,89.5,143.5,356.5,433.6,True,8,15.75,42.5,62.0,82.4,True,8,3.51,4.8,8.91,15.52,True,2026-06-02T17:43:11+00:00,"positive completed ACTUAL enrollment, positive completed registry-derived facility-count proxy, and completed ACTUAL enrollment per positive facility-count proxy; percentiles used without winsorization","Deterministic combined operational benchmark for planned enrollment, site-count proxy, and enrollment-coherent patients-per-site defaults; no operational ML model."
operational_benchmarks_v1,0a97519bd78f561a,phase_ta_rare|phase=PHASE2/PHASE3|ta=OPHTHALMOLOGY|rare=0,PHASE2/PHASE3,,OPHTHALMOLOGY,0,phase_ta_rare,25,115.0,286.0,450.0,508.0,True,25,1.0,1.0,9.0,20.4,True,25,32.0,55.0,253.0,466.4,True,2026-06-02T17:43:11+00:00,"positive completed ACTUAL enrollment, positive completed registry-derived facility-count proxy, and completed ACTUAL enrollment per positive facility-count proxy; percentiles used without winsorization","Deterministic combined operational benchmark for planned enrollment, site-count proxy, and enrollment-coherent patients-per-site defaults; no operational ML model."
operational_benchmarks_v1,0a97519bd78f561a,phase_ta_rare|phase=PHASE2/PHASE3|ta=OPHTHALMOLOGY|rare=1,PHASE2/PHASE3,,OPHTHALMOLOGY,1,phase_ta_rare,1,12.0,12.0,12.0,12.0,True,1,3.0,3.0,3.0,3.0,True,1,4.0,4.0,4.0,4.0,True,2026-06-02T17:43:11+00:00,"positive completed ACTUAL enrollment, positive completed registry-derived facility-count proxy, and completed ACTUAL enrollment per positive facility-count proxy; percentiles used without winsorization","Deterministic combined operational benchmark for planned enrollment, site-count proxy, and enrollment-coherent patients-per-site defaults; no operational ML model."
operational_benchmarks_v1,0a97519bd78f561a,phase_ta_rare|phase=PHASE2/PHASE3|ta=PSYCHIATRY|rare=0,PHASE2/PHASE3,,PSYCHIATRY,0,phase_ta_rare,31,127.0,254.0,404.0,507.0,True,30,1.0,8.5,42.25,58.3,True,30,7.97,15.46,96.92,219.1,True,2026-06-02T17:43:11+00:00,"positive completed ACTUAL enrollment, positive completed registry-derived facility-count proxy, and completed ACTUAL enrollment per positive facility-count proxy; percentiles used without winsorization","Deterministic combined operational benchmark for planned enrollment, site-count proxy, and enrollment-coherent patients-per-site defaults; no operational ML model."
operational_benchmarks_v1,0a97519bd78f561a,phase_ta_rare|phase=PHASE2/PHASE3|ta=RENAL/UROLOGY|rare=0,PHASE2/PHASE3,,RENAL/UROLOGY,0,phase_ta_rare,23,90.5,226.0,402.5,600.2,True,23,1.0,20.0,47.5,67.2,True,23,4.11,7.79,119.71,252.8,True,2026-06-02T17:43:11+00:00,"positive completed ACTUAL enrollment, positive completed registry-derived facility-count proxy, and completed ACTUAL enrollment per positive facility-count proxy; percentiles used without winsorization","Deterministic combined operational benchmark for planned enrollment, site-count proxy, and enrollment-coherent patients-per-site defaults; no operational ML model."
operational_benchmarks_v1,0a97519bd78f561a,phase_ta_rare|phase=PHASE2/PHASE3|ta=RENAL/UROLOGY|rare=1,PHASE2/PHASE3,,RENAL/UROLOGY,1,phase_ta_rare,1,187.0,187.0,187.0,187.0,True,1,63.0,63.0,63.0,63.0,True,1,2.97,2.97,2.97,2.97,True,2026-06-02T17:43:11+00:00,"positive completed ACTUAL enrollment, positive completed registry-derived facility-count proxy, and completed ACTUAL enrollment per positive facility-count proxy; percentiles used without winsorization","Deterministic combined operational benchmark for planned enrollment, site-count proxy, and enrollment-coherent patients-per-site defaults; no operational ML model."
operational_benchmarks_v1,0a97519bd78f561a,phase_ta_rare|phase=PHASE2/PHASE3|ta=REPRODUCTIVE|rare=0,PHASE2/PHASE3,,REPRODUCTIVE,0,phase_ta_rare,5,60.0,60.0,68.0,118.4,True,4,2.5,3.5,6.75,11.7,True,4,7.97,15.07,32.0,53.6,True,2026-06-02T17:43:11+00:00,"positive completed ACTUAL enrollment, positive completed registry-derived facility-count proxy, and completed ACTUAL enrollment per positive facility-count proxy; percentiles used without winsorization","Deterministic combined operational benchmark for planned enrollment, site-count proxy, and enrollment-coherent patients-per-site defaults; no operational ML model."
operational_benchmarks_v1,0a97519bd78f561a,phase_ta_rare|phase=PHASE2/PHASE3|ta=RESPIRATORY|rare=0,PHASE2/PHASE3,,RESPIRATORY,0,phase_ta_rare,23,110.5,199.0,597.5,924.6,True,21,1.0,19.0,55.0,82.0,True,21,6.67,9.95,65.35,184.6,True,2026-06-02T17:43:11+00:00,"positive completed ACTUAL enrollment, positive completed registry-derived facility-count proxy, and completed ACTUAL enrollment per positive facility-count proxy; percentiles used without winsorization","Deterministic combined operational benchmark for planned enrollment, site-count proxy, and enrollment-coherent patients-per-site defaults; no operational ML model."
operational_benchmarks_v1,0a97519bd78f561a,phase_ta_rare|phase=PHASE2/PHASE3|ta=RESPIRATORY|rare=1,PHASE2/PHASE3,,RESPIRATORY,1,phase_ta_rare,2,66.0,100.0,134.0,154.4,True,2,7.5,9.0,10.5,11.4,True,2,7.5,9.67,11.83,13.13,True,2026-06-02T17:43:11+00:00,"positive completed ACTUAL enrollment, positive completed registry-derived facility-count proxy, and completed ACTUAL enrollment per positive facility-count proxy; percentiles used without winsorization","Deterministic combined operational benchmark for planned enrollment, site-count proxy, and enrollment-coherent patients-per-site defaults; no operational ML model."
operational_benchmarks_v1,0a97519bd78f561a,phase_ta_rare|phase=PHASE2/PHASE3|ta=UNCLASSIFIED|rare=0,PHASE2/PHASE3,,UNCLASSIFIED,0,phase_ta_rare,6,76.75,281.5,444.25,452.0,True,6,4.5,13.0,14.0,18.5,True,6,21.71,29.14,31.84,34.68,True,2026-06-02T17:43:11+00:00,"positive completed ACTUAL enrollment, positive completed registry-derived facility-count proxy, and completed ACTUAL enrollment per positive facility-count proxy; percentiles used without winsorization","Deterministic combined operational benchmark for planned enrollment, site-count proxy, and enrollment-coherent patients-per-site defaults; no operational ML model."
operational_benchmarks_v1,0a97519bd78f561a,phase_ta_rare|phase=PHASE3|ta=CARDIOVASCULAR|rare=0,PHASE3,,CARDIOVASCULAR,0,phase_ta_rare,510,150.25,300.5,717.5,2759.0,False,492,2.0,27.0,94.0,318.8,False,488,5.51,12.28,50.5,213.4,False,2026-06-02T17:43:11+00:00,"positive completed ACTUAL enrollment, positive completed registry-derived facility-count proxy, and completed ACTUAL enrollment per positive facility-count proxy; percentiles used without winsorization","Deterministic combined operational benchmark for planned enrollment, site-count proxy, and enrollment-coherent patients-per-site defaults; no operational ML model."
operational_benchmarks_v1,0a97519bd78f561a,phase_ta_rare|phase=PHASE3|ta=CARDIOVASCULAR|rare=1,PHASE3,,CARDIOVASCULAR,1,phase_ta_rare,40,58.75,192.5,326.25,497.0,True,37,17.0,42.0,71.0,121.6,True,37,2.35,3.75,6.08,13.59,True,2026-06-02T17:43:11+00:00,"positive completed ACTUAL enrollment, positive completed registry-derived facility-count proxy, and completed ACTUAL enrollment per positive facility-count proxy; percentiles used without winsorization","Deterministic combined operational benchmark for planned enrollment, site-count proxy, and enrollment-coherent patients-per-site defaults; no operational ML model."
operational_benchmarks_v1,0a97519bd78f561a,phase_ta_rare|phase=PHASE3|ta=DENTAL|rare=0,PHASE3,,DENTAL,0,phase_ta_rare,104,80.0,119.0,295.5,512.8,False,104,1.0,1.0,1.25,6.0,False,102,45.58,86.5,160.47,417.6,False,2026-06-02T17:43:11+00:00,"positive completed ACTUAL enrollment, positive completed registry-derived facility-count proxy, and completed ACTUAL enrollment per positive facility-count proxy; percentiles used without winsorization","Deterministic combined operational benchmark for planned enrollment, site-count proxy, and enrollment-coherent patients-per-site defaults; no operational ML model."
operational_benchmarks_v1,0a97519bd78f561a,phase_ta_rare|phase=PHASE3|ta=DERMATOLOGY|rare=0,PHASE3,,DERMATOLOGY,0,phase_ta_rare,770,213.0,383.5,606.75,893.8,False,732,4.0,23.0,52.0,93.9,False,730,7.12,15.97,54.11,338.6,False,2026-06-02T17:43:11+00:00,"positive completed ACTUAL enrollment, positive completed registry-derived facility-count proxy, and completed ACTUAL enrollment per positive facility-count proxy; percentiles used without winsorization","Deterministic combined operational benchmark for planned enrollment, site-count proxy, and enrollment-coherent patients-per-site defaults; no operational ML model."
operational_benchmarks_v1,0a97519bd78f561a,phase_ta_rare|phase=PHASE3|ta=DERMATOLOGY|rare=1,PHASE3,,DERMATOLOGY,1,phase_ta_rare,19,33.5,93.0,198.0,557.6,True,21,6.0,20.0,68.0,108.0,True,19,1.82,4.37,6.59,9.27,True,2026-06-02T17:43:11+00:00,"positive completed ACTUAL enrollment, positive completed registry-derived facility-count proxy, and completed ACTUAL enrollment per positive facility-count proxy; percentiles used without winsorization","Deterministic combined operational benchmark for planned enrollment, site-count proxy, and enrollment-coherent patients-per-site defaults; no operational ML model."
operational_benchmarks_v1,0a97519bd78f561a,phase_ta_rare|phase=PHASE3|ta=EAR/NOSE/THROAT|rare=0,PHASE3,,EAR/NOSE/THROAT,0,phase_ta_rare,44,165.75,266.0,458.75,563.2,True,40,1.0,1.0,5.25,30.9,True,40,39.36,178.0,306.0,493.8,True,2026-06-02T17:43:11+00:00,"positive completed ACTUAL enrollment, positive completed registry-derived facility-count proxy, and completed ACTUAL enrollment per positive facility-count proxy; percentiles used without winsorization","Deterministic combined operational benchmark for planned enrollment, site-count proxy, and enrollment-coherent patients-per-site defaults; no operational ML model."
operational_benchmarks_v1,0a97519bd78f561a,phase_ta_rare|phase=PHASE3|ta=EAR/NOSE/THROAT|rare=1,PHASE3,,EAR/NOSE/THROAT,1,phase_ta_rare,1,254.0,254.0,254.0,254.0,True,1,12.0,12.0,12.0,12.0,True,1,21.17,21.17,21.17,21.17,True,2026-06-02T17:43:11+00:00,"positive completed ACTUAL enrollment, positive completed registry-derived facility-count proxy, and completed ACTUAL enrollment per positive facility-count proxy; percentiles used without winsorization","Deterministic combined operational benchmark for planned enrollment, site-count proxy, and enrollment-coherent patients-per-site defaults; no operational ML model."
operational_benchmarks_v1,0a97519bd78f561a,phase_ta_rare|phase=PHASE3|ta=GASTROINTESTINAL|rare=0,PHASE3,,GASTROINTESTINAL,0,phase_ta_rare,601,144.0,300.0,520.0,793.0,False,529,4.0,26.0,73.0,151.4,False,523,4.42,8.49,38.88,278.0,False,2026-06-02T17:43:11+00:00,"positive completed ACTUAL enrollment, positive completed registry-derived facility-count proxy, and completed ACTUAL enrollment per positive facility-count proxy; percentiles used without winsorization","Deterministic combined operational benchmark for planned enrollment, site-count proxy, and enrollment-coherent patients-per-site defaults; no operational ML model."
operational_benchmarks_v1,0a97519bd78f561a,phase_ta_rare|phase=PHASE3|ta=GASTROINTESTINAL|rare=1,PHASE3,,GASTROINTESTINAL,1,phase_ta_rare,49,20.0,67.0,150.0,217.4,True,49,8.0,23.0,45.0,73.4,True,49,2.0,2.64,3.53,6.25,True,2026-06-02T17:43:11+00:00,"positive completed ACTUAL enrollment, positive completed registry-derived facility-count proxy, and completed ACTUAL enrollment per positive facility-count proxy; percentiles used without winsorization","Deterministic combined operational benchmark for planned enrollment, site-count proxy, and enrollment-coherent patients-per-site defaults; no operational ML model."
operational_benchmarks_v1,0a97519bd78f561a,phase_ta_rare|phase=PHASE3|ta=GENETIC|rare=0,PHASE3,,GENETIC,0,phase_ta_rare,7,65.5,146.0,163.5,218.2,True,6,34.5,42.5,45.25,49.5,True,6,2.8,3.45,5.52,6.59,True,2026-06-02T17:43:11+00:00,"positive completed ACTUAL enrollment, positive completed registry-derived facility-count proxy, and completed ACTUAL enrollment per positive facility-count proxy; percentiles used without winsorization","Deterministic combined operational benchmark for planned enrollment, site-count proxy, and enrollment-coherent patients-per-site defaults; no operational ML model."
operational_benchmarks_v1,0a97519bd78f561a,phase_ta_rare|phase=PHASE3|ta=GENETIC|rare=1,PHASE3,,GENETIC,1,phase_ta_rare,139,23.5,62.0,121.0,194.8,False,136,5.75,19.0,31.25,59.0,False,136,2.4,3.52,6.17,15.12,False,2026-06-02T17:43:11+00:00,"positive completed ACTUAL enrollment, positive completed registry-derived facility-count proxy, and completed ACTUAL enrollment per positive facility-count proxy; percentiles used without winsorization","Deterministic combined operational benchmark for planned enrollment, site-count proxy, and enrollment-coherent patients-per-site defaults; no operational ML model."
operational_benchmarks_v1,0a97519bd78f561a,phase_ta_rare|phase=PHASE3|ta=HEMATOLOGY|rare=0,PHASE3,,HEMATOLOGY,0,phase_ta_rare,69,103.0,170.0,267.0,610.8,False,70,6.25,24.0,58.0,115.3,False,69,2.83,5.33,13.26,146.4,False,2026-06-02T17:43:11+00:00,"positive completed ACTUAL enrollment, positive completed registry-derived facility-count proxy, and completed ACTUAL enrollment per positive facility-count proxy; percentiles used without winsorization","Deterministic combined operational benchmark for planned enrollment, site-count proxy, and enrollment-coherent patients-per-site defaults; no operational ML model."
operational_benchmarks_v1,0a97519bd78f561a,phase_ta_rare|phase=PHASE3|ta=HEMATOLOGY|rare=1,PHASE3,,HEMATOLOGY,1,phase_ta_rare,193,34.0,67.0,135.0,217.2,False,194,11.0,28.0,52.75,87.0,False,193,1.59,2.38,3.44,8.55,False,2026-06-02T17:43:11+00:00,"positive completed ACTUAL enrollment, positive completed registry-derived facility-count proxy, and completed ACTUAL enrollment per positive facility-count proxy; percentiles used without winsorization","Deterministic combined operational benchmark for planned enrollment, site-count proxy, and enrollment-coherent patients-per-site defaults; no operational ML model."
operational_benchmarks_v1,0a97519bd78f561a,phase_ta_rare|phase=PHASE3|ta=IMMUNOLOGY|rare=0,PHASE3,,IMMUNOLOGY,0,phase_ta_rare,38,223.5,377.0,570.25,911.9,True,37,26.0,65.0,141.0,187.8,True,37,4.26,5.62,8.12,15.12,True,2026-06-02T17:43:11+00:00,"positive completed ACTUAL enrollment, positive completed registry-derived facility-count proxy, and completed ACTUAL enrollment per positive facility-count proxy; percentiles used without winsorization","Deterministic combined operational benchmark for planned enrollment, site-count proxy, and enrollment-coherent patients-per-site defaults; no operational ML model."
operational_benchmarks_v1,0a97519bd78f561a,phase_ta_rare|phase=PHASE3|ta=IMMUNOLOGY|rare=1,PHASE3,,IMMUNOLOGY,1,phase_ta_rare,79,20.0,49.0,112.0,187.4,False,79,9.0,15.0,38.0,65.2,False,79,1.68,2.56,3.88,6.09,False,2026-06-02T17:43:11+00:00,"positive completed ACTUAL enrollment, positive completed registry-derived facility-count proxy, and completed ACTUAL enrollment per positive facility-count proxy; percentiles used without winsorization","Deterministic combined operational benchmark for planned enrollment, site-count proxy, and enrollment-coherent patients-per-site defaults; no operational ML model."
operational_benchmarks_v1,0a97519bd78f561a,phase_ta_rare|phase=PHASE3|ta=INFECTIONS|rare=0,PHASE3,,INFECTIONS,0,phase_ta_rare,1065,234.0,558.0,1212.0,3129.2,False,1003,3.0,14.0,40.5,89.8,False,999,14.15,46.83,131.0,578.87,False,2026-06-02T17:43:11+00:00,"positive completed ACTUAL enrollment, positive completed registry-derived facility-count proxy, and completed ACTUAL enrollment per positive facility-count proxy; percentiles used without winsorization","Deterministic combined operational benchmark for planned enrollment, site-count proxy, and enrollment-coherent patients-per-site defaults; no operational ML model."
operational_benchmarks_v1,0a97519bd78f561a,phase_ta_rare|phase=PHASE3|ta=INFECTIONS|rare=1,PHASE3,,INFECTIONS,1,phase_ta_rare,14,263.0,466.5,1471.0,2849.2,True,14,2.5,13.5,23.5,57.5,True,14,7.41,45.12,274.48,1022.1,True,2026-06-02T17:43:11+00:00,"positive completed ACTUAL enrollment, positive completed registry-derived facility-count proxy, and completed ACTUAL enrollment per positive facility-count proxy; percentiles used without winsorization","Deterministic combined operational benchmark for planned enrollment, site-count proxy, and enrollment-coherent patients-per-site defaults; no operational ML model."
operational_benchmarks_v1,0a97519bd78f561a,phase_ta_rare|phase=PHASE3|ta=METABOLIC|rare=0,PHASE3,,METABOLIC,0,phase_ta_rare,769,210.0,406.0,667.0,1089.8,False,716,10.75,42.0,95.0,164.0,False,712,5.71,9.45,20.0,200.0,False,2026-06-02T17:43:11+00:00,"positive completed ACTUAL enrollment, positive completed registry-derived facility-count proxy, and completed ACTUAL enrollment per positive facility-count proxy; percentiles used without winsorization","Deterministic combined operational benchmark for planned enrollment, site-count proxy, and enrollment-coherent patients-per-site defaults; no operational ML model."
operational_benchmarks_v1,0a97519bd78f561a,phase_ta_rare|phase=PHASE3|ta=METABOLIC|rare=1,PHASE3,,METABOLIC,1,phase_ta_rare,66,42.75,68.5,136.5,156.5,False,64,10.0,29.0,46.25,67.4,False,64,2.0,2.49,3.72,8.34,False,2026-06-02T17:43:11+00:00,"positive completed ACTUAL enrollment, positive completed registry-derived facility-count proxy, and completed ACTUAL enrollment per positive facility-count proxy; percentiles used without winsorization","Deterministic combined operational benchmark for planned enrollment, site-count proxy, and enrollment-coherent patients-per-site defaults; no operational ML model."
operational_benchmarks_v1,0a97519bd78f561a,phase_ta_rare|phase=PHASE3|ta=MUSCULOSKELETAL|rare=0,PHASE3,,MUSCULOSKELETAL,0,phase_ta_rare,658,181.0,340.5,531.25,852.3,False,628,5.0,28.0,75.25,139.0,False,624,5.19,10.32,36.08,204.4,False,2026-06-02T17:43:11+00:00,"positive completed ACTUAL enrollment, positive completed registry-derived facility-count proxy, and completed ACTUAL enrollment per positive facility-count proxy; percentiles used without winsorization","Deterministic combined operational benchmark for planned enrollment, site-count proxy, and enrollment-coherent patients-per-site defaults; no operational ML model."
operational_benchmarks_v1,0a97519bd78f561a,phase_ta_rare|phase=PHASE3|ta=MUSCULOSKELETAL|rare=1,PHASE3,,MUSCULOSKELETAL,1,phase_ta_rare,41,61.0,118.0,188.0,228.0,True,41,16.0,39.0,55.0,76.0,True,40,2.68,3.17,4.32,5.73,True,2026-06-02T17:43:11+00:00,"positive completed ACTUAL enrollment, positive completed registry-derived facility-count proxy, and completed ACTUAL enrollment per positive facility-count proxy; percentiles used without winsorization","Deterministic combined operational benchmark for planned enrollment, site-count proxy, and enrollment-coherent patients-per-site defaults; no operational ML model."
operational_benchmarks_v1,0a97519bd78f561a,phase_ta_rare|phase=PHASE3|ta=NEUROLOGY|rare=0,PHASE3,,NEUROLOGY,0,phase_ta_rare,544,150.0,269.0,524.25,990.2,False,521,12.0,33.0,76.0,127.0,False,515,4.29,7.41,17.2,120.67,False,2026-06-02T17:43:11+00:00,"positive completed ACTUAL enrollment, positive completed registry-derived facility-count proxy, and completed ACTUAL enrollment per positive facility-count proxy; percentiles used without winsorization","Deterministic combined operational benchmark for planned enrollment, site-count proxy, and enrollment-coherent patients-per-site defaults; no operational ML model."
operational_benchmarks_v1,0a97519bd78f561a,phase_ta_rare|phase=PHASE3|ta=NEUROLOGY|rare=1,PHASE3,,NEUROLOGY,1,phase_ta_rare,119,70.0,129.0,205.5,413.8,False,117,12.0,33.0,58.0,81.4,False,117,2.34,4.01,8.06,21.7,False,2026-06-02T17:43:11+00:00,"positive completed ACTUAL enrollment, positive completed registry-derived facility-count proxy, and completed ACTUAL enrollment per positive facility-count proxy; percentiles used without winsorization","Deterministic combined operational benchmark for planned enrollment, site-count proxy, and enrollment-coherent patients-per-site defaults; no operational ML model."
operational_benchmarks_v1,0a97519bd78f561a,phase_ta_rare|phase=PHASE3|ta=ONCOLOGY|rare=0,PHASE3,,ONCOLOGY,0,phase_ta_rare,894,226.75,436.5,665.75,937.3,False,870,19.0,78.0,151.0,210.0,False,864,3.53,5.29,9.85,112.0,False,2026-06-02T17:43:11+00:00,"positive completed ACTUAL enrollment, positive completed registry-derived facility-count proxy, and completed ACTUAL enrollment per positive facility-count proxy; percentiles used without winsorization","Deterministic combined operational benchmark for planned enrollment, site-count proxy, and enrollment-coherent patients-per-site defaults; no operational ML model."
operational_benchmarks_v1,0a97519bd78f561a,phase_ta_rare|phase=PHASE3|ta=ONCOLOGY|rare=1,PHASE3,,ONCOLOGY,1,phase_ta_rare,45,118.0,199.0,372.0,609.0,True,45,25.0,48.0,73.0,148.2,True,43,2.96,3.69,5.47,24.27,True,2026-06-02T17:43:11+00:00,"positive completed ACTUAL enrollment, positive completed registry-derived facility-count proxy, and completed ACTUAL enrollment per positive facility-count proxy; percentiles used without winsorization","Deterministic combined operational benchmark for planned enrollment, site-count proxy, and enrollment-coherent patients-per-site defaults; no operational ML model."
operational_benchmarks_v1,0a97519bd78f561a,phase_ta_rare|phase=PHASE3|ta=OPHTHALMOLOGY|rare=0,PHASE3,,OPHTHALMOLOGY,0,phase_ta_rare,454,155.75,303.5,489.75,711.7,False,417,1.0,10.0,39.0,81.4,False,415,7.29,18.8,140.5,397.6,False,2026-06-02T17:43:11+00:00,"positive completed ACTUAL enrollment, positive completed registry-derived facility-count proxy, and completed ACTUAL enrollment per positive facility-count proxy; percentiles used without winsorization","Deterministic combined operational benchmark for planned enrollment, site-count proxy, and enrollment-coherent patients-per-site defaults; no operational ML model."
operational_benchmarks_v1,0a97519bd78f561a,phase_ta_rare|phase=PHASE3|ta=OPHTHALMOLOGY|rare=1,PHASE3,,OPHTHALMOLOGY,1,phase_ta_rare,23,74.0,127.0,197.5,230.8,True,23,9.0,28.0,45.5,56.0,True,23,2.51,4.33,6.69,20.76,True,2026-06-02T17:43:11+00:00,"positive completed ACTUAL enrollment, positive completed registry-derived facility-count proxy, and completed ACTUAL enrollment per positive facility-count proxy; percentiles used without winsorization","Deterministic combined operational benchmark for planned enrollment, site-count proxy, and enrollment-coherent patients-per-site defaults; no operational ML model."
operational_benchmarks_v1,0a97519bd78f561a,phase_ta_rare|phase=PHASE3|ta=PSYCHIATRY|rare=0,PHASE3,,PSYCHIATRY,0,phase_ta_rare,452,201.0,380.5,580.25,768.8,False,431,15.0,38.0,63.5,102.0,False,429,6.15,9.71,19.0,66.43,False,2026-06-02T17:43:11+00:00,"positive completed ACTUAL enrollment, positive completed registry-derived facility-count proxy, and completed ACTUAL enrollment per positive facility-count proxy; percentiles used without winsorization","Deterministic combined operational benchmark for planned enrollment, site-count proxy, and enrollment-coherent patients-per-site defaults; no operational ML model."
operational_benchmarks_v1,0a97519bd78f561a,phase_ta_rare|phase=PHASE3|ta=PSYCHIATRY|rare=1,PHASE3,,PSYCHIATRY,1,phase_ta_rare,1,125.0,125.0,125.0,125.0,True,1,24.0,24.0,24.0,24.0,True,1,5.21,5.21,5.21,5.21,True,2026-06-02T17:43:11+00:00,"positive completed ACTUAL enrollment, positive completed registry-derived facility-count proxy, and completed ACTUAL enrollment per positive facility-count proxy; percentiles used without winsorization","Deterministic combined operational benchmark for planned enrollment, site-count proxy, and enrollment-coherent patients-per-site defaults; no operational ML model."
operational_benchmarks_v1,0a97519bd78f561a,phase_ta_rare|phase=PHASE3|ta=RENAL/UROLOGY|rare=0,PHASE3,,RENAL/UROLOGY,0,phase_ta_rare,359,155.5,298.0,573.0,1060.6,False,347,5.0,28.0,56.5,118.0,False,343,5.79,10.71,32.39,213.0,False,2026-06-02T17:43:11+00:00,"positive completed ACTUAL enrollment, positive completed registry-derived facility-count proxy, and completed ACTUAL enrollment per positive facility-count proxy; percentiles used without winsorization","Deterministic combined operational benchmark for planned enrollment, site-count proxy, and enrollment-coherent patients-per-site defaults; no operational ML model."
operational_benchmarks_v1,0a97519bd78f561a,phase_ta_rare|phase=PHASE3|ta=RENAL/UROLOGY|rare=1,PHASE3,,RENAL/UROLOGY,1,phase_ta_rare,19,42.0,135.0,433.0,1140.4,True,19,9.5,37.0,151.0,213.2,True,19,2.25,4.17,7.27,12.44,True,2026-06-02T17:43:11+00:00,"positive completed ACTUAL enrollment, positive completed registry-derived facility-count proxy, and completed ACTUAL enrollment per positive facility-count proxy; percentiles used without winsorization","Deterministic combined operational benchmark for planned enrollment, site-count proxy, and enrollment-coherent patients-per-site defaults; no operational ML model."
operational_benchmarks_v1,0a97519bd78f561a,phase_ta_rare|phase=PHASE3|ta=REPRODUCTIVE|rare=0,PHASE3,,REPRODUCTIVE,0,phase_ta_rare,211,190.0,393.0,657.0,1319.0,False,192,7.75,26.0,62.25,100.0,False,192,7.43,16.1,35.88,176.0,False,2026-06-02T17:43:11+00:00,"positive completed ACTUAL enrollment, positive completed registry-derived facility-count proxy, and completed ACTUAL enrollment per positive facility-count proxy; percentiles used without winsorization","Deterministic combined operational benchmark for planned enrollment, site-count proxy, and enrollment-coherent patients-per-site defaults; no operational ML model."
operational_benchmarks_v1,0a97519bd78f561a,phase_ta_rare|phase=PHASE3|ta=REPRODUCTIVE|rare=1,PHASE3,,REPRODUCTIVE,1,phase_ta_rare,2,64.5,65.0,65.5,65.8,True,2,15.5,17.0,18.5,19.4,True,2,3.58,3.96,4.34,4.56,True,2026-06-02T17:43:11+00:00,"positive completed ACTUAL enrollment, positive completed registry-derived facility-count proxy, and completed ACTUAL enrollment per positive facility-count proxy; percentiles used without winsorization","Deterministic combined operational benchmark for planned enrollment, site-count proxy, and enrollment-coherent patients-per-site defaults; no operational ML model."
operational_benchmarks_v1,0a97519bd78f561a,phase_ta_rare|phase=PHASE3|ta=RESPIRATORY|rare=0,PHASE3,,RESPIRATORY,0,phase_ta_rare,628,210.0,425.0,833.25,1495.4,False,607,6.0,39.0,98.0,180.0,False,600,5.88,9.79,27.58,240.0,False,2026-06-02T17:43:11+00:00,"positive completed ACTUAL enrollment, positive completed registry-derived facility-count proxy, and completed ACTUAL enrollment per positive facility-count proxy; percentiles used without winsorization","Deterministic combined operational benchmark for planned enrollment, site-count proxy, and enrollment-coherent patients-per-site defaults; no operational ML model."
operational_benchmarks_v1,0a97519bd78f561a,phase_ta_rare|phase=PHASE3|ta=RESPIRATORY|rare=1,PHASE3,,RESPIRATORY,1,phase_ta_rare,36,71.0,178.5,325.5,589.0,True,34,20.75,42.5,97.5,146.8,True,34,2.71,3.75,4.82,7.36,True,2026-06-02T17:43:11+00:00,"positive completed ACTUAL enrollment, positive completed registry-derived facility-count proxy, and completed ACTUAL enrollment per positive facility-count proxy; percentiles used without winsorization","Deterministic combined operational benchmark for planned enrollment, site-count proxy, and enrollment-coherent patients-per-site defaults; no operational ML model."
operational_benchmarks_v1,0a97519bd78f561a,phase_ta_rare|phase=PHASE3|ta=UNCLASSIFIED|rare=0,PHASE3,,UNCLASSIFIED,0,phase_ta_rare,58,76.0,196.0,329.25,466.2,False,56,1.75,11.5,21.5,34.5,False,56,5.86,17.0,50.25,248.0,False,2026-06-02T17:43:11+00:00,"positive completed ACTUAL enrollment, positive completed registry-derived facility-count proxy, and completed ACTUAL enrollment per positive facility-count proxy; percentiles used without winsorization","Deterministic combined operational benchmark for planned enrollment, site-count proxy, and enrollment-coherent patients-per-site defaults; no operational ML model."
