benchmark_version,source_data_version,benchmark_key,phase,gbd_cause_id_3_ml,therapeutic_area,rare_disease_flag,benchmark_level_used,benchmark_n,benchmark_p25,benchmark_p50,benchmark_p75,benchmark_p90,low_confidence_flag,created_at,outlier_policy,calibration_notes
site_benchmarks_v1,0a97519bd78f561a,phase_indication_rare|phase=PHASE1/PHASE2|indication=0|rare=0,PHASE1/PHASE2,0,,0,phase_indication_rare,2,7.5,13.0,18.5,21.8,True,2026-06-02T14:51:50+00:00,positive completed registry-derived facility-count proxy; percentiles used without winsorization,Deterministic S2 planned-sites benchmark based on number_of_facilities proxy; no site-count ML model.
site_benchmarks_v1,0a97519bd78f561a,phase_indication_rare|phase=PHASE1/PHASE2|indication=297|rare=0,PHASE1/PHASE2,297,,0,phase_indication_rare,2,1.5,2.0,2.5,2.8,True,2026-06-02T14:51:50+00:00,positive completed registry-derived facility-count proxy; percentiles used without winsorization,Deterministic S2 planned-sites benchmark based on number_of_facilities proxy; no site-count ML model.
site_benchmarks_v1,0a97519bd78f561a,phase_indication_rare|phase=PHASE1/PHASE2|indication=298|rare=0,PHASE1/PHASE2,298,,0,phase_indication_rare,25,1.0,2.0,6.0,11.0,True,2026-06-02T14:51:50+00:00,positive completed registry-derived facility-count proxy; percentiles used without winsorization,Deterministic S2 planned-sites benchmark based on number_of_facilities proxy; no site-count ML model.
site_benchmarks_v1,0a97519bd78f561a,phase_indication_rare|phase=PHASE1/PHASE2|indication=302|rare=0,PHASE1/PHASE2,302,,0,phase_indication_rare,3,1.0,1.0,3.0,4.2,True,2026-06-02T14:51:50+00:00,positive completed registry-derived facility-count proxy; percentiles used without winsorization,Deterministic S2 planned-sites benchmark based on number_of_facilities proxy; no site-count ML model.
site_benchmarks_v1,0a97519bd78f561a,phase_indication_rare|phase=PHASE1/PHASE2|indication=321|rare=0,PHASE1/PHASE2,321,,0,phase_indication_rare,7,1.0,1.0,1.5,2.4,True,2026-06-02T14:51:50+00:00,positive completed registry-derived facility-count proxy; percentiles used without winsorization,Deterministic S2 planned-sites benchmark based on number_of_facilities proxy; no site-count ML model.
site_benchmarks_v1,0a97519bd78f561a,phase_indication_rare|phase=PHASE1/PHASE2|indication=322|rare=0,PHASE1/PHASE2,322,,0,phase_indication_rare,35,3.5,13.0,25.5,33.6,True,2026-06-02T14:51:50+00:00,positive completed registry-derived facility-count proxy; percentiles used without winsorization,Deterministic S2 planned-sites benchmark based on number_of_facilities proxy; no site-count ML model.
site_benchmarks_v1,0a97519bd78f561a,phase_indication_rare|phase=PHASE1/PHASE2|indication=322|rare=1,PHASE1/PHASE2,322,,1,phase_indication_rare,2,22.0,24.0,26.0,27.2,True,2026-06-02T14:51:50+00:00,positive completed registry-derived facility-count proxy; percentiles used without winsorization,Deterministic S2 planned-sites benchmark based on number_of_facilities proxy; no site-count ML model.
site_benchmarks_v1,0a97519bd78f561a,phase_indication_rare|phase=PHASE1/PHASE2|indication=328|rare=0,PHASE1/PHASE2,328,,0,phase_indication_rare,43,1.0,4.0,20.0,27.0,True,2026-06-02T14:51:50+00:00,positive completed registry-derived facility-count proxy; percentiles used without winsorization,Deterministic S2 planned-sites benchmark based on number_of_facilities proxy; no site-count ML model.
site_benchmarks_v1,0a97519bd78f561a,phase_indication_rare|phase=PHASE1/PHASE2|indication=329|rare=0,PHASE1/PHASE2,329,,0,phase_indication_rare,1,4.0,4.0,4.0,4.0,True,2026-06-02T14:51:50+00:00,positive completed registry-derived facility-count proxy; percentiles used without winsorization,Deterministic S2 planned-sites benchmark based on number_of_facilities proxy; no site-count ML model.
site_benchmarks_v1,0a97519bd78f561a,phase_indication_rare|phase=PHASE1/PHASE2|indication=332|rare=0,PHASE1/PHASE2,332,,0,phase_indication_rare,4,1.0,24.0,48.5,51.2,True,2026-06-02T14:51:50+00:00,positive completed registry-derived facility-count proxy; percentiles used without winsorization,Deterministic S2 planned-sites benchmark based on number_of_facilities proxy; no site-count ML model.
site_benchmarks_v1,0a97519bd78f561a,phase_indication_rare|phase=PHASE1/PHASE2|indication=339|rare=0,PHASE1/PHASE2,339,,0,phase_indication_rare,2,7.25,11.5,15.75,18.3,True,2026-06-02T14:51:50+00:00,positive completed registry-derived facility-count proxy; percentiles used without winsorization,Deterministic S2 planned-sites benchmark based on number_of_facilities proxy; no site-count ML model.
site_benchmarks_v1,0a97519bd78f561a,phase_indication_rare|phase=PHASE1/PHASE2|indication=340|rare=0,PHASE1/PHASE2,340,,0,phase_indication_rare,1,1.0,1.0,1.0,1.0,True,2026-06-02T14:51:50+00:00,positive completed registry-derived facility-count proxy; percentiles used without winsorization,Deterministic S2 planned-sites benchmark based on number_of_facilities proxy; no site-count ML model.
site_benchmarks_v1,0a97519bd78f561a,phase_indication_rare|phase=PHASE1/PHASE2|indication=341|rare=0,PHASE1/PHASE2,341,,0,phase_indication_rare,1,1.0,1.0,1.0,1.0,True,2026-06-02T14:51:50+00:00,positive completed registry-derived facility-count proxy; percentiles used without winsorization,Deterministic S2 planned-sites benchmark based on number_of_facilities proxy; no site-count ML model.
site_benchmarks_v1,0a97519bd78f561a,phase_indication_rare|phase=PHASE1/PHASE2|indication=342|rare=0,PHASE1/PHASE2,342,,0,phase_indication_rare,1,1.0,1.0,1.0,1.0,True,2026-06-02T14:51:50+00:00,positive completed registry-derived facility-count proxy; percentiles used without winsorization,Deterministic S2 planned-sites benchmark based on number_of_facilities proxy; no site-count ML model.
site_benchmarks_v1,0a97519bd78f561a,phase_indication_rare|phase=PHASE1/PHASE2|indication=345|rare=0,PHASE1/PHASE2,345,,0,phase_indication_rare,3,1.0,1.0,3.0,4.2,True,2026-06-02T14:51:50+00:00,positive completed registry-derived facility-count proxy; percentiles used without winsorization,Deterministic S2 planned-sites benchmark based on number_of_facilities proxy; no site-count ML model.
site_benchmarks_v1,0a97519bd78f561a,phase_indication_rare|phase=PHASE1/PHASE2|indication=359|rare=0,PHASE1/PHASE2,359,,0,phase_indication_rare,2,1.0,1.0,1.0,1.0,True,2026-06-02T14:51:50+00:00,positive completed registry-derived facility-count proxy; percentiles used without winsorization,Deterministic S2 planned-sites benchmark based on number_of_facilities proxy; no site-count ML model.
site_benchmarks_v1,0a97519bd78f561a,phase_indication_rare|phase=PHASE1/PHASE2|indication=365|rare=1,PHASE1/PHASE2,365,,1,phase_indication_rare,1,9.0,9.0,9.0,9.0,True,2026-06-02T14:51:50+00:00,positive completed registry-derived facility-count proxy; percentiles used without winsorization,Deterministic S2 planned-sites benchmark based on number_of_facilities proxy; no site-count ML model.
site_benchmarks_v1,0a97519bd78f561a,phase_indication_rare|phase=PHASE1/PHASE2|indication=366|rare=0,PHASE1/PHASE2,366,,0,phase_indication_rare,1,1.0,1.0,1.0,1.0,True,2026-06-02T14:51:50+00:00,positive completed registry-derived facility-count proxy; percentiles used without winsorization,Deterministic S2 planned-sites benchmark based on number_of_facilities proxy; no site-count ML model.
site_benchmarks_v1,0a97519bd78f561a,phase_indication_rare|phase=PHASE1/PHASE2|indication=393|rare=0,PHASE1/PHASE2,393,,0,phase_indication_rare,8,3.25,7.0,23.0,25.1,True,2026-06-02T14:51:50+00:00,positive completed registry-derived facility-count proxy; percentiles used without winsorization,Deterministic S2 planned-sites benchmark based on number_of_facilities proxy; no site-count ML model.
site_benchmarks_v1,0a97519bd78f561a,phase_indication_rare|phase=PHASE1/PHASE2|indication=400|rare=0,PHASE1/PHASE2,400,,0,phase_indication_rare,3,5.0,9.0,12.0,13.8,True,2026-06-02T14:51:50+00:00,positive completed registry-derived facility-count proxy; percentiles used without winsorization,Deterministic S2 planned-sites benchmark based on number_of_facilities proxy; no site-count ML model.
site_benchmarks_v1,0a97519bd78f561a,phase_indication_rare|phase=PHASE1/PHASE2|indication=408|rare=0,PHASE1/PHASE2,408,,0,phase_indication_rare,22,1.0,2.5,11.0,24.5,True,2026-06-02T14:51:50+00:00,positive completed registry-derived facility-count proxy; percentiles used without winsorization,Deterministic S2 planned-sites benchmark based on number_of_facilities proxy; no site-count ML model.
site_benchmarks_v1,0a97519bd78f561a,phase_indication_rare|phase=PHASE1/PHASE2|indication=408|rare=1,PHASE1/PHASE2,408,,1,phase_indication_rare,2,1.5,2.0,2.5,2.8,True,2026-06-02T14:51:50+00:00,positive completed registry-derived facility-count proxy; percentiles used without winsorization,Deterministic S2 planned-sites benchmark based on number_of_facilities proxy; no site-count ML model.
site_benchmarks_v1,0a97519bd78f561a,phase_indication_rare|phase=PHASE1/PHASE2|indication=411|rare=0,PHASE1/PHASE2,411,,0,phase_indication_rare,2,12.25,23.5,34.75,41.5,True,2026-06-02T14:51:50+00:00,positive completed registry-derived facility-count proxy; percentiles used without winsorization,Deterministic S2 planned-sites benchmark based on number_of_facilities proxy; no site-count ML model.
site_benchmarks_v1,0a97519bd78f561a,phase_indication_rare|phase=PHASE1/PHASE2|indication=414|rare=0,PHASE1/PHASE2,414,,0,phase_indication_rare,10,1.0,3.5,18.0,28.0,True,2026-06-02T14:51:50+00:00,positive completed registry-derived facility-count proxy; percentiles used without winsorization,Deterministic S2 planned-sites benchmark based on number_of_facilities proxy; no site-count ML model.
site_benchmarks_v1,0a97519bd78f561a,phase_indication_rare|phase=PHASE1/PHASE2|indication=417|rare=0,PHASE1/PHASE2,417,,0,phase_indication_rare,29,2.0,12.0,24.0,34.2,True,2026-06-02T14:51:50+00:00,positive completed registry-derived facility-count proxy; percentiles used without winsorization,Deterministic S2 planned-sites benchmark based on number_of_facilities proxy; no site-count ML model.
site_benchmarks_v1,0a97519bd78f561a,phase_indication_rare|phase=PHASE1/PHASE2|indication=417|rare=1,PHASE1/PHASE2,417,,1,phase_indication_rare,1,48.0,48.0,48.0,48.0,True,2026-06-02T14:51:50+00:00,positive completed registry-derived facility-count proxy; percentiles used without winsorization,Deterministic S2 planned-sites benchmark based on number_of_facilities proxy; no site-count ML model.
site_benchmarks_v1,0a97519bd78f561a,phase_indication_rare|phase=PHASE1/PHASE2|indication=426|rare=0,PHASE1/PHASE2,426,,0,phase_indication_rare,64,4.75,14.5,24.5,46.4,False,2026-06-02T14:51:50+00:00,positive completed registry-derived facility-count proxy; percentiles used without winsorization,Deterministic S2 planned-sites benchmark based on number_of_facilities proxy; no site-count ML model.
site_benchmarks_v1,0a97519bd78f561a,phase_indication_rare|phase=PHASE1/PHASE2|indication=429|rare=0,PHASE1/PHASE2,429,,0,phase_indication_rare,39,7.5,16.0,22.5,38.0,True,2026-06-02T14:51:50+00:00,positive completed registry-derived facility-count proxy; percentiles used without winsorization,Deterministic S2 planned-sites benchmark based on number_of_facilities proxy; no site-count ML model.
site_benchmarks_v1,0a97519bd78f561a,phase_indication_rare|phase=PHASE1/PHASE2|indication=432|rare=0,PHASE1/PHASE2,432,,0,phase_indication_rare,11,3.5,9.0,30.0,47.0,True,2026-06-02T14:51:50+00:00,positive completed registry-derived facility-count proxy; percentiles used without winsorization,Deterministic S2 planned-sites benchmark based on number_of_facilities proxy; no site-count ML model.
site_benchmarks_v1,0a97519bd78f561a,phase_indication_rare|phase=PHASE1/PHASE2|indication=435|rare=0,PHASE1/PHASE2,435,,0,phase_indication_rare,1,1.0,1.0,1.0,1.0,True,2026-06-02T14:51:50+00:00,positive completed registry-derived facility-count proxy; percentiles used without winsorization,Deterministic S2 planned-sites benchmark based on number_of_facilities proxy; no site-count ML model.
site_benchmarks_v1,0a97519bd78f561a,phase_indication_rare|phase=PHASE1/PHASE2|indication=438|rare=0,PHASE1/PHASE2,438,,0,phase_indication_rare,36,3.0,6.0,15.25,35.0,True,2026-06-02T14:51:50+00:00,positive completed registry-derived facility-count proxy; percentiles used without winsorization,Deterministic S2 planned-sites benchmark based on number_of_facilities proxy; no site-count ML model.
site_benchmarks_v1,0a97519bd78f561a,phase_indication_rare|phase=PHASE1/PHASE2|indication=441|rare=0,PHASE1/PHASE2,441,,0,phase_indication_rare,34,2.25,8.0,26.0,40.0,True,2026-06-02T14:51:50+00:00,positive completed registry-derived facility-count proxy; percentiles used without winsorization,Deterministic S2 planned-sites benchmark based on number_of_facilities proxy; no site-count ML model.
site_benchmarks_v1,0a97519bd78f561a,phase_indication_rare|phase=PHASE1/PHASE2|indication=444|rare=0,PHASE1/PHASE2,444,,0,phase_indication_rare,8,5.75,9.0,15.5,27.2,True,2026-06-02T14:51:50+00:00,positive completed registry-derived facility-count proxy; percentiles used without winsorization,Deterministic S2 planned-sites benchmark based on number_of_facilities proxy; no site-count ML model.
site_benchmarks_v1,0a97519bd78f561a,phase_indication_rare|phase=PHASE1/PHASE2|indication=447|rare=0,PHASE1/PHASE2,447,,0,phase_indication_rare,1,25.0,25.0,25.0,25.0,True,2026-06-02T14:51:50+00:00,positive completed registry-derived facility-count proxy; percentiles used without winsorization,Deterministic S2 planned-sites benchmark based on number_of_facilities proxy; no site-count ML model.
site_benchmarks_v1,0a97519bd78f561a,phase_indication_rare|phase=PHASE1/PHASE2|indication=450|rare=0,PHASE1/PHASE2,450,,0,phase_indication_rare,3,2.5,4.0,13.5,19.2,True,2026-06-02T14:51:50+00:00,positive completed registry-derived facility-count proxy; percentiles used without winsorization,Deterministic S2 planned-sites benchmark based on number_of_facilities proxy; no site-count ML model.
site_benchmarks_v1,0a97519bd78f561a,phase_indication_rare|phase=PHASE1/PHASE2|indication=453|rare=0,PHASE1/PHASE2,453,,0,phase_indication_rare,2,5.5,9.0,12.5,14.6,True,2026-06-02T14:51:50+00:00,positive completed registry-derived facility-count proxy; percentiles used without winsorization,Deterministic S2 planned-sites benchmark based on number_of_facilities proxy; no site-count ML model.
site_benchmarks_v1,0a97519bd78f561a,phase_indication_rare|phase=PHASE1/PHASE2|indication=456|rare=0,PHASE1/PHASE2,456,,0,phase_indication_rare,35,3.5,7.0,21.5,26.6,True,2026-06-02T14:51:50+00:00,positive completed registry-derived facility-count proxy; percentiles used without winsorization,Deterministic S2 planned-sites benchmark based on number_of_facilities proxy; no site-count ML model.
site_benchmarks_v1,0a97519bd78f561a,phase_indication_rare|phase=PHASE1/PHASE2|indication=456|rare=1,PHASE1/PHASE2,456,,1,phase_indication_rare,1,2.0,2.0,2.0,2.0,True,2026-06-02T14:51:50+00:00,positive completed registry-derived facility-count proxy; percentiles used without winsorization,Deterministic S2 planned-sites benchmark based on number_of_facilities proxy; no site-count ML model.
site_benchmarks_v1,0a97519bd78f561a,phase_indication_rare|phase=PHASE1/PHASE2|indication=459|rare=0,PHASE1/PHASE2,459,,0,phase_indication_rare,19,6.0,9.0,26.0,36.0,True,2026-06-02T14:51:50+00:00,positive completed registry-derived facility-count proxy; percentiles used without winsorization,Deterministic S2 planned-sites benchmark based on number_of_facilities proxy; no site-count ML model.
site_benchmarks_v1,0a97519bd78f561a,phase_indication_rare|phase=PHASE1/PHASE2|indication=462|rare=0,PHASE1/PHASE2,462,,0,phase_indication_rare,9,1.0,2.0,4.0,21.8,True,2026-06-02T14:51:50+00:00,positive completed registry-derived facility-count proxy; percentiles used without winsorization,Deterministic S2 planned-sites benchmark based on number_of_facilities proxy; no site-count ML model.
site_benchmarks_v1,0a97519bd78f561a,phase_indication_rare|phase=PHASE1/PHASE2|indication=465|rare=0,PHASE1/PHASE2,465,,0,phase_indication_rare,15,3.0,6.0,14.0,39.6,True,2026-06-02T14:51:50+00:00,positive completed registry-derived facility-count proxy; percentiles used without winsorization,Deterministic S2 planned-sites benchmark based on number_of_facilities proxy; no site-count ML model.
site_benchmarks_v1,0a97519bd78f561a,phase_indication_rare|phase=PHASE1/PHASE2|indication=465|rare=1,PHASE1/PHASE2,465,,1,phase_indication_rare,1,22.0,22.0,22.0,22.0,True,2026-06-02T14:51:50+00:00,positive completed registry-derived facility-count proxy; percentiles used without winsorization,Deterministic S2 planned-sites benchmark based on number_of_facilities proxy; no site-count ML model.
site_benchmarks_v1,0a97519bd78f561a,phase_indication_rare|phase=PHASE1/PHASE2|indication=471|rare=0,PHASE1/PHASE2,471,,0,phase_indication_rare,6,3.25,12.0,25.25,32.0,True,2026-06-02T14:51:50+00:00,positive completed registry-derived facility-count proxy; percentiles used without winsorization,Deterministic S2 planned-sites benchmark based on number_of_facilities proxy; no site-count ML model.
site_benchmarks_v1,0a97519bd78f561a,phase_indication_rare|phase=PHASE1/PHASE2|indication=474|rare=0,PHASE1/PHASE2,474,,0,phase_indication_rare,7,3.5,11.0,24.5,46.2,True,2026-06-02T14:51:50+00:00,positive completed registry-derived facility-count proxy; percentiles used without winsorization,Deterministic S2 planned-sites benchmark based on number_of_facilities proxy; no site-count ML model.
site_benchmarks_v1,0a97519bd78f561a,phase_indication_rare|phase=PHASE1/PHASE2|indication=477|rare=0,PHASE1/PHASE2,477,,0,phase_indication_rare,25,3.0,6.0,11.0,17.6,True,2026-06-02T14:51:50+00:00,positive completed registry-derived facility-count proxy; percentiles used without winsorization,Deterministic S2 planned-sites benchmark based on number_of_facilities proxy; no site-count ML model.
site_benchmarks_v1,0a97519bd78f561a,phase_indication_rare|phase=PHASE1/PHASE2|indication=477|rare=1,PHASE1/PHASE2,477,,1,phase_indication_rare,3,3.5,4.0,5.0,5.6,True,2026-06-02T14:51:50+00:00,positive completed registry-derived facility-count proxy; percentiles used without winsorization,Deterministic S2 planned-sites benchmark based on number_of_facilities proxy; no site-count ML model.
site_benchmarks_v1,0a97519bd78f561a,phase_indication_rare|phase=PHASE1/PHASE2|indication=480|rare=0,PHASE1/PHASE2,480,,0,phase_indication_rare,4,3.25,4.0,4.25,4.7,True,2026-06-02T14:51:50+00:00,positive completed registry-derived facility-count proxy; percentiles used without winsorization,Deterministic S2 planned-sites benchmark based on number_of_facilities proxy; no site-count ML model.
site_benchmarks_v1,0a97519bd78f561a,phase_indication_rare|phase=PHASE1/PHASE2|indication=483|rare=0,PHASE1/PHASE2,483,,0,phase_indication_rare,1,1.0,1.0,1.0,1.0,True,2026-06-02T14:51:50+00:00,positive completed registry-derived facility-count proxy; percentiles used without winsorization,Deterministic S2 planned-sites benchmark based on number_of_facilities proxy; no site-count ML model.
site_benchmarks_v1,0a97519bd78f561a,phase_indication_rare|phase=PHASE1/PHASE2|indication=483|rare=1,PHASE1/PHASE2,483,,1,phase_indication_rare,2,2.0,2.0,2.0,2.0,True,2026-06-02T14:51:50+00:00,positive completed registry-derived facility-count proxy; percentiles used without winsorization,Deterministic S2 planned-sites benchmark based on number_of_facilities proxy; no site-count ML model.
site_benchmarks_v1,0a97519bd78f561a,phase_indication_rare|phase=PHASE1/PHASE2|indication=484|rare=0,PHASE1/PHASE2,484,,0,phase_indication_rare,3,7.0,13.0,13.0,13.0,True,2026-06-02T14:51:50+00:00,positive completed registry-derived facility-count proxy; percentiles used without winsorization,Deterministic S2 planned-sites benchmark based on number_of_facilities proxy; no site-count ML model.
site_benchmarks_v1,0a97519bd78f561a,phase_indication_rare|phase=PHASE1/PHASE2|indication=485|rare=0,PHASE1/PHASE2,485,,0,phase_indication_rare,50,7.25,18.0,26.5,42.1,False,2026-06-02T14:51:50+00:00,positive completed registry-derived facility-count proxy; percentiles used without winsorization,Deterministic S2 planned-sites benchmark based on number_of_facilities proxy; no site-count ML model.
site_benchmarks_v1,0a97519bd78f561a,phase_indication_rare|phase=PHASE1/PHASE2|indication=485|rare=1,PHASE1/PHASE2,485,,1,phase_indication_rare,7,10.0,17.0,25.5,38.0,True,2026-06-02T14:51:50+00:00,positive completed registry-derived facility-count proxy; percentiles used without winsorization,Deterministic S2 planned-sites benchmark based on number_of_facilities proxy; no site-count ML model.
site_benchmarks_v1,0a97519bd78f561a,phase_indication_rare|phase=PHASE1/PHASE2|indication=486|rare=0,PHASE1/PHASE2,486,,0,phase_indication_rare,32,7.0,12.0,21.0,29.6,True,2026-06-02T14:51:50+00:00,positive completed registry-derived facility-count proxy; percentiles used without winsorization,Deterministic S2 planned-sites benchmark based on number_of_facilities proxy; no site-count ML model.
site_benchmarks_v1,0a97519bd78f561a,phase_indication_rare|phase=PHASE1/PHASE2|indication=486|rare=1,PHASE1/PHASE2,486,,1,phase_indication_rare,1,7.0,7.0,7.0,7.0,True,2026-06-02T14:51:50+00:00,positive completed registry-derived facility-count proxy; percentiles used without winsorization,Deterministic S2 planned-sites benchmark based on number_of_facilities proxy; no site-count ML model.
site_benchmarks_v1,0a97519bd78f561a,phase_indication_rare|phase=PHASE1/PHASE2|indication=487|rare=0,PHASE1/PHASE2,487,,0,phase_indication_rare,51,2.0,6.0,14.0,24.0,False,2026-06-02T14:51:50+00:00,positive completed registry-derived facility-count proxy; percentiles used without winsorization,Deterministic S2 planned-sites benchmark based on number_of_facilities proxy; no site-count ML model.
site_benchmarks_v1,0a97519bd78f561a,phase_indication_rare|phase=PHASE1/PHASE2|indication=487|rare=1,PHASE1/PHASE2,487,,1,phase_indication_rare,4,14.25,19.0,24.0,27.6,True,2026-06-02T14:51:50+00:00,positive completed registry-derived facility-count proxy; percentiles used without winsorization,Deterministic S2 planned-sites benchmark based on number_of_facilities proxy; no site-count ML model.
site_benchmarks_v1,0a97519bd78f561a,phase_indication_rare|phase=PHASE1/PHASE2|indication=489|rare=0,PHASE1/PHASE2,489,,0,phase_indication_rare,243,4.0,11.0,20.0,37.6,False,2026-06-02T14:51:50+00:00,positive completed registry-derived facility-count proxy; percentiles used without winsorization,Deterministic S2 planned-sites benchmark based on number_of_facilities proxy; no site-count ML model.
site_benchmarks_v1,0a97519bd78f561a,phase_indication_rare|phase=PHASE1/PHASE2|indication=489|rare=1,PHASE1/PHASE2,489,,1,phase_indication_rare,14,6.0,16.0,25.25,35.7,True,2026-06-02T14:51:50+00:00,positive completed registry-derived facility-count proxy; percentiles used without winsorization,Deterministic S2 planned-sites benchmark based on number_of_facilities proxy; no site-count ML model.
site_benchmarks_v1,0a97519bd78f561a,phase_indication_rare|phase=PHASE1/PHASE2|indication=490|rare=0,PHASE1/PHASE2,490,,0,phase_indication_rare,9,5.0,9.0,12.0,25.2,True,2026-06-02T14:51:50+00:00,positive completed registry-derived facility-count proxy; percentiles used without winsorization,Deterministic S2 planned-sites benchmark based on number_of_facilities proxy; no site-count ML model.
site_benchmarks_v1,0a97519bd78f561a,phase_indication_rare|phase=PHASE1/PHASE2|indication=490|rare=1,PHASE1/PHASE2,490,,1,phase_indication_rare,9,6.0,13.0,24.0,30.8,True,2026-06-02T14:51:50+00:00,positive completed registry-derived facility-count proxy; percentiles used without winsorization,Deterministic S2 planned-sites benchmark based on number_of_facilities proxy; no site-count ML model.
site_benchmarks_v1,0a97519bd78f561a,phase_indication_rare|phase=PHASE1/PHASE2|indication=493|rare=0,PHASE1/PHASE2,493,,0,phase_indication_rare,11,1.0,1.0,5.0,16.0,True,2026-06-02T14:51:50+00:00,positive completed registry-derived facility-count proxy; percentiles used without winsorization,Deterministic S2 planned-sites benchmark based on number_of_facilities proxy; no site-count ML model.
site_benchmarks_v1,0a97519bd78f561a,phase_indication_rare|phase=PHASE1/PHASE2|indication=494|rare=0,PHASE1/PHASE2,494,,0,phase_indication_rare,10,1.5,4.5,21.25,26.2,True,2026-06-02T14:51:50+00:00,positive completed registry-derived facility-count proxy; percentiles used without winsorization,Deterministic S2 planned-sites benchmark based on number_of_facilities proxy; no site-count ML model.
site_benchmarks_v1,0a97519bd78f561a,phase_indication_rare|phase=PHASE1/PHASE2|indication=498|rare=0,PHASE1/PHASE2,498,,0,phase_indication_rare,7,1.5,5.0,11.0,14.6,True,2026-06-02T14:51:50+00:00,positive completed registry-derived facility-count proxy; percentiles used without winsorization,Deterministic S2 planned-sites benchmark based on number_of_facilities proxy; no site-count ML model.
site_benchmarks_v1,0a97519bd78f561a,phase_indication_rare|phase=PHASE1/PHASE2|indication=499|rare=0,PHASE1/PHASE2,499,,0,phase_indication_rare,1,1.0,1.0,1.0,1.0,True,2026-06-02T14:51:50+00:00,positive completed registry-derived facility-count proxy; percentiles used without winsorization,Deterministic S2 planned-sites benchmark based on number_of_facilities proxy; no site-count ML model.
site_benchmarks_v1,0a97519bd78f561a,phase_indication_rare|phase=PHASE1/PHASE2|indication=499|rare=1,PHASE1/PHASE2,499,,1,phase_indication_rare,1,2.0,2.0,2.0,2.0,True,2026-06-02T14:51:50+00:00,positive completed registry-derived facility-count proxy; percentiles used without winsorization,Deterministic S2 planned-sites benchmark based on number_of_facilities proxy; no site-count ML model.
site_benchmarks_v1,0a97519bd78f561a,phase_indication_rare|phase=PHASE1/PHASE2|indication=502|rare=0,PHASE1/PHASE2,502,,0,phase_indication_rare,4,1.0,2.0,3.25,3.7,True,2026-06-02T14:51:50+00:00,positive completed registry-derived facility-count proxy; percentiles used without winsorization,Deterministic S2 planned-sites benchmark based on number_of_facilities proxy; no site-count ML model.
site_benchmarks_v1,0a97519bd78f561a,phase_indication_rare|phase=PHASE1/PHASE2|indication=507|rare=0,PHASE1/PHASE2,507,,0,phase_indication_rare,13,1.0,1.0,2.0,7.8,True,2026-06-02T14:51:50+00:00,positive completed registry-derived facility-count proxy; percentiles used without winsorization,Deterministic S2 planned-sites benchmark based on number_of_facilities proxy; no site-count ML model.
site_benchmarks_v1,0a97519bd78f561a,phase_indication_rare|phase=PHASE1/PHASE2|indication=509|rare=0,PHASE1/PHASE2,509,,0,phase_indication_rare,9,1.0,1.0,5.0,5.2,True,2026-06-02T14:51:50+00:00,positive completed registry-derived facility-count proxy; percentiles used without winsorization,Deterministic S2 planned-sites benchmark based on number_of_facilities proxy; no site-count ML model.
site_benchmarks_v1,0a97519bd78f561a,phase_indication_rare|phase=PHASE1/PHASE2|indication=515|rare=0,PHASE1/PHASE2,515,,0,phase_indication_rare,12,1.0,1.0,2.25,6.6,True,2026-06-02T14:51:50+00:00,positive completed registry-derived facility-count proxy; percentiles used without winsorization,Deterministic S2 planned-sites benchmark based on number_of_facilities proxy; no site-count ML model.
site_benchmarks_v1,0a97519bd78f561a,phase_indication_rare|phase=PHASE1/PHASE2|indication=516|rare=0,PHASE1/PHASE2,516,,0,phase_indication_rare,4,4.0,10.0,16.0,17.8,True,2026-06-02T14:51:50+00:00,positive completed registry-derived facility-count proxy; percentiles used without winsorization,Deterministic S2 planned-sites benchmark based on number_of_facilities proxy; no site-count ML model.
site_benchmarks_v1,0a97519bd78f561a,phase_indication_rare|phase=PHASE1/PHASE2|indication=516|rare=1,PHASE1/PHASE2,516,,1,phase_indication_rare,2,15.0,17.0,19.0,20.2,True,2026-06-02T14:51:50+00:00,positive completed registry-derived facility-count proxy; percentiles used without winsorization,Deterministic S2 planned-sites benchmark based on number_of_facilities proxy; no site-count ML model.
site_benchmarks_v1,0a97519bd78f561a,phase_indication_rare|phase=PHASE1/PHASE2|indication=520|rare=0,PHASE1/PHASE2,520,,0,phase_indication_rare,17,1.0,2.0,4.0,8.8,True,2026-06-02T14:51:50+00:00,positive completed registry-derived facility-count proxy; percentiles used without winsorization,Deterministic S2 planned-sites benchmark based on number_of_facilities proxy; no site-count ML model.
site_benchmarks_v1,0a97519bd78f561a,phase_indication_rare|phase=PHASE1/PHASE2|indication=520|rare=1,PHASE1/PHASE2,520,,1,phase_indication_rare,9,3.0,4.0,27.0,40.0,True,2026-06-02T14:51:50+00:00,positive completed registry-derived facility-count proxy; percentiles used without winsorization,Deterministic S2 planned-sites benchmark based on number_of_facilities proxy; no site-count ML model.
site_benchmarks_v1,0a97519bd78f561a,phase_indication_rare|phase=PHASE1/PHASE2|indication=521|rare=0,PHASE1/PHASE2,521,,0,phase_indication_rare,27,1.0,2.0,8.5,14.0,True,2026-06-02T14:51:50+00:00,positive completed registry-derived facility-count proxy; percentiles used without winsorization,Deterministic S2 planned-sites benchmark based on number_of_facilities proxy; no site-count ML model.
site_benchmarks_v1,0a97519bd78f561a,phase_indication_rare|phase=PHASE1/PHASE2|indication=521|rare=1,PHASE1/PHASE2,521,,1,phase_indication_rare,1,19.0,19.0,19.0,19.0,True,2026-06-02T14:51:50+00:00,positive completed registry-derived facility-count proxy; percentiles used without winsorization,Deterministic S2 planned-sites benchmark based on number_of_facilities proxy; no site-count ML model.
site_benchmarks_v1,0a97519bd78f561a,phase_indication_rare|phase=PHASE1/PHASE2|indication=530|rare=0,PHASE1/PHASE2,530,,0,phase_indication_rare,3,1.0,1.0,2.0,2.6,True,2026-06-02T14:51:50+00:00,positive completed registry-derived facility-count proxy; percentiles used without winsorization,Deterministic S2 planned-sites benchmark based on number_of_facilities proxy; no site-count ML model.
site_benchmarks_v1,0a97519bd78f561a,phase_indication_rare|phase=PHASE1/PHASE2|indication=531|rare=0,PHASE1/PHASE2,531,,0,phase_indication_rare,1,1.0,1.0,1.0,1.0,True,2026-06-02T14:51:50+00:00,positive completed registry-derived facility-count proxy; percentiles used without winsorization,Deterministic S2 planned-sites benchmark based on number_of_facilities proxy; no site-count ML model.
site_benchmarks_v1,0a97519bd78f561a,phase_indication_rare|phase=PHASE1/PHASE2|indication=532|rare=0,PHASE1/PHASE2,532,,0,phase_indication_rare,7,3.5,4.0,11.0,16.4,True,2026-06-02T14:51:50+00:00,positive completed registry-derived facility-count proxy; percentiles used without winsorization,Deterministic S2 planned-sites benchmark based on number_of_facilities proxy; no site-count ML model.
site_benchmarks_v1,0a97519bd78f561a,phase_indication_rare|phase=PHASE1/PHASE2|indication=535|rare=0,PHASE1/PHASE2,535,,0,phase_indication_rare,3,4.0,7.0,27.5,39.8,True,2026-06-02T14:51:50+00:00,positive completed registry-derived facility-count proxy; percentiles used without winsorization,Deterministic S2 planned-sites benchmark based on number_of_facilities proxy; no site-count ML model.
site_benchmarks_v1,0a97519bd78f561a,phase_indication_rare|phase=PHASE1/PHASE2|indication=535|rare=1,PHASE1/PHASE2,535,,1,phase_indication_rare,1,9.0,9.0,9.0,9.0,True,2026-06-02T14:51:50+00:00,positive completed registry-derived facility-count proxy; percentiles used without winsorization,Deterministic S2 planned-sites benchmark based on number_of_facilities proxy; no site-count ML model.
site_benchmarks_v1,0a97519bd78f561a,phase_indication_rare|phase=PHASE1/PHASE2|indication=543|rare=0,PHASE1/PHASE2,543,,0,phase_indication_rare,22,2.0,3.0,5.75,13.9,True,2026-06-02T14:51:50+00:00,positive completed registry-derived facility-count proxy; percentiles used without winsorization,Deterministic S2 planned-sites benchmark based on number_of_facilities proxy; no site-count ML model.
site_benchmarks_v1,0a97519bd78f561a,phase_indication_rare|phase=PHASE1/PHASE2|indication=544|rare=0,PHASE1/PHASE2,544,,0,phase_indication_rare,13,2.0,2.0,6.0,11.8,True,2026-06-02T14:51:50+00:00,positive completed registry-derived facility-count proxy; percentiles used without winsorization,Deterministic S2 planned-sites benchmark based on number_of_facilities proxy; no site-count ML model.
site_benchmarks_v1,0a97519bd78f561a,phase_indication_rare|phase=PHASE1/PHASE2|indication=545|rare=0,PHASE1/PHASE2,545,,0,phase_indication_rare,6,4.75,10.0,12.25,15.0,True,2026-06-02T14:51:50+00:00,positive completed registry-derived facility-count proxy; percentiles used without winsorization,Deterministic S2 planned-sites benchmark based on number_of_facilities proxy; no site-count ML model.
site_benchmarks_v1,0a97519bd78f561a,phase_indication_rare|phase=PHASE1/PHASE2|indication=545|rare=1,PHASE1/PHASE2,545,,1,phase_indication_rare,1,18.0,18.0,18.0,18.0,True,2026-06-02T14:51:50+00:00,positive completed registry-derived facility-count proxy; percentiles used without winsorization,Deterministic S2 planned-sites benchmark based on number_of_facilities proxy; no site-count ML model.
site_benchmarks_v1,0a97519bd78f561a,phase_indication_rare|phase=PHASE1/PHASE2|indication=546|rare=0,PHASE1/PHASE2,546,,0,phase_indication_rare,4,1.0,2.0,3.5,4.4,True,2026-06-02T14:51:50+00:00,positive completed registry-derived facility-count proxy; percentiles used without winsorization,Deterministic S2 planned-sites benchmark based on number_of_facilities proxy; no site-count ML model.
site_benchmarks_v1,0a97519bd78f561a,phase_indication_rare|phase=PHASE1/PHASE2|indication=554|rare=1,PHASE1/PHASE2,554,,1,phase_indication_rare,7,1.0,1.0,4.0,9.2,True,2026-06-02T14:51:50+00:00,positive completed registry-derived facility-count proxy; percentiles used without winsorization,Deterministic S2 planned-sites benchmark based on number_of_facilities proxy; no site-count ML model.
site_benchmarks_v1,0a97519bd78f561a,phase_indication_rare|phase=PHASE1/PHASE2|indication=557|rare=0,PHASE1/PHASE2,557,,0,phase_indication_rare,13,1.0,1.0,2.0,5.6,True,2026-06-02T14:51:50+00:00,positive completed registry-derived facility-count proxy; percentiles used without winsorization,Deterministic S2 planned-sites benchmark based on number_of_facilities proxy; no site-count ML model.
site_benchmarks_v1,0a97519bd78f561a,phase_indication_rare|phase=PHASE1/PHASE2|indication=557|rare=1,PHASE1/PHASE2,557,,1,phase_indication_rare,9,1.0,2.0,11.0,25.2,True,2026-06-02T14:51:50+00:00,positive completed registry-derived facility-count proxy; percentiles used without winsorization,Deterministic S2 planned-sites benchmark based on number_of_facilities proxy; no site-count ML model.
site_benchmarks_v1,0a97519bd78f561a,phase_indication_rare|phase=PHASE1/PHASE2|indication=559|rare=0,PHASE1/PHASE2,559,,0,phase_indication_rare,6,1.25,2.5,6.0,13.0,True,2026-06-02T14:51:50+00:00,positive completed registry-derived facility-count proxy; percentiles used without winsorization,Deterministic S2 planned-sites benchmark based on number_of_facilities proxy; no site-count ML model.
site_benchmarks_v1,0a97519bd78f561a,phase_indication_rare|phase=PHASE1/PHASE2|indication=560|rare=0,PHASE1/PHASE2,560,,0,phase_indication_rare,2,1.0,1.0,1.0,1.0,True,2026-06-02T14:51:50+00:00,positive completed registry-derived facility-count proxy; percentiles used without winsorization,Deterministic S2 planned-sites benchmark based on number_of_facilities proxy; no site-count ML model.
site_benchmarks_v1,0a97519bd78f561a,phase_indication_rare|phase=PHASE1/PHASE2|indication=561|rare=0,PHASE1/PHASE2,561,,0,phase_indication_rare,5,1.0,2.0,2.0,2.6,True,2026-06-02T14:51:50+00:00,positive completed registry-derived facility-count proxy; percentiles used without winsorization,Deterministic S2 planned-sites benchmark based on number_of_facilities proxy; no site-count ML model.
site_benchmarks_v1,0a97519bd78f561a,phase_indication_rare|phase=PHASE1/PHASE2|indication=567|rare=0,PHASE1/PHASE2,567,,0,phase_indication_rare,8,1.0,1.5,2.25,3.6,True,2026-06-02T14:51:50+00:00,positive completed registry-derived facility-count proxy; percentiles used without winsorization,Deterministic S2 planned-sites benchmark based on number_of_facilities proxy; no site-count ML model.
site_benchmarks_v1,0a97519bd78f561a,phase_indication_rare|phase=PHASE1/PHASE2|indication=571|rare=0,PHASE1/PHASE2,571,,0,phase_indication_rare,3,1.5,2.0,9.0,13.2,True,2026-06-02T14:51:50+00:00,positive completed registry-derived facility-count proxy; percentiles used without winsorization,Deterministic S2 planned-sites benchmark based on number_of_facilities proxy; no site-count ML model.
site_benchmarks_v1,0a97519bd78f561a,phase_indication_rare|phase=PHASE1/PHASE2|indication=575|rare=0,PHASE1/PHASE2,575,,0,phase_indication_rare,3,1.0,1.0,1.0,1.0,True,2026-06-02T14:51:50+00:00,positive completed registry-derived facility-count proxy; percentiles used without winsorization,Deterministic S2 planned-sites benchmark based on number_of_facilities proxy; no site-count ML model.
site_benchmarks_v1,0a97519bd78f561a,phase_indication_rare|phase=PHASE1/PHASE2|indication=578|rare=0,PHASE1/PHASE2,578,,0,phase_indication_rare,4,1.0,1.5,2.5,3.4,True,2026-06-02T14:51:50+00:00,positive completed registry-derived facility-count proxy; percentiles used without winsorization,Deterministic S2 planned-sites benchmark based on number_of_facilities proxy; no site-count ML model.
site_benchmarks_v1,0a97519bd78f561a,phase_indication_rare|phase=PHASE1/PHASE2|indication=582|rare=1,PHASE1/PHASE2,582,,1,phase_indication_rare,1,25.0,25.0,25.0,25.0,True,2026-06-02T14:51:50+00:00,positive completed registry-derived facility-count proxy; percentiles used without winsorization,Deterministic S2 planned-sites benchmark based on number_of_facilities proxy; no site-count ML model.
site_benchmarks_v1,0a97519bd78f561a,phase_indication_rare|phase=PHASE1/PHASE2|indication=585|rare=0,PHASE1/PHASE2,585,,0,phase_indication_rare,5,1.0,2.0,2.0,5.0,True,2026-06-02T14:51:50+00:00,positive completed registry-derived facility-count proxy; percentiles used without winsorization,Deterministic S2 planned-sites benchmark based on number_of_facilities proxy; no site-count ML model.
site_benchmarks_v1,0a97519bd78f561a,phase_indication_rare|phase=PHASE1/PHASE2|indication=587|rare=0,PHASE1/PHASE2,587,,0,phase_indication_rare,43,1.0,2.0,5.5,11.0,True,2026-06-02T14:51:50+00:00,positive completed registry-derived facility-count proxy; percentiles used without winsorization,Deterministic S2 planned-sites benchmark based on number_of_facilities proxy; no site-count ML model.
site_benchmarks_v1,0a97519bd78f561a,phase_indication_rare|phase=PHASE1/PHASE2|indication=589|rare=0,PHASE1/PHASE2,589,,0,phase_indication_rare,27,1.0,3.0,6.0,11.6,True,2026-06-02T14:51:50+00:00,positive completed registry-derived facility-count proxy; percentiles used without winsorization,Deterministic S2 planned-sites benchmark based on number_of_facilities proxy; no site-count ML model.
site_benchmarks_v1,0a97519bd78f561a,phase_indication_rare|phase=PHASE1/PHASE2|indication=589|rare=1,PHASE1/PHASE2,589,,1,phase_indication_rare,3,12.0,16.0,16.5,16.8,True,2026-06-02T14:51:50+00:00,positive completed registry-derived facility-count proxy; percentiles used without winsorization,Deterministic S2 planned-sites benchmark based on number_of_facilities proxy; no site-count ML model.
site_benchmarks_v1,0a97519bd78f561a,phase_indication_rare|phase=PHASE1/PHASE2|indication=594|rare=0,PHASE1/PHASE2,594,,0,phase_indication_rare,13,1.0,3.0,5.0,13.8,True,2026-06-02T14:51:50+00:00,positive completed registry-derived facility-count proxy; percentiles used without winsorization,Deterministic S2 planned-sites benchmark based on number_of_facilities proxy; no site-count ML model.
site_benchmarks_v1,0a97519bd78f561a,phase_indication_rare|phase=PHASE1/PHASE2|indication=594|rare=1,PHASE1/PHASE2,594,,1,phase_indication_rare,2,9.5,10.0,10.5,10.8,True,2026-06-02T14:51:50+00:00,positive completed registry-derived facility-count proxy; percentiles used without winsorization,Deterministic S2 planned-sites benchmark based on number_of_facilities proxy; no site-count ML model.
site_benchmarks_v1,0a97519bd78f561a,phase_indication_rare|phase=PHASE1/PHASE2|indication=603|rare=0,PHASE1/PHASE2,603,,0,phase_indication_rare,13,1.0,1.0,2.0,2.8,True,2026-06-02T14:51:50+00:00,positive completed registry-derived facility-count proxy; percentiles used without winsorization,Deterministic S2 planned-sites benchmark based on number_of_facilities proxy; no site-count ML model.
site_benchmarks_v1,0a97519bd78f561a,phase_indication_rare|phase=PHASE1/PHASE2|indication=613|rare=0,PHASE1/PHASE2,613,,0,phase_indication_rare,3,6.0,9.0,10.0,10.6,True,2026-06-02T14:51:50+00:00,positive completed registry-derived facility-count proxy; percentiles used without winsorization,Deterministic S2 planned-sites benchmark based on number_of_facilities proxy; no site-count ML model.
site_benchmarks_v1,0a97519bd78f561a,phase_indication_rare|phase=PHASE1/PHASE2|indication=613|rare=1,PHASE1/PHASE2,613,,1,phase_indication_rare,8,2.75,4.5,6.0,6.0,True,2026-06-02T14:51:50+00:00,positive completed registry-derived facility-count proxy; percentiles used without winsorization,Deterministic S2 planned-sites benchmark based on number_of_facilities proxy; no site-count ML model.
site_benchmarks_v1,0a97519bd78f561a,phase_indication_rare|phase=PHASE1/PHASE2|indication=619|rare=0,PHASE1/PHASE2,619,,0,phase_indication_rare,37,1.0,2.0,12.0,17.4,True,2026-06-02T14:51:50+00:00,positive completed registry-derived facility-count proxy; percentiles used without winsorization,Deterministic S2 planned-sites benchmark based on number_of_facilities proxy; no site-count ML model.
site_benchmarks_v1,0a97519bd78f561a,phase_indication_rare|phase=PHASE1/PHASE2|indication=619|rare=1,PHASE1/PHASE2,619,,1,phase_indication_rare,99,2.0,5.0,9.0,18.2,False,2026-06-02T14:51:50+00:00,positive completed registry-derived facility-count proxy; percentiles used without winsorization,Deterministic S2 planned-sites benchmark based on number_of_facilities proxy; no site-count ML model.
site_benchmarks_v1,0a97519bd78f561a,phase_indication_rare|phase=PHASE1/PHASE2|indication=627|rare=0,PHASE1/PHASE2,627,,0,phase_indication_rare,19,1.5,6.0,19.0,37.0,True,2026-06-02T14:51:50+00:00,positive completed registry-derived facility-count proxy; percentiles used without winsorization,Deterministic S2 planned-sites benchmark based on number_of_facilities proxy; no site-count ML model.
site_benchmarks_v1,0a97519bd78f561a,phase_indication_rare|phase=PHASE1/PHASE2|indication=628|rare=0,PHASE1/PHASE2,628,,0,phase_indication_rare,20,1.0,1.0,2.25,3.1,True,2026-06-02T14:51:50+00:00,positive completed registry-derived facility-count proxy; percentiles used without winsorization,Deterministic S2 planned-sites benchmark based on number_of_facilities proxy; no site-count ML model.
site_benchmarks_v1,0a97519bd78f561a,phase_indication_rare|phase=PHASE1/PHASE2|indication=630|rare=0,PHASE1/PHASE2,630,,0,phase_indication_rare,10,1.0,2.0,9.25,11.4,True,2026-06-02T14:51:50+00:00,positive completed registry-derived facility-count proxy; percentiles used without winsorization,Deterministic S2 planned-sites benchmark based on number_of_facilities proxy; no site-count ML model.
site_benchmarks_v1,0a97519bd78f561a,phase_indication_rare|phase=PHASE1/PHASE2|indication=632|rare=0,PHASE1/PHASE2,632,,0,phase_indication_rare,3,1.0,1.0,2.5,3.4,True,2026-06-02T14:51:50+00:00,positive completed registry-derived facility-count proxy; percentiles used without winsorization,Deterministic S2 planned-sites benchmark based on number_of_facilities proxy; no site-count ML model.
site_benchmarks_v1,0a97519bd78f561a,phase_indication_rare|phase=PHASE1/PHASE2|indication=639|rare=0,PHASE1/PHASE2,639,,0,phase_indication_rare,18,1.0,2.5,6.0,7.2,True,2026-06-02T14:51:50+00:00,positive completed registry-derived facility-count proxy; percentiles used without winsorization,Deterministic S2 planned-sites benchmark based on number_of_facilities proxy; no site-count ML model.
site_benchmarks_v1,0a97519bd78f561a,phase_indication_rare|phase=PHASE1/PHASE2|indication=639|rare=1,PHASE1/PHASE2,639,,1,phase_indication_rare,18,3.0,5.0,6.75,8.6,True,2026-06-02T14:51:50+00:00,positive completed registry-derived facility-count proxy; percentiles used without winsorization,Deterministic S2 planned-sites benchmark based on number_of_facilities proxy; no site-count ML model.
site_benchmarks_v1,0a97519bd78f561a,phase_indication_rare|phase=PHASE1/PHASE2|indication=641|rare=0,PHASE1/PHASE2,641,,0,phase_indication_rare,1,3.0,3.0,3.0,3.0,True,2026-06-02T14:51:50+00:00,positive completed registry-derived facility-count proxy; percentiles used without winsorization,Deterministic S2 planned-sites benchmark based on number_of_facilities proxy; no site-count ML model.
site_benchmarks_v1,0a97519bd78f561a,phase_indication_rare|phase=PHASE1/PHASE2|indication=641|rare=1,PHASE1/PHASE2,641,,1,phase_indication_rare,4,1.75,4.0,8.5,13.0,True,2026-06-02T14:51:50+00:00,positive completed registry-derived facility-count proxy; percentiles used without winsorization,Deterministic S2 planned-sites benchmark based on number_of_facilities proxy; no site-count ML model.
site_benchmarks_v1,0a97519bd78f561a,phase_indication_rare|phase=PHASE1/PHASE2|indication=654|rare=0,PHASE1/PHASE2,654,,0,phase_indication_rare,28,1.0,3.0,7.75,20.5,True,2026-06-02T14:51:50+00:00,positive completed registry-derived facility-count proxy; percentiles used without winsorization,Deterministic S2 planned-sites benchmark based on number_of_facilities proxy; no site-count ML model.
site_benchmarks_v1,0a97519bd78f561a,phase_indication_rare|phase=PHASE1/PHASE2|indication=655|rare=0,PHASE1/PHASE2,655,,0,phase_indication_rare,14,1.0,1.0,7.5,12.1,True,2026-06-02T14:51:50+00:00,positive completed registry-derived facility-count proxy; percentiles used without winsorization,Deterministic S2 planned-sites benchmark based on number_of_facilities proxy; no site-count ML model.
site_benchmarks_v1,0a97519bd78f561a,phase_indication_rare|phase=PHASE1/PHASE2|indication=659|rare=0,PHASE1/PHASE2,659,,0,phase_indication_rare,2,5.75,10.5,15.25,18.1,True,2026-06-02T14:51:50+00:00,positive completed registry-derived facility-count proxy; percentiles used without winsorization,Deterministic S2 planned-sites benchmark based on number_of_facilities proxy; no site-count ML model.
site_benchmarks_v1,0a97519bd78f561a,phase_indication_rare|phase=PHASE1/PHASE2|indication=660|rare=0,PHASE1/PHASE2,660,,0,phase_indication_rare,4,1.0,2.5,4.25,4.7,True,2026-06-02T14:51:50+00:00,positive completed registry-derived facility-count proxy; percentiles used without winsorization,Deterministic S2 planned-sites benchmark based on number_of_facilities proxy; no site-count ML model.
site_benchmarks_v1,0a97519bd78f561a,phase_indication_rare|phase=PHASE1/PHASE2|indication=661|rare=0,PHASE1/PHASE2,661,,0,phase_indication_rare,10,1.0,2.0,3.75,12.8,True,2026-06-02T14:51:50+00:00,positive completed registry-derived facility-count proxy; percentiles used without winsorization,Deterministic S2 planned-sites benchmark based on number_of_facilities proxy; no site-count ML model.
site_benchmarks_v1,0a97519bd78f561a,phase_indication_rare|phase=PHASE1/PHASE2|indication=662|rare=0,PHASE1/PHASE2,662,,0,phase_indication_rare,2,5.0,9.0,13.0,15.4,True,2026-06-02T14:51:50+00:00,positive completed registry-derived facility-count proxy; percentiles used without winsorization,Deterministic S2 planned-sites benchmark based on number_of_facilities proxy; no site-count ML model.
site_benchmarks_v1,0a97519bd78f561a,phase_indication_rare|phase=PHASE1/PHASE2|indication=665|rare=0,PHASE1/PHASE2,665,,0,phase_indication_rare,3,1.5,2.0,8.0,11.6,True,2026-06-02T14:51:50+00:00,positive completed registry-derived facility-count proxy; percentiles used without winsorization,Deterministic S2 planned-sites benchmark based on number_of_facilities proxy; no site-count ML model.
site_benchmarks_v1,0a97519bd78f561a,phase_indication_rare|phase=PHASE1/PHASE2|indication=668|rare=0,PHASE1/PHASE2,668,,0,phase_indication_rare,23,1.0,1.0,2.5,5.8,True,2026-06-02T14:51:50+00:00,positive completed registry-derived facility-count proxy; percentiles used without winsorization,Deterministic S2 planned-sites benchmark based on number_of_facilities proxy; no site-count ML model.
site_benchmarks_v1,0a97519bd78f561a,phase_indication_rare|phase=PHASE1/PHASE2|indication=668|rare=1,PHASE1/PHASE2,668,,1,phase_indication_rare,6,1.5,4.0,5.75,10.5,True,2026-06-02T14:51:50+00:00,positive completed registry-derived facility-count proxy; percentiles used without winsorization,Deterministic S2 planned-sites benchmark based on number_of_facilities proxy; no site-count ML model.
site_benchmarks_v1,0a97519bd78f561a,phase_indication_rare|phase=PHASE1/PHASE2|indication=674|rare=0,PHASE1/PHASE2,674,,0,phase_indication_rare,4,3.25,6.0,8.0,8.0,True,2026-06-02T14:51:50+00:00,positive completed registry-derived facility-count proxy; percentiles used without winsorization,Deterministic S2 planned-sites benchmark based on number_of_facilities proxy; no site-count ML model.
site_benchmarks_v1,0a97519bd78f561a,phase_indication_rare|phase=PHASE1/PHASE2|indication=679|rare=0,PHASE1/PHASE2,679,,0,phase_indication_rare,32,1.0,3.5,8.25,14.6,True,2026-06-02T14:51:50+00:00,positive completed registry-derived facility-count proxy; percentiles used without winsorization,Deterministic S2 planned-sites benchmark based on number_of_facilities proxy; no site-count ML model.
site_benchmarks_v1,0a97519bd78f561a,phase_indication_rare|phase=PHASE1/PHASE2|indication=679|rare=1,PHASE1/PHASE2,679,,1,phase_indication_rare,9,2.0,2.0,5.0,34.2,True,2026-06-02T14:51:50+00:00,positive completed registry-derived facility-count proxy; percentiles used without winsorization,Deterministic S2 planned-sites benchmark based on number_of_facilities proxy; no site-count ML model.
site_benchmarks_v1,0a97519bd78f561a,phase_indication_rare|phase=PHASE1/PHASE2|indication=680|rare=0,PHASE1/PHASE2,680,,0,phase_indication_rare,5,1.0,1.0,3.0,3.6,True,2026-06-02T14:51:50+00:00,positive completed registry-derived facility-count proxy; percentiles used without winsorization,Deterministic S2 planned-sites benchmark based on number_of_facilities proxy; no site-count ML model.
site_benchmarks_v1,0a97519bd78f561a,phase_indication_rare|phase=PHASE1/PHASE2|indication=716|rare=0,PHASE1/PHASE2,716,,0,phase_indication_rare,2,4.5,6.0,7.5,8.4,True,2026-06-02T14:51:50+00:00,positive completed registry-derived facility-count proxy; percentiles used without winsorization,Deterministic S2 planned-sites benchmark based on number_of_facilities proxy; no site-count ML model.
site_benchmarks_v1,0a97519bd78f561a,phase_indication_rare|phase=PHASE1/PHASE2|indication=959|rare=0,PHASE1/PHASE2,959,,0,phase_indication_rare,1,2.0,2.0,2.0,2.0,True,2026-06-02T14:51:50+00:00,positive completed registry-derived facility-count proxy; percentiles used without winsorization,Deterministic S2 planned-sites benchmark based on number_of_facilities proxy; no site-count ML model.
site_benchmarks_v1,0a97519bd78f561a,phase_indication_rare|phase=PHASE1/PHASE2|indication=972|rare=0,PHASE1/PHASE2,972,,0,phase_indication_rare,3,1.0,1.0,1.5,1.8,True,2026-06-02T14:51:50+00:00,positive completed registry-derived facility-count proxy; percentiles used without winsorization,Deterministic S2 planned-sites benchmark based on number_of_facilities proxy; no site-count ML model.
site_benchmarks_v1,0a97519bd78f561a,phase_indication_rare|phase=PHASE1/PHASE2|indication=980|rare=0,PHASE1/PHASE2,980,,0,phase_indication_rare,5,1.0,1.0,3.0,4.2,True,2026-06-02T14:51:50+00:00,positive completed registry-derived facility-count proxy; percentiles used without winsorization,Deterministic S2 planned-sites benchmark based on number_of_facilities proxy; no site-count ML model.
site_benchmarks_v1,0a97519bd78f561a,phase_indication_rare|phase=PHASE1/PHASE2|indication=981|rare=0,PHASE1/PHASE2,981,,0,phase_indication_rare,53,1.0,4.0,9.0,19.0,False,2026-06-02T14:51:50+00:00,positive completed registry-derived facility-count proxy; percentiles used without winsorization,Deterministic S2 planned-sites benchmark based on number_of_facilities proxy; no site-count ML model.
site_benchmarks_v1,0a97519bd78f561a,phase_indication_rare|phase=PHASE1/PHASE2|indication=981|rare=1,PHASE1/PHASE2,981,,1,phase_indication_rare,15,2.0,3.0,4.5,7.6,True,2026-06-02T14:51:50+00:00,positive completed registry-derived facility-count proxy; percentiles used without winsorization,Deterministic S2 planned-sites benchmark based on number_of_facilities proxy; no site-count ML model.
site_benchmarks_v1,0a97519bd78f561a,phase_indication_rare|phase=PHASE1/PHASE2|indication=992|rare=0,PHASE1/PHASE2,992,,0,phase_indication_rare,4,1.0,3.5,6.5,7.4,True,2026-06-02T14:51:50+00:00,positive completed registry-derived facility-count proxy; percentiles used without winsorization,Deterministic S2 planned-sites benchmark based on number_of_facilities proxy; no site-count ML model.
site_benchmarks_v1,0a97519bd78f561a,phase_indication_rare|phase=PHASE1/PHASE2|indication=1004|rare=1,PHASE1/PHASE2,1004,,1,phase_indication_rare,2,8.5,11.0,13.5,15.0,True,2026-06-02T14:51:50+00:00,positive completed registry-derived facility-count proxy; percentiles used without winsorization,Deterministic S2 planned-sites benchmark based on number_of_facilities proxy; no site-count ML model.
site_benchmarks_v1,0a97519bd78f561a,phase_indication_rare|phase=PHASE1/PHASE2|indication=1008|rare=0,PHASE1/PHASE2,1008,,0,phase_indication_rare,1,13.0,13.0,13.0,13.0,True,2026-06-02T14:51:50+00:00,positive completed registry-derived facility-count proxy; percentiles used without winsorization,Deterministic S2 planned-sites benchmark based on number_of_facilities proxy; no site-count ML model.
site_benchmarks_v1,0a97519bd78f561a,phase_indication_rare|phase=PHASE1/PHASE2|indication=1008|rare=1,PHASE1/PHASE2,1008,,1,phase_indication_rare,2,8.75,14.5,20.25,23.7,True,2026-06-02T14:51:50+00:00,positive completed registry-derived facility-count proxy; percentiles used without winsorization,Deterministic S2 planned-sites benchmark based on number_of_facilities proxy; no site-count ML model.
site_benchmarks_v1,0a97519bd78f561a,phase_indication_rare|phase=PHASE1/PHASE2|indication=1011|rare=0,PHASE1/PHASE2,1011,,0,phase_indication_rare,5,5.0,9.0,40.0,44.8,True,2026-06-02T14:51:50+00:00,positive completed registry-derived facility-count proxy; percentiles used without winsorization,Deterministic S2 planned-sites benchmark based on number_of_facilities proxy; no site-count ML model.
site_benchmarks_v1,0a97519bd78f561a,phase_indication_rare|phase=PHASE1/PHASE2|indication=1011|rare=1,PHASE1/PHASE2,1011,,1,phase_indication_rare,3,6.5,8.0,12.5,15.2,True,2026-06-02T14:51:50+00:00,positive completed registry-derived facility-count proxy; percentiles used without winsorization,Deterministic S2 planned-sites benchmark based on number_of_facilities proxy; no site-count ML model.
site_benchmarks_v1,0a97519bd78f561a,phase_indication_rare|phase=PHASE1/PHASE2|indication=1012|rare=1,PHASE1/PHASE2,1012,,1,phase_indication_rare,1,5.0,5.0,5.0,5.0,True,2026-06-02T14:51:50+00:00,positive completed registry-derived facility-count proxy; percentiles used without winsorization,Deterministic S2 planned-sites benchmark based on number_of_facilities proxy; no site-count ML model.
site_benchmarks_v1,0a97519bd78f561a,phase_indication_rare|phase=PHASE1/PHASE2|indication=1013|rare=1,PHASE1/PHASE2,1013,,1,phase_indication_rare,2,10.75,11.5,12.25,12.7,True,2026-06-02T14:51:50+00:00,positive completed registry-derived facility-count proxy; percentiles used without winsorization,Deterministic S2 planned-sites benchmark based on number_of_facilities proxy; no site-count ML model.
site_benchmarks_v1,0a97519bd78f561a,phase_indication_rare|phase=PHASE1/PHASE2|indication=1048|rare=0,PHASE1/PHASE2,1048,,0,phase_indication_rare,66,1.0,4.0,7.75,19.5,False,2026-06-02T14:51:50+00:00,positive completed registry-derived facility-count proxy; percentiles used without winsorization,Deterministic S2 planned-sites benchmark based on number_of_facilities proxy; no site-count ML model.
site_benchmarks_v1,0a97519bd78f561a,phase_indication_rare|phase=PHASE1/PHASE2|indication=1161|rare=0,PHASE1/PHASE2,1161,,0,phase_indication_rare,19,1.0,1.0,2.0,2.0,True,2026-06-02T14:51:50+00:00,positive completed registry-derived facility-count proxy; percentiles used without winsorization,Deterministic S2 planned-sites benchmark based on number_of_facilities proxy; no site-count ML model.
site_benchmarks_v1,0a97519bd78f561a,phase_indication_rare|phase=PHASE1/PHASE2|indication=1161|rare=1,PHASE1/PHASE2,1161,,1,phase_indication_rare,6,1.25,3.0,6.25,15.0,True,2026-06-02T14:51:50+00:00,positive completed registry-derived facility-count proxy; percentiles used without winsorization,Deterministic S2 planned-sites benchmark based on number_of_facilities proxy; no site-count ML model.
site_benchmarks_v1,0a97519bd78f561a,phase_indication_rare|phase=PHASE2|indication=0|rare=0,PHASE2,0,,0,phase_indication_rare,7,1.0,2.0,3.0,24.2,True,2026-06-02T14:51:50+00:00,positive completed registry-derived facility-count proxy; percentiles used without winsorization,Deterministic S2 planned-sites benchmark based on number_of_facilities proxy; no site-count ML model.
site_benchmarks_v1,0a97519bd78f561a,phase_indication_rare|phase=PHASE2|indication=297|rare=0,PHASE2,297,,0,phase_indication_rare,25,1.0,2.0,3.0,7.2,True,2026-06-02T14:51:50+00:00,positive completed registry-derived facility-count proxy; percentiles used without winsorization,Deterministic S2 planned-sites benchmark based on number_of_facilities proxy; no site-count ML model.
site_benchmarks_v1,0a97519bd78f561a,phase_indication_rare|phase=PHASE2|indication=298|rare=0,PHASE2,298,,0,phase_indication_rare,61,3.0,14.0,26.0,42.0,False,2026-06-02T14:51:50+00:00,positive completed registry-derived facility-count proxy; percentiles used without winsorization,Deterministic S2 planned-sites benchmark based on number_of_facilities proxy; no site-count ML model.
site_benchmarks_v1,0a97519bd78f561a,phase_indication_rare|phase=PHASE2|indication=302|rare=0,PHASE2,302,,0,phase_indication_rare,21,1.0,2.0,10.0,12.0,True,2026-06-02T14:51:50+00:00,positive completed registry-derived facility-count proxy; percentiles used without winsorization,Deterministic S2 planned-sites benchmark based on number_of_facilities proxy; no site-count ML model.
site_benchmarks_v1,0a97519bd78f561a,phase_indication_rare|phase=PHASE2|indication=321|rare=0,PHASE2,321,,0,phase_indication_rare,31,6.0,20.0,32.5,50.0,True,2026-06-02T14:51:50+00:00,positive completed registry-derived facility-count proxy; percentiles used without winsorization,Deterministic S2 planned-sites benchmark based on number_of_facilities proxy; no site-count ML model.
site_benchmarks_v1,0a97519bd78f561a,phase_indication_rare|phase=PHASE2|indication=322|rare=0,PHASE2,322,,0,phase_indication_rare,116,1.0,12.0,32.25,56.0,False,2026-06-02T14:51:50+00:00,positive completed registry-derived facility-count proxy; percentiles used without winsorization,Deterministic S2 planned-sites benchmark based on number_of_facilities proxy; no site-count ML model.
site_benchmarks_v1,0a97519bd78f561a,phase_indication_rare|phase=PHASE2|indication=328|rare=0,PHASE2,328,,0,phase_indication_rare,159,1.0,4.0,12.0,30.0,False,2026-06-02T14:51:50+00:00,positive completed registry-derived facility-count proxy; percentiles used without winsorization,Deterministic S2 planned-sites benchmark based on number_of_facilities proxy; no site-count ML model.
site_benchmarks_v1,0a97519bd78f561a,phase_indication_rare|phase=PHASE2|indication=329|rare=0,PHASE2,329,,0,phase_indication_rare,9,3.0,5.0,7.0,11.0,True,2026-06-02T14:51:50+00:00,positive completed registry-derived facility-count proxy; percentiles used without winsorization,Deterministic S2 planned-sites benchmark based on number_of_facilities proxy; no site-count ML model.
site_benchmarks_v1,0a97519bd78f561a,phase_indication_rare|phase=PHASE2|indication=332|rare=0,PHASE2,332,,0,phase_indication_rare,38,4.25,11.5,26.5,36.6,True,2026-06-02T14:51:50+00:00,positive completed registry-derived facility-count proxy; percentiles used without winsorization,Deterministic S2 planned-sites benchmark based on number_of_facilities proxy; no site-count ML model.
site_benchmarks_v1,0a97519bd78f561a,phase_indication_rare|phase=PHASE2|indication=337|rare=0,PHASE2,337,,0,phase_indication_rare,1,1.0,1.0,1.0,1.0,True,2026-06-02T14:51:50+00:00,positive completed registry-derived facility-count proxy; percentiles used without winsorization,Deterministic S2 planned-sites benchmark based on number_of_facilities proxy; no site-count ML model.
site_benchmarks_v1,0a97519bd78f561a,phase_indication_rare|phase=PHASE2|indication=338|rare=0,PHASE2,338,,0,phase_indication_rare,2,9.0,9.0,9.0,9.0,True,2026-06-02T14:51:50+00:00,positive completed registry-derived facility-count proxy; percentiles used without winsorization,Deterministic S2 planned-sites benchmark based on number_of_facilities proxy; no site-count ML model.
site_benchmarks_v1,0a97519bd78f561a,phase_indication_rare|phase=PHASE2|indication=339|rare=0,PHASE2,339,,0,phase_indication_rare,3,1.5,2.0,9.0,13.2,True,2026-06-02T14:51:50+00:00,positive completed registry-derived facility-count proxy; percentiles used without winsorization,Deterministic S2 planned-sites benchmark based on number_of_facilities proxy; no site-count ML model.
site_benchmarks_v1,0a97519bd78f561a,phase_indication_rare|phase=PHASE2|indication=340|rare=0,PHASE2,340,,0,phase_indication_rare,1,4.0,4.0,4.0,4.0,True,2026-06-02T14:51:50+00:00,positive completed registry-derived facility-count proxy; percentiles used without winsorization,Deterministic S2 planned-sites benchmark based on number_of_facilities proxy; no site-count ML model.
site_benchmarks_v1,0a97519bd78f561a,phase_indication_rare|phase=PHASE2|indication=341|rare=0,PHASE2,341,,0,phase_indication_rare,4,4.75,26.5,47.25,47.7,True,2026-06-02T14:51:50+00:00,positive completed registry-derived facility-count proxy; percentiles used without winsorization,Deterministic S2 planned-sites benchmark based on number_of_facilities proxy; no site-count ML model.
site_benchmarks_v1,0a97519bd78f561a,phase_indication_rare|phase=PHASE2|indication=342|rare=0,PHASE2,342,,0,phase_indication_rare,6,3.5,11.5,14.25,33.0,True,2026-06-02T14:51:50+00:00,positive completed registry-derived facility-count proxy; percentiles used without winsorization,Deterministic S2 planned-sites benchmark based on number_of_facilities proxy; no site-count ML model.
site_benchmarks_v1,0a97519bd78f561a,phase_indication_rare|phase=PHASE2|indication=345|rare=0,PHASE2,345,,0,phase_indication_rare,29,1.0,3.0,6.0,9.0,True,2026-06-02T14:51:50+00:00,positive completed registry-derived facility-count proxy; percentiles used without winsorization,Deterministic S2 planned-sites benchmark based on number_of_facilities proxy; no site-count ML model.
site_benchmarks_v1,0a97519bd78f561a,phase_indication_rare|phase=PHASE2|indication=347|rare=0,PHASE2,347,,0,phase_indication_rare,1,2.0,2.0,2.0,2.0,True,2026-06-02T14:51:50+00:00,positive completed registry-derived facility-count proxy; percentiles used without winsorization,Deterministic S2 planned-sites benchmark based on number_of_facilities proxy; no site-count ML model.
site_benchmarks_v1,0a97519bd78f561a,phase_indication_rare|phase=PHASE2|indication=351|rare=0,PHASE2,351,,0,phase_indication_rare,1,1.0,1.0,1.0,1.0,True,2026-06-02T14:51:50+00:00,positive completed registry-derived facility-count proxy; percentiles used without winsorization,Deterministic S2 planned-sites benchmark based on number_of_facilities proxy; no site-count ML model.
site_benchmarks_v1,0a97519bd78f561a,phase_indication_rare|phase=PHASE2|indication=357|rare=0,PHASE2,357,,0,phase_indication_rare,28,1.0,3.0,5.0,7.0,True,2026-06-02T14:51:50+00:00,positive completed registry-derived facility-count proxy; percentiles used without winsorization,Deterministic S2 planned-sites benchmark based on number_of_facilities proxy; no site-count ML model.
site_benchmarks_v1,0a97519bd78f561a,phase_indication_rare|phase=PHASE2|indication=359|rare=0,PHASE2,359,,0,phase_indication_rare,8,2.0,5.0,6.0,8.4,True,2026-06-02T14:51:50+00:00,positive completed registry-derived facility-count proxy; percentiles used without winsorization,Deterministic S2 planned-sites benchmark based on number_of_facilities proxy; no site-count ML model.
site_benchmarks_v1,0a97519bd78f561a,phase_indication_rare|phase=PHASE2|indication=365|rare=0,PHASE2,365,,0,phase_indication_rare,7,1.0,2.0,3.0,6.6,True,2026-06-02T14:51:50+00:00,positive completed registry-derived facility-count proxy; percentiles used without winsorization,Deterministic S2 planned-sites benchmark based on number_of_facilities proxy; no site-count ML model.
site_benchmarks_v1,0a97519bd78f561a,phase_indication_rare|phase=PHASE2|indication=366|rare=0,PHASE2,366,,0,phase_indication_rare,7,5.0,8.0,11.5,21.2,True,2026-06-02T14:51:50+00:00,positive completed registry-derived facility-count proxy; percentiles used without winsorization,Deterministic S2 planned-sites benchmark based on number_of_facilities proxy; no site-count ML model.
site_benchmarks_v1,0a97519bd78f561a,phase_indication_rare|phase=PHASE2|indication=380|rare=0,PHASE2,380,,0,phase_indication_rare,7,7.5,18.0,32.0,46.2,True,2026-06-02T14:51:50+00:00,positive completed registry-derived facility-count proxy; percentiles used without winsorization,Deterministic S2 planned-sites benchmark based on number_of_facilities proxy; no site-count ML model.
site_benchmarks_v1,0a97519bd78f561a,phase_indication_rare|phase=PHASE2|indication=390|rare=0,PHASE2,390,,0,phase_indication_rare,3,1.0,1.0,5.5,8.2,True,2026-06-02T14:51:50+00:00,positive completed registry-derived facility-count proxy; percentiles used without winsorization,Deterministic S2 planned-sites benchmark based on number_of_facilities proxy; no site-count ML model.
site_benchmarks_v1,0a97519bd78f561a,phase_indication_rare|phase=PHASE2|indication=393|rare=0,PHASE2,393,,0,phase_indication_rare,23,2.0,5.0,13.0,15.8,True,2026-06-02T14:51:50+00:00,positive completed registry-derived facility-count proxy; percentiles used without winsorization,Deterministic S2 planned-sites benchmark based on number_of_facilities proxy; no site-count ML model.
site_benchmarks_v1,0a97519bd78f561a,phase_indication_rare|phase=PHASE2|indication=400|rare=0,PHASE2,400,,0,phase_indication_rare,9,1.0,1.0,10.0,11.4,True,2026-06-02T14:51:50+00:00,positive completed registry-derived facility-count proxy; percentiles used without winsorization,Deterministic S2 planned-sites benchmark based on number_of_facilities proxy; no site-count ML model.
site_benchmarks_v1,0a97519bd78f561a,phase_indication_rare|phase=PHASE2|indication=405|rare=1,PHASE2,405,,1,phase_indication_rare,1,2.0,2.0,2.0,2.0,True,2026-06-02T14:51:50+00:00,positive completed registry-derived facility-count proxy; percentiles used without winsorization,Deterministic S2 planned-sites benchmark based on number_of_facilities proxy; no site-count ML model.
site_benchmarks_v1,0a97519bd78f561a,phase_indication_rare|phase=PHASE2|indication=408|rare=0,PHASE2,408,,0,phase_indication_rare,110,3.0,9.0,23.5,39.1,False,2026-06-02T14:51:50+00:00,positive completed registry-derived facility-count proxy; percentiles used without winsorization,Deterministic S2 planned-sites benchmark based on number_of_facilities proxy; no site-count ML model.
site_benchmarks_v1,0a97519bd78f561a,phase_indication_rare|phase=PHASE2|indication=408|rare=1,PHASE2,408,,1,phase_indication_rare,6,4.0,4.5,15.5,19.5,True,2026-06-02T14:51:50+00:00,positive completed registry-derived facility-count proxy; percentiles used without winsorization,Deterministic S2 planned-sites benchmark based on number_of_facilities proxy; no site-count ML model.
site_benchmarks_v1,0a97519bd78f561a,phase_indication_rare|phase=PHASE2|indication=411|rare=0,PHASE2,411,,0,phase_indication_rare,10,1.75,7.0,16.0,55.4,True,2026-06-02T14:51:50+00:00,positive completed registry-derived facility-count proxy; percentiles used without winsorization,Deterministic S2 planned-sites benchmark based on number_of_facilities proxy; no site-count ML model.
site_benchmarks_v1,0a97519bd78f561a,phase_indication_rare|phase=PHASE2|indication=414|rare=0,PHASE2,414,,0,phase_indication_rare,33,8.0,24.0,36.0,62.4,True,2026-06-02T14:51:50+00:00,positive completed registry-derived facility-count proxy; percentiles used without winsorization,Deterministic S2 planned-sites benchmark based on number_of_facilities proxy; no site-count ML model.
site_benchmarks_v1,0a97519bd78f561a,phase_indication_rare|phase=PHASE2|indication=414|rare=1,PHASE2,414,,1,phase_indication_rare,1,1.0,1.0,1.0,1.0,True,2026-06-02T14:51:50+00:00,positive completed registry-derived facility-count proxy; percentiles used without winsorization,Deterministic S2 planned-sites benchmark based on number_of_facilities proxy; no site-count ML model.
site_benchmarks_v1,0a97519bd78f561a,phase_indication_rare|phase=PHASE2|indication=417|rare=0,PHASE2,417,,0,phase_indication_rare,57,3.0,15.0,28.0,55.2,False,2026-06-02T14:51:50+00:00,positive completed registry-derived facility-count proxy; percentiles used without winsorization,Deterministic S2 planned-sites benchmark based on number_of_facilities proxy; no site-count ML model.
site_benchmarks_v1,0a97519bd78f561a,phase_indication_rare|phase=PHASE2|indication=417|rare=1,PHASE2,417,,1,phase_indication_rare,2,2.0,3.0,4.0,4.6,True,2026-06-02T14:51:50+00:00,positive completed registry-derived facility-count proxy; percentiles used without winsorization,Deterministic S2 planned-sites benchmark based on number_of_facilities proxy; no site-count ML model.
site_benchmarks_v1,0a97519bd78f561a,phase_indication_rare|phase=PHASE2|indication=426|rare=0,PHASE2,426,,0,phase_indication_rare,230,8.0,19.0,44.0,69.0,False,2026-06-02T14:51:50+00:00,positive completed registry-derived facility-count proxy; percentiles used without winsorization,Deterministic S2 planned-sites benchmark based on number_of_facilities proxy; no site-count ML model.
site_benchmarks_v1,0a97519bd78f561a,phase_indication_rare|phase=PHASE2|indication=429|rare=0,PHASE2,429,,0,phase_indication_rare,144,9.75,25.0,51.25,83.0,False,2026-06-02T14:51:50+00:00,positive completed registry-derived facility-count proxy; percentiles used without winsorization,Deterministic S2 planned-sites benchmark based on number_of_facilities proxy; no site-count ML model.
site_benchmarks_v1,0a97519bd78f561a,phase_indication_rare|phase=PHASE2|indication=432|rare=0,PHASE2,432,,0,phase_indication_rare,26,2.0,8.0,43.0,67.0,True,2026-06-02T14:51:50+00:00,positive completed registry-derived facility-count proxy; percentiles used without winsorization,Deterministic S2 planned-sites benchmark based on number_of_facilities proxy; no site-count ML model.
site_benchmarks_v1,0a97519bd78f561a,phase_indication_rare|phase=PHASE2|indication=435|rare=0,PHASE2,435,,0,phase_indication_rare,9,36.0,42.0,54.0,78.0,True,2026-06-02T14:51:50+00:00,positive completed registry-derived facility-count proxy; percentiles used without winsorization,Deterministic S2 planned-sites benchmark based on number_of_facilities proxy; no site-count ML model.
site_benchmarks_v1,0a97519bd78f561a,phase_indication_rare|phase=PHASE2|indication=435|rare=1,PHASE2,435,,1,phase_indication_rare,2,34.25,41.5,48.75,53.1,True,2026-06-02T14:51:50+00:00,positive completed registry-derived facility-count proxy; percentiles used without winsorization,Deterministic S2 planned-sites benchmark based on number_of_facilities proxy; no site-count ML model.
site_benchmarks_v1,0a97519bd78f561a,phase_indication_rare|phase=PHASE2|indication=438|rare=0,PHASE2,438,,0,phase_indication_rare,101,4.0,10.0,24.0,54.0,False,2026-06-02T14:51:50+00:00,positive completed registry-derived facility-count proxy; percentiles used without winsorization,Deterministic S2 planned-sites benchmark based on number_of_facilities proxy; no site-count ML model.
site_benchmarks_v1,0a97519bd78f561a,phase_indication_rare|phase=PHASE2|indication=441|rare=0,PHASE2,441,,0,phase_indication_rare,74,5.0,13.0,36.25,64.4,False,2026-06-02T14:51:50+00:00,positive completed registry-derived facility-count proxy; percentiles used without winsorization,Deterministic S2 planned-sites benchmark based on number_of_facilities proxy; no site-count ML model.
site_benchmarks_v1,0a97519bd78f561a,phase_indication_rare|phase=PHASE2|indication=444|rare=0,PHASE2,444,,0,phase_indication_rare,13,7.0,22.0,34.0,66.2,True,2026-06-02T14:51:50+00:00,positive completed registry-derived facility-count proxy; percentiles used without winsorization,Deterministic S2 planned-sites benchmark based on number_of_facilities proxy; no site-count ML model.
site_benchmarks_v1,0a97519bd78f561a,phase_indication_rare|phase=PHASE2|indication=447|rare=0,PHASE2,447,,0,phase_indication_rare,8,1.0,1.0,1.25,6.8,True,2026-06-02T14:51:50+00:00,positive completed registry-derived facility-count proxy; percentiles used without winsorization,Deterministic S2 planned-sites benchmark based on number_of_facilities proxy; no site-count ML model.
site_benchmarks_v1,0a97519bd78f561a,phase_indication_rare|phase=PHASE2|indication=447|rare=1,PHASE2,447,,1,phase_indication_rare,1,5.0,5.0,5.0,5.0,True,2026-06-02T14:51:50+00:00,positive completed registry-derived facility-count proxy; percentiles used without winsorization,Deterministic S2 planned-sites benchmark based on number_of_facilities proxy; no site-count ML model.
site_benchmarks_v1,0a97519bd78f561a,phase_indication_rare|phase=PHASE2|indication=450|rare=0,PHASE2,450,,0,phase_indication_rare,14,6.25,17.0,32.5,46.2,True,2026-06-02T14:51:50+00:00,positive completed registry-derived facility-count proxy; percentiles used without winsorization,Deterministic S2 planned-sites benchmark based on number_of_facilities proxy; no site-count ML model.
site_benchmarks_v1,0a97519bd78f561a,phase_indication_rare|phase=PHASE2|indication=453|rare=0,PHASE2,453,,0,phase_indication_rare,4,4.75,5.0,5.5,6.4,True,2026-06-02T14:51:50+00:00,positive completed registry-derived facility-count proxy; percentiles used without winsorization,Deterministic S2 planned-sites benchmark based on number_of_facilities proxy; no site-count ML model.
site_benchmarks_v1,0a97519bd78f561a,phase_indication_rare|phase=PHASE2|indication=453|rare=1,PHASE2,453,,1,phase_indication_rare,3,17.0,33.0,44.5,51.4,True,2026-06-02T14:51:50+00:00,positive completed registry-derived facility-count proxy; percentiles used without winsorization,Deterministic S2 planned-sites benchmark based on number_of_facilities proxy; no site-count ML model.
site_benchmarks_v1,0a97519bd78f561a,phase_indication_rare|phase=PHASE2|indication=456|rare=0,PHASE2,456,,0,phase_indication_rare,47,4.0,15.0,33.5,53.4,True,2026-06-02T14:51:50+00:00,positive completed registry-derived facility-count proxy; percentiles used without winsorization,Deterministic S2 planned-sites benchmark based on number_of_facilities proxy; no site-count ML model.
site_benchmarks_v1,0a97519bd78f561a,phase_indication_rare|phase=PHASE2|indication=456|rare=1,PHASE2,456,,1,phase_indication_rare,1,4.0,4.0,4.0,4.0,True,2026-06-02T14:51:50+00:00,positive completed registry-derived facility-count proxy; percentiles used without winsorization,Deterministic S2 planned-sites benchmark based on number_of_facilities proxy; no site-count ML model.
site_benchmarks_v1,0a97519bd78f561a,phase_indication_rare|phase=PHASE2|indication=459|rare=0,PHASE2,459,,0,phase_indication_rare,60,10.0,16.5,33.75,49.0,False,2026-06-02T14:51:50+00:00,positive completed registry-derived facility-count proxy; percentiles used without winsorization,Deterministic S2 planned-sites benchmark based on number_of_facilities proxy; no site-count ML model.
site_benchmarks_v1,0a97519bd78f561a,phase_indication_rare|phase=PHASE2|indication=459|rare=1,PHASE2,459,,1,phase_indication_rare,2,14.5,17.0,19.5,21.0,True,2026-06-02T14:51:50+00:00,positive completed registry-derived facility-count proxy; percentiles used without winsorization,Deterministic S2 planned-sites benchmark based on number_of_facilities proxy; no site-count ML model.
site_benchmarks_v1,0a97519bd78f561a,phase_indication_rare|phase=PHASE2|indication=462|rare=0,PHASE2,462,,0,phase_indication_rare,42,1.0,5.5,12.75,58.9,True,2026-06-02T14:51:50+00:00,positive completed registry-derived facility-count proxy; percentiles used without winsorization,Deterministic S2 planned-sites benchmark based on number_of_facilities proxy; no site-count ML model.
site_benchmarks_v1,0a97519bd78f561a,phase_indication_rare|phase=PHASE2|indication=462|rare=1,PHASE2,462,,1,phase_indication_rare,5,3.0,6.0,7.0,12.4,True,2026-06-02T14:51:50+00:00,positive completed registry-derived facility-count proxy; percentiles used without winsorization,Deterministic S2 planned-sites benchmark based on number_of_facilities proxy; no site-count ML model.
site_benchmarks_v1,0a97519bd78f561a,phase_indication_rare|phase=PHASE2|indication=465|rare=0,PHASE2,465,,0,phase_indication_rare,62,4.0,14.0,31.75,49.7,False,2026-06-02T14:51:50+00:00,positive completed registry-derived facility-count proxy; percentiles used without winsorization,Deterministic S2 planned-sites benchmark based on number_of_facilities proxy; no site-count ML model.
site_benchmarks_v1,0a97519bd78f561a,phase_indication_rare|phase=PHASE2|indication=465|rare=1,PHASE2,465,,1,phase_indication_rare,1,21.0,21.0,21.0,21.0,True,2026-06-02T14:51:50+00:00,positive completed registry-derived facility-count proxy; percentiles used without winsorization,Deterministic S2 planned-sites benchmark based on number_of_facilities proxy; no site-count ML model.
site_benchmarks_v1,0a97519bd78f561a,phase_indication_rare|phase=PHASE2|indication=468|rare=1,PHASE2,468,,1,phase_indication_rare,1,3.0,3.0,3.0,3.0,True,2026-06-02T14:51:50+00:00,positive completed registry-derived facility-count proxy; percentiles used without winsorization,Deterministic S2 planned-sites benchmark based on number_of_facilities proxy; no site-count ML model.
site_benchmarks_v1,0a97519bd78f561a,phase_indication_rare|phase=PHASE2|indication=471|rare=0,PHASE2,471,,0,phase_indication_rare,26,17.5,24.0,41.75,74.5,True,2026-06-02T14:51:50+00:00,positive completed registry-derived facility-count proxy; percentiles used without winsorization,Deterministic S2 planned-sites benchmark based on number_of_facilities proxy; no site-count ML model.
site_benchmarks_v1,0a97519bd78f561a,phase_indication_rare|phase=PHASE2|indication=471|rare=1,PHASE2,471,,1,phase_indication_rare,3,4.5,8.0,24.0,33.6,True,2026-06-02T14:51:50+00:00,positive completed registry-derived facility-count proxy; percentiles used without winsorization,Deterministic S2 planned-sites benchmark based on number_of_facilities proxy; no site-count ML model.
site_benchmarks_v1,0a97519bd78f561a,phase_indication_rare|phase=PHASE2|indication=474|rare=0,PHASE2,474,,0,phase_indication_rare,25,6.0,17.0,29.0,62.2,True,2026-06-02T14:51:50+00:00,positive completed registry-derived facility-count proxy; percentiles used without winsorization,Deterministic S2 planned-sites benchmark based on number_of_facilities proxy; no site-count ML model.
site_benchmarks_v1,0a97519bd78f561a,phase_indication_rare|phase=PHASE2|indication=477|rare=0,PHASE2,477,,0,phase_indication_rare,39,4.0,8.0,16.5,53.8,True,2026-06-02T14:51:50+00:00,positive completed registry-derived facility-count proxy; percentiles used without winsorization,Deterministic S2 planned-sites benchmark based on number_of_facilities proxy; no site-count ML model.
site_benchmarks_v1,0a97519bd78f561a,phase_indication_rare|phase=PHASE2|indication=477|rare=1,PHASE2,477,,1,phase_indication_rare,2,14.0,23.0,32.0,37.4,True,2026-06-02T14:51:50+00:00,positive completed registry-derived facility-count proxy; percentiles used without winsorization,Deterministic S2 planned-sites benchmark based on number_of_facilities proxy; no site-count ML model.
site_benchmarks_v1,0a97519bd78f561a,phase_indication_rare|phase=PHASE2|indication=480|rare=0,PHASE2,480,,0,phase_indication_rare,5,3.0,3.0,16.0,67.0,True,2026-06-02T14:51:50+00:00,positive completed registry-derived facility-count proxy; percentiles used without winsorization,Deterministic S2 planned-sites benchmark based on number_of_facilities proxy; no site-count ML model.
site_benchmarks_v1,0a97519bd78f561a,phase_indication_rare|phase=PHASE2|indication=480|rare=1,PHASE2,480,,1,phase_indication_rare,4,1.75,3.5,6.25,8.5,True,2026-06-02T14:51:50+00:00,positive completed registry-derived facility-count proxy; percentiles used without winsorization,Deterministic S2 planned-sites benchmark based on number_of_facilities proxy; no site-count ML model.
site_benchmarks_v1,0a97519bd78f561a,phase_indication_rare|phase=PHASE2|indication=483|rare=0,PHASE2,483,,0,phase_indication_rare,2,4.5,8.0,11.5,13.6,True,2026-06-02T14:51:50+00:00,positive completed registry-derived facility-count proxy; percentiles used without winsorization,Deterministic S2 planned-sites benchmark based on number_of_facilities proxy; no site-count ML model.
site_benchmarks_v1,0a97519bd78f561a,phase_indication_rare|phase=PHASE2|indication=483|rare=1,PHASE2,483,,1,phase_indication_rare,4,15.25,18.5,34.5,58.8,True,2026-06-02T14:51:50+00:00,positive completed registry-derived facility-count proxy; percentiles used without winsorization,Deterministic S2 planned-sites benchmark based on number_of_facilities proxy; no site-count ML model.
site_benchmarks_v1,0a97519bd78f561a,phase_indication_rare|phase=PHASE2|indication=484|rare=0,PHASE2,484,,0,phase_indication_rare,18,3.25,8.5,27.0,49.8,True,2026-06-02T14:51:50+00:00,positive completed registry-derived facility-count proxy; percentiles used without winsorization,Deterministic S2 planned-sites benchmark based on number_of_facilities proxy; no site-count ML model.
site_benchmarks_v1,0a97519bd78f561a,phase_indication_rare|phase=PHASE2|indication=484|rare=1,PHASE2,484,,1,phase_indication_rare,1,105.0,105.0,105.0,105.0,True,2026-06-02T14:51:50+00:00,positive completed registry-derived facility-count proxy; percentiles used without winsorization,Deterministic S2 planned-sites benchmark based on number_of_facilities proxy; no site-count ML model.
site_benchmarks_v1,0a97519bd78f561a,phase_indication_rare|phase=PHASE2|indication=485|rare=0,PHASE2,485,,0,phase_indication_rare,83,11.5,22.0,38.5,67.0,False,2026-06-02T14:51:50+00:00,positive completed registry-derived facility-count proxy; percentiles used without winsorization,Deterministic S2 planned-sites benchmark based on number_of_facilities proxy; no site-count ML model.
site_benchmarks_v1,0a97519bd78f561a,phase_indication_rare|phase=PHASE2|indication=485|rare=1,PHASE2,485,,1,phase_indication_rare,37,13.0,19.0,32.0,64.2,True,2026-06-02T14:51:50+00:00,positive completed registry-derived facility-count proxy; percentiles used without winsorization,Deterministic S2 planned-sites benchmark based on number_of_facilities proxy; no site-count ML model.
site_benchmarks_v1,0a97519bd78f561a,phase_indication_rare|phase=PHASE2|indication=486|rare=0,PHASE2,486,,0,phase_indication_rare,62,11.0,21.5,35.25,58.8,False,2026-06-02T14:51:50+00:00,positive completed registry-derived facility-count proxy; percentiles used without winsorization,Deterministic S2 planned-sites benchmark based on number_of_facilities proxy; no site-count ML model.
site_benchmarks_v1,0a97519bd78f561a,phase_indication_rare|phase=PHASE2|indication=486|rare=1,PHASE2,486,,1,phase_indication_rare,4,21.25,33.0,43.25,47.3,True,2026-06-02T14:51:50+00:00,positive completed registry-derived facility-count proxy; percentiles used without winsorization,Deterministic S2 planned-sites benchmark based on number_of_facilities proxy; no site-count ML model.
site_benchmarks_v1,0a97519bd78f561a,phase_indication_rare|phase=PHASE2|indication=487|rare=0,PHASE2,487,,0,phase_indication_rare,93,8.0,21.0,40.0,77.4,False,2026-06-02T14:51:50+00:00,positive completed registry-derived facility-count proxy; percentiles used without winsorization,Deterministic S2 planned-sites benchmark based on number_of_facilities proxy; no site-count ML model.
site_benchmarks_v1,0a97519bd78f561a,phase_indication_rare|phase=PHASE2|indication=487|rare=1,PHASE2,487,,1,phase_indication_rare,8,9.5,14.0,42.5,54.8,True,2026-06-02T14:51:50+00:00,positive completed registry-derived facility-count proxy; percentiles used without winsorization,Deterministic S2 planned-sites benchmark based on number_of_facilities proxy; no site-count ML model.
site_benchmarks_v1,0a97519bd78f561a,phase_indication_rare|phase=PHASE2|indication=489|rare=0,PHASE2,489,,0,phase_indication_rare,147,4.0,12.0,27.5,58.4,False,2026-06-02T14:51:50+00:00,positive completed registry-derived facility-count proxy; percentiles used without winsorization,Deterministic S2 planned-sites benchmark based on number_of_facilities proxy; no site-count ML model.
site_benchmarks_v1,0a97519bd78f561a,phase_indication_rare|phase=PHASE2|indication=489|rare=1,PHASE2,489,,1,phase_indication_rare,51,6.0,15.0,32.0,46.0,False,2026-06-02T14:51:50+00:00,positive completed registry-derived facility-count proxy; percentiles used without winsorization,Deterministic S2 planned-sites benchmark based on number_of_facilities proxy; no site-count ML model.
site_benchmarks_v1,0a97519bd78f561a,phase_indication_rare|phase=PHASE2|indication=490|rare=0,PHASE2,490,,0,phase_indication_rare,20,4.75,18.0,31.25,64.7,True,2026-06-02T14:51:50+00:00,positive completed registry-derived facility-count proxy; percentiles used without winsorization,Deterministic S2 planned-sites benchmark based on number_of_facilities proxy; no site-count ML model.
site_benchmarks_v1,0a97519bd78f561a,phase_indication_rare|phase=PHASE2|indication=490|rare=1,PHASE2,490,,1,phase_indication_rare,44,2.75,10.0,21.0,26.0,True,2026-06-02T14:51:50+00:00,positive completed registry-derived facility-count proxy; percentiles used without winsorization,Deterministic S2 planned-sites benchmark based on number_of_facilities proxy; no site-count ML model.
site_benchmarks_v1,0a97519bd78f561a,phase_indication_rare|phase=PHASE2|indication=493|rare=0,PHASE2,493,,0,phase_indication_rare,102,5.0,15.5,38.75,75.0,False,2026-06-02T14:51:50+00:00,positive completed registry-derived facility-count proxy; percentiles used without winsorization,Deterministic S2 planned-sites benchmark based on number_of_facilities proxy; no site-count ML model.
site_benchmarks_v1,0a97519bd78f561a,phase_indication_rare|phase=PHASE2|indication=494|rare=0,PHASE2,494,,0,phase_indication_rare,43,3.0,11.0,21.5,52.4,True,2026-06-02T14:51:50+00:00,positive completed registry-derived facility-count proxy; percentiles used without winsorization,Deterministic S2 planned-sites benchmark based on number_of_facilities proxy; no site-count ML model.
site_benchmarks_v1,0a97519bd78f561a,phase_indication_rare|phase=PHASE2|indication=498|rare=0,PHASE2,498,,0,phase_indication_rare,40,3.0,13.0,30.0,67.0,True,2026-06-02T14:51:50+00:00,positive completed registry-derived facility-count proxy; percentiles used without winsorization,Deterministic S2 planned-sites benchmark based on number_of_facilities proxy; no site-count ML model.
site_benchmarks_v1,0a97519bd78f561a,phase_indication_rare|phase=PHASE2|indication=499|rare=0,PHASE2,499,,0,phase_indication_rare,16,4.75,16.0,35.5,79.5,True,2026-06-02T14:51:50+00:00,positive completed registry-derived facility-count proxy; percentiles used without winsorization,Deterministic S2 planned-sites benchmark based on number_of_facilities proxy; no site-count ML model.
site_benchmarks_v1,0a97519bd78f561a,phase_indication_rare|phase=PHASE2|indication=499|rare=1,PHASE2,499,,1,phase_indication_rare,7,5.0,7.0,11.5,23.4,True,2026-06-02T14:51:50+00:00,positive completed registry-derived facility-count proxy; percentiles used without winsorization,Deterministic S2 planned-sites benchmark based on number_of_facilities proxy; no site-count ML model.
site_benchmarks_v1,0a97519bd78f561a,phase_indication_rare|phase=PHASE2|indication=500|rare=0,PHASE2,500,,0,phase_indication_rare,18,6.0,22.5,33.5,94.2,True,2026-06-02T14:51:50+00:00,positive completed registry-derived facility-count proxy; percentiles used without winsorization,Deterministic S2 planned-sites benchmark based on number_of_facilities proxy; no site-count ML model.
site_benchmarks_v1,0a97519bd78f561a,phase_indication_rare|phase=PHASE2|indication=501|rare=0,PHASE2,501,,0,phase_indication_rare,1,15.0,15.0,15.0,15.0,True,2026-06-02T14:51:50+00:00,positive completed registry-derived facility-count proxy; percentiles used without winsorization,Deterministic S2 planned-sites benchmark based on number_of_facilities proxy; no site-count ML model.
site_benchmarks_v1,0a97519bd78f561a,phase_indication_rare|phase=PHASE2|indication=502|rare=0,PHASE2,502,,0,phase_indication_rare,19,6.0,10.0,17.5,22.0,True,2026-06-02T14:51:50+00:00,positive completed registry-derived facility-count proxy; percentiles used without winsorization,Deterministic S2 planned-sites benchmark based on number_of_facilities proxy; no site-count ML model.
site_benchmarks_v1,0a97519bd78f561a,phase_indication_rare|phase=PHASE2|indication=502|rare=1,PHASE2,502,,1,phase_indication_rare,1,10.0,10.0,10.0,10.0,True,2026-06-02T14:51:50+00:00,positive completed registry-derived facility-count proxy; percentiles used without winsorization,Deterministic S2 planned-sites benchmark based on number_of_facilities proxy; no site-count ML model.
site_benchmarks_v1,0a97519bd78f561a,phase_indication_rare|phase=PHASE2|indication=503|rare=0,PHASE2,503,,0,phase_indication_rare,1,78.0,78.0,78.0,78.0,True,2026-06-02T14:51:50+00:00,positive completed registry-derived facility-count proxy; percentiles used without winsorization,Deterministic S2 planned-sites benchmark based on number_of_facilities proxy; no site-count ML model.
site_benchmarks_v1,0a97519bd78f561a,phase_indication_rare|phase=PHASE2|indication=504|rare=0,PHASE2,504,,0,phase_indication_rare,1,10.0,10.0,10.0,10.0,True,2026-06-02T14:51:50+00:00,positive completed registry-derived facility-count proxy; percentiles used without winsorization,Deterministic S2 planned-sites benchmark based on number_of_facilities proxy; no site-count ML model.
site_benchmarks_v1,0a97519bd78f561a,phase_indication_rare|phase=PHASE2|indication=507|rare=0,PHASE2,507,,0,phase_indication_rare,143,2.0,14.0,39.0,80.8,False,2026-06-02T14:51:50+00:00,positive completed registry-derived facility-count proxy; percentiles used without winsorization,Deterministic S2 planned-sites benchmark based on number_of_facilities proxy; no site-count ML model.
site_benchmarks_v1,0a97519bd78f561a,phase_indication_rare|phase=PHASE2|indication=507|rare=1,PHASE2,507,,1,phase_indication_rare,16,1.75,4.5,14.5,23.0,True,2026-06-02T14:51:50+00:00,positive completed registry-derived facility-count proxy; percentiles used without winsorization,Deterministic S2 planned-sites benchmark based on number_of_facilities proxy; no site-count ML model.
site_benchmarks_v1,0a97519bd78f561a,phase_indication_rare|phase=PHASE2|indication=509|rare=0,PHASE2,509,,0,phase_indication_rare,137,3.0,10.0,29.0,67.0,False,2026-06-02T14:51:50+00:00,positive completed registry-derived facility-count proxy; percentiles used without winsorization,Deterministic S2 planned-sites benchmark based on number_of_facilities proxy; no site-count ML model.
site_benchmarks_v1,0a97519bd78f561a,phase_indication_rare|phase=PHASE2|indication=509|rare=1,PHASE2,509,,1,phase_indication_rare,4,14.0,21.5,35.75,53.3,True,2026-06-02T14:51:50+00:00,positive completed registry-derived facility-count proxy; percentiles used without winsorization,Deterministic S2 planned-sites benchmark based on number_of_facilities proxy; no site-count ML model.
site_benchmarks_v1,0a97519bd78f561a,phase_indication_rare|phase=PHASE2|indication=515|rare=0,PHASE2,515,,0,phase_indication_rare,220,2.0,10.5,43.25,96.1,False,2026-06-02T14:51:50+00:00,positive completed registry-derived facility-count proxy; percentiles used without winsorization,Deterministic S2 planned-sites benchmark based on number_of_facilities proxy; no site-count ML model.
site_benchmarks_v1,0a97519bd78f561a,phase_indication_rare|phase=PHASE2|indication=516|rare=0,PHASE2,516,,0,phase_indication_rare,38,6.5,22.0,51.5,82.8,True,2026-06-02T14:51:50+00:00,positive completed registry-derived facility-count proxy; percentiles used without winsorization,Deterministic S2 planned-sites benchmark based on number_of_facilities proxy; no site-count ML model.
site_benchmarks_v1,0a97519bd78f561a,phase_indication_rare|phase=PHASE2|indication=516|rare=1,PHASE2,516,,1,phase_indication_rare,13,4.0,18.0,59.0,68.4,True,2026-06-02T14:51:50+00:00,positive completed registry-derived facility-count proxy; percentiles used without winsorization,Deterministic S2 planned-sites benchmark based on number_of_facilities proxy; no site-count ML model.
site_benchmarks_v1,0a97519bd78f561a,phase_indication_rare|phase=PHASE2|indication=520|rare=0,PHASE2,520,,0,phase_indication_rare,160,1.0,2.0,14.0,34.1,False,2026-06-02T14:51:50+00:00,positive completed registry-derived facility-count proxy; percentiles used without winsorization,Deterministic S2 planned-sites benchmark based on number_of_facilities proxy; no site-count ML model.
site_benchmarks_v1,0a97519bd78f561a,phase_indication_rare|phase=PHASE2|indication=520|rare=1,PHASE2,520,,1,phase_indication_rare,25,12.0,26.0,38.0,55.2,True,2026-06-02T14:51:50+00:00,positive completed registry-derived facility-count proxy; percentiles used without winsorization,Deterministic S2 planned-sites benchmark based on number_of_facilities proxy; no site-count ML model.
site_benchmarks_v1,0a97519bd78f561a,phase_indication_rare|phase=PHASE2|indication=521|rare=0,PHASE2,521,,0,phase_indication_rare,367,4.5,16.0,37.5,73.8,False,2026-06-02T14:51:50+00:00,positive completed registry-derived facility-count proxy; percentiles used without winsorization,Deterministic S2 planned-sites benchmark based on number_of_facilities proxy; no site-count ML model.
site_benchmarks_v1,0a97519bd78f561a,phase_indication_rare|phase=PHASE2|indication=521|rare=1,PHASE2,521,,1,phase_indication_rare,21,4.0,14.0,24.0,36.0,True,2026-06-02T14:51:50+00:00,positive completed registry-derived facility-count proxy; percentiles used without winsorization,Deterministic S2 planned-sites benchmark based on number_of_facilities proxy; no site-count ML model.
site_benchmarks_v1,0a97519bd78f561a,phase_indication_rare|phase=PHASE2|indication=530|rare=0,PHASE2,530,,0,phase_indication_rare,18,2.0,4.5,12.0,30.4,True,2026-06-02T14:51:50+00:00,positive completed registry-derived facility-count proxy; percentiles used without winsorization,Deterministic S2 planned-sites benchmark based on number_of_facilities proxy; no site-count ML model.
site_benchmarks_v1,0a97519bd78f561a,phase_indication_rare|phase=PHASE2|indication=531|rare=0,PHASE2,531,,0,phase_indication_rare,5,1.0,3.0,5.0,5.0,True,2026-06-02T14:51:50+00:00,positive completed registry-derived facility-count proxy; percentiles used without winsorization,Deterministic S2 planned-sites benchmark based on number_of_facilities proxy; no site-count ML model.
site_benchmarks_v1,0a97519bd78f561a,phase_indication_rare|phase=PHASE2|indication=532|rare=0,PHASE2,532,,0,phase_indication_rare,123,16.0,38.0,81.5,129.4,False,2026-06-02T14:51:50+00:00,positive completed registry-derived facility-count proxy; percentiles used without winsorization,Deterministic S2 planned-sites benchmark based on number_of_facilities proxy; no site-count ML model.
site_benchmarks_v1,0a97519bd78f561a,phase_indication_rare|phase=PHASE2|indication=532|rare=1,PHASE2,532,,1,phase_indication_rare,1,5.0,5.0,5.0,5.0,True,2026-06-02T14:51:50+00:00,positive completed registry-derived facility-count proxy; percentiles used without winsorization,Deterministic S2 planned-sites benchmark based on number_of_facilities proxy; no site-count ML model.
site_benchmarks_v1,0a97519bd78f561a,phase_indication_rare|phase=PHASE2|indication=533|rare=0,PHASE2,533,,0,phase_indication_rare,1,1.0,1.0,1.0,1.0,True,2026-06-02T14:51:50+00:00,positive completed registry-derived facility-count proxy; percentiles used without winsorization,Deterministic S2 planned-sites benchmark based on number_of_facilities proxy; no site-count ML model.
site_benchmarks_v1,0a97519bd78f561a,phase_indication_rare|phase=PHASE2|indication=534|rare=0,PHASE2,534,,0,phase_indication_rare,6,12.0,31.0,48.5,63.5,True,2026-06-02T14:51:50+00:00,positive completed registry-derived facility-count proxy; percentiles used without winsorization,Deterministic S2 planned-sites benchmark based on number_of_facilities proxy; no site-count ML model.
site_benchmarks_v1,0a97519bd78f561a,phase_indication_rare|phase=PHASE2|indication=534|rare=1,PHASE2,534,,1,phase_indication_rare,5,12.0,23.0,26.0,33.2,True,2026-06-02T14:51:50+00:00,positive completed registry-derived facility-count proxy; percentiles used without winsorization,Deterministic S2 planned-sites benchmark based on number_of_facilities proxy; no site-count ML model.
site_benchmarks_v1,0a97519bd78f561a,phase_indication_rare|phase=PHASE2|indication=535|rare=0,PHASE2,535,,0,phase_indication_rare,5,1.0,6.0,9.0,25.8,True,2026-06-02T14:51:50+00:00,positive completed registry-derived facility-count proxy; percentiles used without winsorization,Deterministic S2 planned-sites benchmark based on number_of_facilities proxy; no site-count ML model.
site_benchmarks_v1,0a97519bd78f561a,phase_indication_rare|phase=PHASE2|indication=535|rare=1,PHASE2,535,,1,phase_indication_rare,3,12.0,14.0,15.5,16.4,True,2026-06-02T14:51:50+00:00,positive completed registry-derived facility-count proxy; percentiles used without winsorization,Deterministic S2 planned-sites benchmark based on number_of_facilities proxy; no site-count ML model.
site_benchmarks_v1,0a97519bd78f561a,phase_indication_rare|phase=PHASE2|indication=543|rare=0,PHASE2,543,,0,phase_indication_rare,154,6.0,17.0,36.5,63.1,False,2026-06-02T14:51:50+00:00,positive completed registry-derived facility-count proxy; percentiles used without winsorization,Deterministic S2 planned-sites benchmark based on number_of_facilities proxy; no site-count ML model.
site_benchmarks_v1,0a97519bd78f561a,phase_indication_rare|phase=PHASE2|indication=543|rare=1,PHASE2,543,,1,phase_indication_rare,9,2.0,12.0,40.0,50.8,True,2026-06-02T14:51:50+00:00,positive completed registry-derived facility-count proxy; percentiles used without winsorization,Deterministic S2 planned-sites benchmark based on number_of_facilities proxy; no site-count ML model.
site_benchmarks_v1,0a97519bd78f561a,phase_indication_rare|phase=PHASE2|indication=544|rare=0,PHASE2,544,,0,phase_indication_rare,79,3.0,11.0,25.0,42.4,False,2026-06-02T14:51:50+00:00,positive completed registry-derived facility-count proxy; percentiles used without winsorization,Deterministic S2 planned-sites benchmark based on number_of_facilities proxy; no site-count ML model.
site_benchmarks_v1,0a97519bd78f561a,phase_indication_rare|phase=PHASE2|indication=544|rare=1,PHASE2,544,,1,phase_indication_rare,2,19.75,20.5,21.25,21.7,True,2026-06-02T14:51:50+00:00,positive completed registry-derived facility-count proxy; percentiles used without winsorization,Deterministic S2 planned-sites benchmark based on number_of_facilities proxy; no site-count ML model.
site_benchmarks_v1,0a97519bd78f561a,phase_indication_rare|phase=PHASE2|indication=545|rare=0,PHASE2,545,,0,phase_indication_rare,41,6.0,11.0,28.0,67.0,True,2026-06-02T14:51:50+00:00,positive completed registry-derived facility-count proxy; percentiles used without winsorization,Deterministic S2 planned-sites benchmark based on number_of_facilities proxy; no site-count ML model.
site_benchmarks_v1,0a97519bd78f561a,phase_indication_rare|phase=PHASE2|indication=545|rare=1,PHASE2,545,,1,phase_indication_rare,7,10.5,12.0,21.5,34.4,True,2026-06-02T14:51:50+00:00,positive completed registry-derived facility-count proxy; percentiles used without winsorization,Deterministic S2 planned-sites benchmark based on number_of_facilities proxy; no site-count ML model.
site_benchmarks_v1,0a97519bd78f561a,phase_indication_rare|phase=PHASE2|indication=546|rare=0,PHASE2,546,,0,phase_indication_rare,52,11.75,19.5,51.25,72.0,False,2026-06-02T14:51:50+00:00,positive completed registry-derived facility-count proxy; percentiles used without winsorization,Deterministic S2 planned-sites benchmark based on number_of_facilities proxy; no site-count ML model.
site_benchmarks_v1,0a97519bd78f561a,phase_indication_rare|phase=PHASE2|indication=546|rare=1,PHASE2,546,,1,phase_indication_rare,2,1.0,1.0,1.0,1.0,True,2026-06-02T14:51:50+00:00,positive completed registry-derived facility-count proxy; percentiles used without winsorization,Deterministic S2 planned-sites benchmark based on number_of_facilities proxy; no site-count ML model.
site_benchmarks_v1,0a97519bd78f561a,phase_indication_rare|phase=PHASE2|indication=554|rare=0,PHASE2,554,,0,phase_indication_rare,9,5.0,11.0,17.0,40.8,True,2026-06-02T14:51:50+00:00,positive completed registry-derived facility-count proxy; percentiles used without winsorization,Deterministic S2 planned-sites benchmark based on number_of_facilities proxy; no site-count ML model.
site_benchmarks_v1,0a97519bd78f561a,phase_indication_rare|phase=PHASE2|indication=554|rare=1,PHASE2,554,,1,phase_indication_rare,31,2.5,7.0,19.0,24.0,True,2026-06-02T14:51:50+00:00,positive completed registry-derived facility-count proxy; percentiles used without winsorization,Deterministic S2 planned-sites benchmark based on number_of_facilities proxy; no site-count ML model.
site_benchmarks_v1,0a97519bd78f561a,phase_indication_rare|phase=PHASE2|indication=557|rare=0,PHASE2,557,,0,phase_indication_rare,160,1.0,9.0,27.25,41.3,False,2026-06-02T14:51:50+00:00,positive completed registry-derived facility-count proxy; percentiles used without winsorization,Deterministic S2 planned-sites benchmark based on number_of_facilities proxy; no site-count ML model.
site_benchmarks_v1,0a97519bd78f561a,phase_indication_rare|phase=PHASE2|indication=557|rare=1,PHASE2,557,,1,phase_indication_rare,90,2.0,8.0,20.75,45.2,False,2026-06-02T14:51:50+00:00,positive completed registry-derived facility-count proxy; percentiles used without winsorization,Deterministic S2 planned-sites benchmark based on number_of_facilities proxy; no site-count ML model.
site_benchmarks_v1,0a97519bd78f561a,phase_indication_rare|phase=PHASE2|indication=559|rare=0,PHASE2,559,,0,phase_indication_rare,69,5.0,23.0,40.0,65.6,False,2026-06-02T14:51:50+00:00,positive completed registry-derived facility-count proxy; percentiles used without winsorization,Deterministic S2 planned-sites benchmark based on number_of_facilities proxy; no site-count ML model.
site_benchmarks_v1,0a97519bd78f561a,phase_indication_rare|phase=PHASE2|indication=560|rare=0,PHASE2,560,,0,phase_indication_rare,8,1.0,1.5,8.0,20.0,True,2026-06-02T14:51:50+00:00,positive completed registry-derived facility-count proxy; percentiles used without winsorization,Deterministic S2 planned-sites benchmark based on number_of_facilities proxy; no site-count ML model.
site_benchmarks_v1,0a97519bd78f561a,phase_indication_rare|phase=PHASE2|indication=561|rare=0,PHASE2,561,,0,phase_indication_rare,39,1.0,2.0,8.0,15.6,True,2026-06-02T14:51:50+00:00,positive completed registry-derived facility-count proxy; percentiles used without winsorization,Deterministic S2 planned-sites benchmark based on number_of_facilities proxy; no site-count ML model.
site_benchmarks_v1,0a97519bd78f561a,phase_indication_rare|phase=PHASE2|indication=567|rare=0,PHASE2,567,,0,phase_indication_rare,118,10.25,21.5,40.5,63.2,False,2026-06-02T14:51:50+00:00,positive completed registry-derived facility-count proxy; percentiles used without winsorization,Deterministic S2 planned-sites benchmark based on number_of_facilities proxy; no site-count ML model.
site_benchmarks_v1,0a97519bd78f561a,phase_indication_rare|phase=PHASE2|indication=570|rare=0,PHASE2,570,,0,phase_indication_rare,9,12.0,26.0,44.0,87.2,True,2026-06-02T14:51:50+00:00,positive completed registry-derived facility-count proxy; percentiles used without winsorization,Deterministic S2 planned-sites benchmark based on number_of_facilities proxy; no site-count ML model.
site_benchmarks_v1,0a97519bd78f561a,phase_indication_rare|phase=PHASE2|indication=571|rare=0,PHASE2,571,,0,phase_indication_rare,23,2.5,10.0,20.5,29.2,True,2026-06-02T14:51:50+00:00,positive completed registry-derived facility-count proxy; percentiles used without winsorization,Deterministic S2 planned-sites benchmark based on number_of_facilities proxy; no site-count ML model.
site_benchmarks_v1,0a97519bd78f561a,phase_indication_rare|phase=PHASE2|indication=571|rare=1,PHASE2,571,,1,phase_indication_rare,1,1.0,1.0,1.0,1.0,True,2026-06-02T14:51:50+00:00,positive completed registry-derived facility-count proxy; percentiles used without winsorization,Deterministic S2 planned-sites benchmark based on number_of_facilities proxy; no site-count ML model.
site_benchmarks_v1,0a97519bd78f561a,phase_indication_rare|phase=PHASE2|indication=572|rare=0,PHASE2,572,,0,phase_indication_rare,7,3.0,6.0,27.5,30.4,True,2026-06-02T14:51:50+00:00,positive completed registry-derived facility-count proxy; percentiles used without winsorization,Deterministic S2 planned-sites benchmark based on number_of_facilities proxy; no site-count ML model.
site_benchmarks_v1,0a97519bd78f561a,phase_indication_rare|phase=PHASE2|indication=575|rare=0,PHASE2,575,,0,phase_indication_rare,15,8.0,19.0,24.0,78.8,True,2026-06-02T14:51:50+00:00,positive completed registry-derived facility-count proxy; percentiles used without winsorization,Deterministic S2 planned-sites benchmark based on number_of_facilities proxy; no site-count ML model.
site_benchmarks_v1,0a97519bd78f561a,phase_indication_rare|phase=PHASE2|indication=578|rare=0,PHASE2,578,,0,phase_indication_rare,29,1.0,6.0,16.0,28.6,True,2026-06-02T14:51:50+00:00,positive completed registry-derived facility-count proxy; percentiles used without winsorization,Deterministic S2 planned-sites benchmark based on number_of_facilities proxy; no site-count ML model.
site_benchmarks_v1,0a97519bd78f561a,phase_indication_rare|phase=PHASE2|indication=582|rare=1,PHASE2,582,,1,phase_indication_rare,12,5.0,18.0,25.0,37.3,True,2026-06-02T14:51:50+00:00,positive completed registry-derived facility-count proxy; percentiles used without winsorization,Deterministic S2 planned-sites benchmark based on number_of_facilities proxy; no site-count ML model.
site_benchmarks_v1,0a97519bd78f561a,phase_indication_rare|phase=PHASE2|indication=585|rare=0,PHASE2,585,,0,phase_indication_rare,34,2.5,12.0,30.5,53.4,True,2026-06-02T14:51:50+00:00,positive completed registry-derived facility-count proxy; percentiles used without winsorization,Deterministic S2 planned-sites benchmark based on number_of_facilities proxy; no site-count ML model.
site_benchmarks_v1,0a97519bd78f561a,phase_indication_rare|phase=PHASE2|indication=585|rare=1,PHASE2,585,,1,phase_indication_rare,3,2.5,4.0,5.0,5.6,True,2026-06-02T14:51:50+00:00,positive completed registry-derived facility-count proxy; percentiles used without winsorization,Deterministic S2 planned-sites benchmark based on number_of_facilities proxy; no site-count ML model.
site_benchmarks_v1,0a97519bd78f561a,phase_indication_rare|phase=PHASE2|indication=587|rare=0,PHASE2,587,,0,phase_indication_rare,342,1.0,10.0,30.0,63.9,False,2026-06-02T14:51:50+00:00,positive completed registry-derived facility-count proxy; percentiles used without winsorization,Deterministic S2 planned-sites benchmark based on number_of_facilities proxy; no site-count ML model.
site_benchmarks_v1,0a97519bd78f561a,phase_indication_rare|phase=PHASE2|indication=587|rare=1,PHASE2,587,,1,phase_indication_rare,1,5.0,5.0,5.0,5.0,True,2026-06-02T14:51:50+00:00,positive completed registry-derived facility-count proxy; percentiles used without winsorization,Deterministic S2 planned-sites benchmark based on number_of_facilities proxy; no site-count ML model.
site_benchmarks_v1,0a97519bd78f561a,phase_indication_rare|phase=PHASE2|indication=588|rare=0,PHASE2,588,,0,phase_indication_rare,4,7.5,14.0,23.25,30.9,True,2026-06-02T14:51:50+00:00,positive completed registry-derived facility-count proxy; percentiles used without winsorization,Deterministic S2 planned-sites benchmark based on number_of_facilities proxy; no site-count ML model.
site_benchmarks_v1,0a97519bd78f561a,phase_indication_rare|phase=PHASE2|indication=589|rare=0,PHASE2,589,,0,phase_indication_rare,196,4.0,18.0,41.25,83.0,False,2026-06-02T14:51:50+00:00,positive completed registry-derived facility-count proxy; percentiles used without winsorization,Deterministic S2 planned-sites benchmark based on number_of_facilities proxy; no site-count ML model.
site_benchmarks_v1,0a97519bd78f561a,phase_indication_rare|phase=PHASE2|indication=589|rare=1,PHASE2,589,,1,phase_indication_rare,33,7.0,22.0,37.0,52.4,True,2026-06-02T14:51:50+00:00,positive completed registry-derived facility-count proxy; percentiles used without winsorization,Deterministic S2 planned-sites benchmark based on number_of_facilities proxy; no site-count ML model.
site_benchmarks_v1,0a97519bd78f561a,phase_indication_rare|phase=PHASE2|indication=594|rare=0,PHASE2,594,,0,phase_indication_rare,116,2.75,10.5,30.25,58.0,False,2026-06-02T14:51:50+00:00,positive completed registry-derived facility-count proxy; percentiles used without winsorization,Deterministic S2 planned-sites benchmark based on number_of_facilities proxy; no site-count ML model.
site_benchmarks_v1,0a97519bd78f561a,phase_indication_rare|phase=PHASE2|indication=594|rare=1,PHASE2,594,,1,phase_indication_rare,5,9.0,12.0,56.0,62.6,True,2026-06-02T14:51:50+00:00,positive completed registry-derived facility-count proxy; percentiles used without winsorization,Deterministic S2 planned-sites benchmark based on number_of_facilities proxy; no site-count ML model.
site_benchmarks_v1,0a97519bd78f561a,phase_indication_rare|phase=PHASE2|indication=603|rare=0,PHASE2,603,,0,phase_indication_rare,117,1.0,8.0,24.0,53.4,False,2026-06-02T14:51:50+00:00,positive completed registry-derived facility-count proxy; percentiles used without winsorization,Deterministic S2 planned-sites benchmark based on number_of_facilities proxy; no site-count ML model.
site_benchmarks_v1,0a97519bd78f561a,phase_indication_rare|phase=PHASE2|indication=613|rare=0,PHASE2,613,,0,phase_indication_rare,13,9.0,17.0,33.0,55.0,True,2026-06-02T14:51:50+00:00,positive completed registry-derived facility-count proxy; percentiles used without winsorization,Deterministic S2 planned-sites benchmark based on number_of_facilities proxy; no site-count ML model.
site_benchmarks_v1,0a97519bd78f561a,phase_indication_rare|phase=PHASE2|indication=613|rare=1,PHASE2,613,,1,phase_indication_rare,43,4.0,12.0,20.0,26.4,True,2026-06-02T14:51:50+00:00,positive completed registry-derived facility-count proxy; percentiles used without winsorization,Deterministic S2 planned-sites benchmark based on number_of_facilities proxy; no site-count ML model.
site_benchmarks_v1,0a97519bd78f561a,phase_indication_rare|phase=PHASE2|indication=619|rare=0,PHASE2,619,,0,phase_indication_rare,264,3.0,15.0,39.0,74.0,False,2026-06-02T14:51:50+00:00,positive completed registry-derived facility-count proxy; percentiles used without winsorization,Deterministic S2 planned-sites benchmark based on number_of_facilities proxy; no site-count ML model.
site_benchmarks_v1,0a97519bd78f561a,phase_indication_rare|phase=PHASE2|indication=619|rare=1,PHASE2,619,,1,phase_indication_rare,276,4.0,9.0,20.25,40.0,False,2026-06-02T14:51:50+00:00,positive completed registry-derived facility-count proxy; percentiles used without winsorization,Deterministic S2 planned-sites benchmark based on number_of_facilities proxy; no site-count ML model.
site_benchmarks_v1,0a97519bd78f561a,phase_indication_rare|phase=PHASE2|indication=627|rare=0,PHASE2,627,,0,phase_indication_rare,148,12.0,31.0,50.25,90.9,False,2026-06-02T14:51:50+00:00,positive completed registry-derived facility-count proxy; percentiles used without winsorization,Deterministic S2 planned-sites benchmark based on number_of_facilities proxy; no site-count ML model.
site_benchmarks_v1,0a97519bd78f561a,phase_indication_rare|phase=PHASE2|indication=628|rare=0,PHASE2,628,,0,phase_indication_rare,125,2.0,7.0,23.0,34.6,False,2026-06-02T14:51:50+00:00,positive completed registry-derived facility-count proxy; percentiles used without winsorization,Deterministic S2 planned-sites benchmark based on number_of_facilities proxy; no site-count ML model.
site_benchmarks_v1,0a97519bd78f561a,phase_indication_rare|phase=PHASE2|indication=630|rare=0,PHASE2,630,,0,phase_indication_rare,36,5.0,17.0,31.75,55.0,True,2026-06-02T14:51:50+00:00,positive completed registry-derived facility-count proxy; percentiles used without winsorization,Deterministic S2 planned-sites benchmark based on number_of_facilities proxy; no site-count ML model.
site_benchmarks_v1,0a97519bd78f561a,phase_indication_rare|phase=PHASE2|indication=631|rare=0,PHASE2,631,,0,phase_indication_rare,1,1.0,1.0,1.0,1.0,True,2026-06-02T14:51:50+00:00,positive completed registry-derived facility-count proxy; percentiles used without winsorization,Deterministic S2 planned-sites benchmark based on number_of_facilities proxy; no site-count ML model.
site_benchmarks_v1,0a97519bd78f561a,phase_indication_rare|phase=PHASE2|indication=632|rare=0,PHASE2,632,,0,phase_indication_rare,49,1.0,6.0,24.0,50.0,True,2026-06-02T14:51:50+00:00,positive completed registry-derived facility-count proxy; percentiles used without winsorization,Deterministic S2 planned-sites benchmark based on number_of_facilities proxy; no site-count ML model.
site_benchmarks_v1,0a97519bd78f561a,phase_indication_rare|phase=PHASE2|indication=639|rare=0,PHASE2,639,,0,phase_indication_rare,133,2.0,9.0,24.0,49.8,False,2026-06-02T14:51:50+00:00,positive completed registry-derived facility-count proxy; percentiles used without winsorization,Deterministic S2 planned-sites benchmark based on number_of_facilities proxy; no site-count ML model.
site_benchmarks_v1,0a97519bd78f561a,phase_indication_rare|phase=PHASE2|indication=639|rare=1,PHASE2,639,,1,phase_indication_rare,46,4.0,8.0,12.0,15.0,True,2026-06-02T14:51:50+00:00,positive completed registry-derived facility-count proxy; percentiles used without winsorization,Deterministic S2 planned-sites benchmark based on number_of_facilities proxy; no site-count ML model.
site_benchmarks_v1,0a97519bd78f561a,phase_indication_rare|phase=PHASE2|indication=641|rare=0,PHASE2,641,,0,phase_indication_rare,4,4.5,7.5,16.75,28.9,True,2026-06-02T14:51:50+00:00,positive completed registry-derived facility-count proxy; percentiles used without winsorization,Deterministic S2 planned-sites benchmark based on number_of_facilities proxy; no site-count ML model.
site_benchmarks_v1,0a97519bd78f561a,phase_indication_rare|phase=PHASE2|indication=641|rare=1,PHASE2,641,,1,phase_indication_rare,19,4.5,7.0,15.5,23.0,True,2026-06-02T14:51:50+00:00,positive completed registry-derived facility-count proxy; percentiles used without winsorization,Deterministic S2 planned-sites benchmark based on number_of_facilities proxy; no site-count ML model.
site_benchmarks_v1,0a97519bd78f561a,phase_indication_rare|phase=PHASE2|indication=654|rare=0,PHASE2,654,,0,phase_indication_rare,208,2.0,12.0,28.25,56.3,False,2026-06-02T14:51:50+00:00,positive completed registry-derived facility-count proxy; percentiles used without winsorization,Deterministic S2 planned-sites benchmark based on number_of_facilities proxy; no site-count ML model.
site_benchmarks_v1,0a97519bd78f561a,phase_indication_rare|phase=PHASE2|indication=655|rare=0,PHASE2,655,,0,phase_indication_rare,175,2.0,10.0,31.5,49.6,False,2026-06-02T14:51:50+00:00,positive completed registry-derived facility-count proxy; percentiles used without winsorization,Deterministic S2 planned-sites benchmark based on number_of_facilities proxy; no site-count ML model.
site_benchmarks_v1,0a97519bd78f561a,phase_indication_rare|phase=PHASE2|indication=655|rare=1,PHASE2,655,,1,phase_indication_rare,3,25.0,37.0,54.5,65.0,True,2026-06-02T14:51:50+00:00,positive completed registry-derived facility-count proxy; percentiles used without winsorization,Deterministic S2 planned-sites benchmark based on number_of_facilities proxy; no site-count ML model.
site_benchmarks_v1,0a97519bd78f561a,phase_indication_rare|phase=PHASE2|indication=658|rare=0,PHASE2,658,,0,phase_indication_rare,5,1.0,1.0,2.0,6.2,True,2026-06-02T14:51:50+00:00,positive completed registry-derived facility-count proxy; percentiles used without winsorization,Deterministic S2 planned-sites benchmark based on number_of_facilities proxy; no site-count ML model.
site_benchmarks_v1,0a97519bd78f561a,phase_indication_rare|phase=PHASE2|indication=659|rare=0,PHASE2,659,,0,phase_indication_rare,29,1.0,2.0,9.0,31.2,True,2026-06-02T14:51:50+00:00,positive completed registry-derived facility-count proxy; percentiles used without winsorization,Deterministic S2 planned-sites benchmark based on number_of_facilities proxy; no site-count ML model.
site_benchmarks_v1,0a97519bd78f561a,phase_indication_rare|phase=PHASE2|indication=660|rare=0,PHASE2,660,,0,phase_indication_rare,18,1.0,7.0,15.75,17.3,True,2026-06-02T14:51:50+00:00,positive completed registry-derived facility-count proxy; percentiles used without winsorization,Deterministic S2 planned-sites benchmark based on number_of_facilities proxy; no site-count ML model.
site_benchmarks_v1,0a97519bd78f561a,phase_indication_rare|phase=PHASE2|indication=661|rare=0,PHASE2,661,,0,phase_indication_rare,55,2.5,13.0,20.0,34.0,False,2026-06-02T14:51:50+00:00,positive completed registry-derived facility-count proxy; percentiles used without winsorization,Deterministic S2 planned-sites benchmark based on number_of_facilities proxy; no site-count ML model.
site_benchmarks_v1,0a97519bd78f561a,phase_indication_rare|phase=PHASE2|indication=662|rare=0,PHASE2,662,,0,phase_indication_rare,31,2.0,6.0,14.0,34.0,True,2026-06-02T14:51:50+00:00,positive completed registry-derived facility-count proxy; percentiles used without winsorization,Deterministic S2 planned-sites benchmark based on number_of_facilities proxy; no site-count ML model.
site_benchmarks_v1,0a97519bd78f561a,phase_indication_rare|phase=PHASE2|indication=663|rare=0,PHASE2,663,,0,phase_indication_rare,20,1.0,15.5,39.5,50.1,True,2026-06-02T14:51:50+00:00,positive completed registry-derived facility-count proxy; percentiles used without winsorization,Deterministic S2 planned-sites benchmark based on number_of_facilities proxy; no site-count ML model.
site_benchmarks_v1,0a97519bd78f561a,phase_indication_rare|phase=PHASE2|indication=664|rare=0,PHASE2,664,,0,phase_indication_rare,16,4.0,20.0,67.5,81.5,True,2026-06-02T14:51:50+00:00,positive completed registry-derived facility-count proxy; percentiles used without winsorization,Deterministic S2 planned-sites benchmark based on number_of_facilities proxy; no site-count ML model.
site_benchmarks_v1,0a97519bd78f561a,phase_indication_rare|phase=PHASE2|indication=665|rare=0,PHASE2,665,,0,phase_indication_rare,8,2.0,7.0,13.75,24.4,True,2026-06-02T14:51:50+00:00,positive completed registry-derived facility-count proxy; percentiles used without winsorization,Deterministic S2 planned-sites benchmark based on number_of_facilities proxy; no site-count ML model.
site_benchmarks_v1,0a97519bd78f561a,phase_indication_rare|phase=PHASE2|indication=668|rare=0,PHASE2,668,,0,phase_indication_rare,193,2.0,5.0,12.0,33.4,False,2026-06-02T14:51:50+00:00,positive completed registry-derived facility-count proxy; percentiles used without winsorization,Deterministic S2 planned-sites benchmark based on number_of_facilities proxy; no site-count ML model.
site_benchmarks_v1,0a97519bd78f561a,phase_indication_rare|phase=PHASE2|indication=668|rare=1,PHASE2,668,,1,phase_indication_rare,30,2.0,7.0,16.5,33.1,True,2026-06-02T14:51:50+00:00,positive completed registry-derived facility-count proxy; percentiles used without winsorization,Deterministic S2 planned-sites benchmark based on number_of_facilities proxy; no site-count ML model.
site_benchmarks_v1,0a97519bd78f561a,phase_indication_rare|phase=PHASE2|indication=674|rare=0,PHASE2,674,,0,phase_indication_rare,3,10.0,13.0,19.5,23.4,True,2026-06-02T14:51:50+00:00,positive completed registry-derived facility-count proxy; percentiles used without winsorization,Deterministic S2 planned-sites benchmark based on number_of_facilities proxy; no site-count ML model.
site_benchmarks_v1,0a97519bd78f561a,phase_indication_rare|phase=PHASE2|indication=674|rare=1,PHASE2,674,,1,phase_indication_rare,1,1.0,1.0,1.0,1.0,True,2026-06-02T14:51:50+00:00,positive completed registry-derived facility-count proxy; percentiles used without winsorization,Deterministic S2 planned-sites benchmark based on number_of_facilities proxy; no site-count ML model.
site_benchmarks_v1,0a97519bd78f561a,phase_indication_rare|phase=PHASE2|indication=679|rare=0,PHASE2,679,,0,phase_indication_rare,220,1.0,2.0,10.0,20.0,False,2026-06-02T14:51:50+00:00,positive completed registry-derived facility-count proxy; percentiles used without winsorization,Deterministic S2 planned-sites benchmark based on number_of_facilities proxy; no site-count ML model.
site_benchmarks_v1,0a97519bd78f561a,phase_indication_rare|phase=PHASE2|indication=679|rare=1,PHASE2,679,,1,phase_indication_rare,10,5.25,12.0,15.0,16.6,True,2026-06-02T14:51:50+00:00,positive completed registry-derived facility-count proxy; percentiles used without winsorization,Deterministic S2 planned-sites benchmark based on number_of_facilities proxy; no site-count ML model.
site_benchmarks_v1,0a97519bd78f561a,phase_indication_rare|phase=PHASE2|indication=680|rare=0,PHASE2,680,,0,phase_indication_rare,86,1.0,1.0,1.0,5.5,False,2026-06-02T14:51:50+00:00,positive completed registry-derived facility-count proxy; percentiles used without winsorization,Deterministic S2 planned-sites benchmark based on number_of_facilities proxy; no site-count ML model.
site_benchmarks_v1,0a97519bd78f561a,phase_indication_rare|phase=PHASE2|indication=680|rare=1,PHASE2,680,,1,phase_indication_rare,1,1.0,1.0,1.0,1.0,True,2026-06-02T14:51:50+00:00,positive completed registry-derived facility-count proxy; percentiles used without winsorization,Deterministic S2 planned-sites benchmark based on number_of_facilities proxy; no site-count ML model.
site_benchmarks_v1,0a97519bd78f561a,phase_indication_rare|phase=PHASE2|indication=699|rare=0,PHASE2,699,,0,phase_indication_rare,1,1.0,1.0,1.0,1.0,True,2026-06-02T14:51:50+00:00,positive completed registry-derived facility-count proxy; percentiles used without winsorization,Deterministic S2 planned-sites benchmark based on number_of_facilities proxy; no site-count ML model.
site_benchmarks_v1,0a97519bd78f561a,phase_indication_rare|phase=PHASE2|indication=700|rare=0,PHASE2,700,,0,phase_indication_rare,1,1.0,1.0,1.0,1.0,True,2026-06-02T14:51:50+00:00,positive completed registry-derived facility-count proxy; percentiles used without winsorization,Deterministic S2 planned-sites benchmark based on number_of_facilities proxy; no site-count ML model.
site_benchmarks_v1,0a97519bd78f561a,phase_indication_rare|phase=PHASE2|indication=708|rare=0,PHASE2,708,,0,phase_indication_rare,23,1.0,3.0,7.5,17.0,True,2026-06-02T14:51:50+00:00,positive completed registry-derived facility-count proxy; percentiles used without winsorization,Deterministic S2 planned-sites benchmark based on number_of_facilities proxy; no site-count ML model.
site_benchmarks_v1,0a97519bd78f561a,phase_indication_rare|phase=PHASE2|indication=709|rare=0,PHASE2,709,,0,phase_indication_rare,2,11.5,13.0,14.5,15.4,True,2026-06-02T14:51:50+00:00,positive completed registry-derived facility-count proxy; percentiles used without winsorization,Deterministic S2 planned-sites benchmark based on number_of_facilities proxy; no site-count ML model.
site_benchmarks_v1,0a97519bd78f561a,phase_indication_rare|phase=PHASE2|indication=716|rare=0,PHASE2,716,,0,phase_indication_rare,6,1.25,4.0,16.5,30.0,True,2026-06-02T14:51:50+00:00,positive completed registry-derived facility-count proxy; percentiles used without winsorization,Deterministic S2 planned-sites benchmark based on number_of_facilities proxy; no site-count ML model.
site_benchmarks_v1,0a97519bd78f561a,phase_indication_rare|phase=PHASE2|indication=729|rare=1,PHASE2,729,,1,phase_indication_rare,1,24.0,24.0,24.0,24.0,True,2026-06-02T14:51:50+00:00,positive completed registry-derived facility-count proxy; percentiles used without winsorization,Deterministic S2 planned-sites benchmark based on number_of_facilities proxy; no site-count ML model.
site_benchmarks_v1,0a97519bd78f561a,phase_indication_rare|phase=PHASE2|indication=843|rare=0,PHASE2,843,,0,phase_indication_rare,1,11.0,11.0,11.0,11.0,True,2026-06-02T14:51:50+00:00,positive completed registry-derived facility-count proxy; percentiles used without winsorization,Deterministic S2 planned-sites benchmark based on number_of_facilities proxy; no site-count ML model.
site_benchmarks_v1,0a97519bd78f561a,phase_indication_rare|phase=PHASE2|indication=843|rare=1,PHASE2,843,,1,phase_indication_rare,5,2.0,5.0,7.0,7.0,True,2026-06-02T14:51:50+00:00,positive completed registry-derived facility-count proxy; percentiles used without winsorization,Deterministic S2 planned-sites benchmark based on number_of_facilities proxy; no site-count ML model.
site_benchmarks_v1,0a97519bd78f561a,phase_indication_rare|phase=PHASE2|indication=935|rare=0,PHASE2,935,,0,phase_indication_rare,1,11.0,11.0,11.0,11.0,True,2026-06-02T14:51:50+00:00,positive completed registry-derived facility-count proxy; percentiles used without winsorization,Deterministic S2 planned-sites benchmark based on number_of_facilities proxy; no site-count ML model.
site_benchmarks_v1,0a97519bd78f561a,phase_indication_rare|phase=PHASE2|indication=958|rare=0,PHASE2,958,,0,phase_indication_rare,5,1.0,1.0,2.0,2.0,True,2026-06-02T14:51:50+00:00,positive completed registry-derived facility-count proxy; percentiles used without winsorization,Deterministic S2 planned-sites benchmark based on number_of_facilities proxy; no site-count ML model.
site_benchmarks_v1,0a97519bd78f561a,phase_indication_rare|phase=PHASE2|indication=972|rare=0,PHASE2,972,,0,phase_indication_rare,40,6.0,22.0,47.5,65.1,True,2026-06-02T14:51:50+00:00,positive completed registry-derived facility-count proxy; percentiles used without winsorization,Deterministic S2 planned-sites benchmark based on number_of_facilities proxy; no site-count ML model.
site_benchmarks_v1,0a97519bd78f561a,phase_indication_rare|phase=PHASE2|indication=980|rare=0,PHASE2,980,,0,phase_indication_rare,32,2.0,7.5,16.0,26.6,True,2026-06-02T14:51:50+00:00,positive completed registry-derived facility-count proxy; percentiles used without winsorization,Deterministic S2 planned-sites benchmark based on number_of_facilities proxy; no site-count ML model.
site_benchmarks_v1,0a97519bd78f561a,phase_indication_rare|phase=PHASE2|indication=981|rare=0,PHASE2,981,,0,phase_indication_rare,222,1.0,9.5,21.75,41.0,False,2026-06-02T14:51:50+00:00,positive completed registry-derived facility-count proxy; percentiles used without winsorization,Deterministic S2 planned-sites benchmark based on number_of_facilities proxy; no site-count ML model.
site_benchmarks_v1,0a97519bd78f561a,phase_indication_rare|phase=PHASE2|indication=981|rare=1,PHASE2,981,,1,phase_indication_rare,15,1.0,3.0,8.5,21.8,True,2026-06-02T14:51:50+00:00,positive completed registry-derived facility-count proxy; percentiles used without winsorization,Deterministic S2 planned-sites benchmark based on number_of_facilities proxy; no site-count ML model.
site_benchmarks_v1,0a97519bd78f561a,phase_indication_rare|phase=PHASE2|indication=992|rare=0,PHASE2,992,,0,phase_indication_rare,58,1.0,10.0,33.0,64.3,False,2026-06-02T14:51:50+00:00,positive completed registry-derived facility-count proxy; percentiles used without winsorization,Deterministic S2 planned-sites benchmark based on number_of_facilities proxy; no site-count ML model.
site_benchmarks_v1,0a97519bd78f561a,phase_indication_rare|phase=PHASE2|indication=992|rare=1,PHASE2,992,,1,phase_indication_rare,2,9.5,14.0,18.5,21.2,True,2026-06-02T14:51:50+00:00,positive completed registry-derived facility-count proxy; percentiles used without winsorization,Deterministic S2 planned-sites benchmark based on number_of_facilities proxy; no site-count ML model.
site_benchmarks_v1,0a97519bd78f561a,phase_indication_rare|phase=PHASE2|indication=1004|rare=0,PHASE2,1004,,0,phase_indication_rare,32,9.0,23.5,43.75,59.5,True,2026-06-02T14:51:50+00:00,positive completed registry-derived facility-count proxy; percentiles used without winsorization,Deterministic S2 planned-sites benchmark based on number_of_facilities proxy; no site-count ML model.
site_benchmarks_v1,0a97519bd78f561a,phase_indication_rare|phase=PHASE2|indication=1004|rare=1,PHASE2,1004,,1,phase_indication_rare,8,7.5,10.0,42.0,79.8,True,2026-06-02T14:51:50+00:00,positive completed registry-derived facility-count proxy; percentiles used without winsorization,Deterministic S2 planned-sites benchmark based on number_of_facilities proxy; no site-count ML model.
site_benchmarks_v1,0a97519bd78f561a,phase_indication_rare|phase=PHASE2|indication=1008|rare=0,PHASE2,1008,,0,phase_indication_rare,2,4.5,8.0,11.5,13.6,True,2026-06-02T14:51:50+00:00,positive completed registry-derived facility-count proxy; percentiles used without winsorization,Deterministic S2 planned-sites benchmark based on number_of_facilities proxy; no site-count ML model.
site_benchmarks_v1,0a97519bd78f561a,phase_indication_rare|phase=PHASE2|indication=1008|rare=1,PHASE2,1008,,1,phase_indication_rare,3,1.0,1.0,11.5,17.8,True,2026-06-02T14:51:50+00:00,positive completed registry-derived facility-count proxy; percentiles used without winsorization,Deterministic S2 planned-sites benchmark based on number_of_facilities proxy; no site-count ML model.
site_benchmarks_v1,0a97519bd78f561a,phase_indication_rare|phase=PHASE2|indication=1011|rare=0,PHASE2,1011,,0,phase_indication_rare,3,22.5,29.0,31.5,33.0,True,2026-06-02T14:51:50+00:00,positive completed registry-derived facility-count proxy; percentiles used without winsorization,Deterministic S2 planned-sites benchmark based on number_of_facilities proxy; no site-count ML model.
site_benchmarks_v1,0a97519bd78f561a,phase_indication_rare|phase=PHASE2|indication=1011|rare=1,PHASE2,1011,,1,phase_indication_rare,11,6.0,7.0,10.0,13.0,True,2026-06-02T14:51:50+00:00,positive completed registry-derived facility-count proxy; percentiles used without winsorization,Deterministic S2 planned-sites benchmark based on number_of_facilities proxy; no site-count ML model.
site_benchmarks_v1,0a97519bd78f561a,phase_indication_rare|phase=PHASE2|indication=1012|rare=1,PHASE2,1012,,1,phase_indication_rare,6,5.5,11.0,30.75,60.0,True,2026-06-02T14:51:50+00:00,positive completed registry-derived facility-count proxy; percentiles used without winsorization,Deterministic S2 planned-sites benchmark based on number_of_facilities proxy; no site-count ML model.
site_benchmarks_v1,0a97519bd78f561a,phase_indication_rare|phase=PHASE2|indication=1013|rare=1,PHASE2,1013,,1,phase_indication_rare,1,2.0,2.0,2.0,2.0,True,2026-06-02T14:51:50+00:00,positive completed registry-derived facility-count proxy; percentiles used without winsorization,Deterministic S2 planned-sites benchmark based on number_of_facilities proxy; no site-count ML model.
site_benchmarks_v1,0a97519bd78f561a,phase_indication_rare|phase=PHASE2|indication=1048|rare=0,PHASE2,1048,,0,phase_indication_rare,201,1.0,6.0,15.0,31.0,False,2026-06-02T14:51:50+00:00,positive completed registry-derived facility-count proxy; percentiles used without winsorization,Deterministic S2 planned-sites benchmark based on number_of_facilities proxy; no site-count ML model.
site_benchmarks_v1,0a97519bd78f561a,phase_indication_rare|phase=PHASE2|indication=1161|rare=0,PHASE2,1161,,0,phase_indication_rare,115,2.0,8.0,29.5,56.4,False,2026-06-02T14:51:50+00:00,positive completed registry-derived facility-count proxy; percentiles used without winsorization,Deterministic S2 planned-sites benchmark based on number_of_facilities proxy; no site-count ML model.
site_benchmarks_v1,0a97519bd78f561a,phase_indication_rare|phase=PHASE2|indication=1161|rare=1,PHASE2,1161,,1,phase_indication_rare,16,3.75,11.0,36.0,50.5,True,2026-06-02T14:51:50+00:00,positive completed registry-derived facility-count proxy; percentiles used without winsorization,Deterministic S2 planned-sites benchmark based on number_of_facilities proxy; no site-count ML model.
site_benchmarks_v1,0a97519bd78f561a,phase_indication_rare|phase=PHASE2/PHASE3|indication=0|rare=0,PHASE2/PHASE3,0,,0,phase_indication_rare,1,1.0,1.0,1.0,1.0,True,2026-06-02T14:51:50+00:00,positive completed registry-derived facility-count proxy; percentiles used without winsorization,Deterministic S2 planned-sites benchmark based on number_of_facilities proxy; no site-count ML model.
site_benchmarks_v1,0a97519bd78f561a,phase_indication_rare|phase=PHASE2/PHASE3|indication=297|rare=0,PHASE2/PHASE3,297,,0,phase_indication_rare,2,12.0,14.0,16.0,17.2,True,2026-06-02T14:51:50+00:00,positive completed registry-derived facility-count proxy; percentiles used without winsorization,Deterministic S2 planned-sites benchmark based on number_of_facilities proxy; no site-count ML model.
site_benchmarks_v1,0a97519bd78f561a,phase_indication_rare|phase=PHASE2/PHASE3|indication=298|rare=0,PHASE2/PHASE3,298,,0,phase_indication_rare,8,11.0,14.5,17.25,23.4,True,2026-06-02T14:51:50+00:00,positive completed registry-derived facility-count proxy; percentiles used without winsorization,Deterministic S2 planned-sites benchmark based on number_of_facilities proxy; no site-count ML model.
site_benchmarks_v1,0a97519bd78f561a,phase_indication_rare|phase=PHASE2/PHASE3|indication=302|rare=0,PHASE2/PHASE3,302,,0,phase_indication_rare,3,9.5,11.0,11.5,11.8,True,2026-06-02T14:51:50+00:00,positive completed registry-derived facility-count proxy; percentiles used without winsorization,Deterministic S2 planned-sites benchmark based on number_of_facilities proxy; no site-count ML model.
site_benchmarks_v1,0a97519bd78f561a,phase_indication_rare|phase=PHASE2/PHASE3|indication=321|rare=0,PHASE2/PHASE3,321,,0,phase_indication_rare,1,1.0,1.0,1.0,1.0,True,2026-06-02T14:51:50+00:00,positive completed registry-derived facility-count proxy; percentiles used without winsorization,Deterministic S2 planned-sites benchmark based on number_of_facilities proxy; no site-count ML model.
site_benchmarks_v1,0a97519bd78f561a,phase_indication_rare|phase=PHASE2/PHASE3|indication=322|rare=0,PHASE2/PHASE3,322,,0,phase_indication_rare,8,34.0,49.5,150.25,232.6,True,2026-06-02T14:51:50+00:00,positive completed registry-derived facility-count proxy; percentiles used without winsorization,Deterministic S2 planned-sites benchmark based on number_of_facilities proxy; no site-count ML model.
site_benchmarks_v1,0a97519bd78f561a,phase_indication_rare|phase=PHASE2/PHASE3|indication=328|rare=0,PHASE2/PHASE3,328,,0,phase_indication_rare,15,1.0,2.0,19.5,32.6,True,2026-06-02T14:51:50+00:00,positive completed registry-derived facility-count proxy; percentiles used without winsorization,Deterministic S2 planned-sites benchmark based on number_of_facilities proxy; no site-count ML model.
site_benchmarks_v1,0a97519bd78f561a,phase_indication_rare|phase=PHASE2/PHASE3|indication=332|rare=0,PHASE2/PHASE3,332,,0,phase_indication_rare,3,8.5,11.0,41.5,59.8,True,2026-06-02T14:51:50+00:00,positive completed registry-derived facility-count proxy; percentiles used without winsorization,Deterministic S2 planned-sites benchmark based on number_of_facilities proxy; no site-count ML model.
site_benchmarks_v1,0a97519bd78f561a,phase_indication_rare|phase=PHASE2/PHASE3|indication=339|rare=0,PHASE2/PHASE3,339,,0,phase_indication_rare,2,3.75,4.5,5.25,5.7,True,2026-06-02T14:51:50+00:00,positive completed registry-derived facility-count proxy; percentiles used without winsorization,Deterministic S2 planned-sites benchmark based on number_of_facilities proxy; no site-count ML model.
site_benchmarks_v1,0a97519bd78f561a,phase_indication_rare|phase=PHASE2/PHASE3|indication=340|rare=0,PHASE2/PHASE3,340,,0,phase_indication_rare,2,1.25,1.5,1.75,1.9,True,2026-06-02T14:51:50+00:00,positive completed registry-derived facility-count proxy; percentiles used without winsorization,Deterministic S2 planned-sites benchmark based on number_of_facilities proxy; no site-count ML model.
site_benchmarks_v1,0a97519bd78f561a,phase_indication_rare|phase=PHASE2/PHASE3|indication=341|rare=0,PHASE2/PHASE3,341,,0,phase_indication_rare,1,1.0,1.0,1.0,1.0,True,2026-06-02T14:51:50+00:00,positive completed registry-derived facility-count proxy; percentiles used without winsorization,Deterministic S2 planned-sites benchmark based on number_of_facilities proxy; no site-count ML model.
site_benchmarks_v1,0a97519bd78f561a,phase_indication_rare|phase=PHASE2/PHASE3|indication=342|rare=0,PHASE2/PHASE3,342,,0,phase_indication_rare,3,1.0,1.0,11.0,17.0,True,2026-06-02T14:51:50+00:00,positive completed registry-derived facility-count proxy; percentiles used without winsorization,Deterministic S2 planned-sites benchmark based on number_of_facilities proxy; no site-count ML model.
site_benchmarks_v1,0a97519bd78f561a,phase_indication_rare|phase=PHASE2/PHASE3|indication=345|rare=0,PHASE2/PHASE3,345,,0,phase_indication_rare,1,7.0,7.0,7.0,7.0,True,2026-06-02T14:51:50+00:00,positive completed registry-derived facility-count proxy; percentiles used without winsorization,Deterministic S2 planned-sites benchmark based on number_of_facilities proxy; no site-count ML model.
site_benchmarks_v1,0a97519bd78f561a,phase_indication_rare|phase=PHASE2/PHASE3|indication=357|rare=0,PHASE2/PHASE3,357,,0,phase_indication_rare,1,5.0,5.0,5.0,5.0,True,2026-06-02T14:51:50+00:00,positive completed registry-derived facility-count proxy; percentiles used without winsorization,Deterministic S2 planned-sites benchmark based on number_of_facilities proxy; no site-count ML model.
site_benchmarks_v1,0a97519bd78f561a,phase_indication_rare|phase=PHASE2/PHASE3|indication=359|rare=0,PHASE2/PHASE3,359,,0,phase_indication_rare,1,1.0,1.0,1.0,1.0,True,2026-06-02T14:51:50+00:00,positive completed registry-derived facility-count proxy; percentiles used without winsorization,Deterministic S2 planned-sites benchmark based on number_of_facilities proxy; no site-count ML model.
site_benchmarks_v1,0a97519bd78f561a,phase_indication_rare|phase=PHASE2/PHASE3|indication=366|rare=0,PHASE2/PHASE3,366,,0,phase_indication_rare,1,15.0,15.0,15.0,15.0,True,2026-06-02T14:51:50+00:00,positive completed registry-derived facility-count proxy; percentiles used without winsorization,Deterministic S2 planned-sites benchmark based on number_of_facilities proxy; no site-count ML model.
site_benchmarks_v1,0a97519bd78f561a,phase_indication_rare|phase=PHASE2/PHASE3|indication=380|rare=0,PHASE2/PHASE3,380,,0,phase_indication_rare,2,1.75,2.5,3.25,3.7,True,2026-06-02T14:51:50+00:00,positive completed registry-derived facility-count proxy; percentiles used without winsorization,Deterministic S2 planned-sites benchmark based on number_of_facilities proxy; no site-count ML model.
site_benchmarks_v1,0a97519bd78f561a,phase_indication_rare|phase=PHASE2/PHASE3|indication=391|rare=0,PHASE2/PHASE3,391,,0,phase_indication_rare,1,55.0,55.0,55.0,55.0,True,2026-06-02T14:51:50+00:00,positive completed registry-derived facility-count proxy; percentiles used without winsorization,Deterministic S2 planned-sites benchmark based on number_of_facilities proxy; no site-count ML model.
site_benchmarks_v1,0a97519bd78f561a,phase_indication_rare|phase=PHASE2/PHASE3|indication=393|rare=0,PHASE2/PHASE3,393,,0,phase_indication_rare,1,50.0,50.0,50.0,50.0,True,2026-06-02T14:51:50+00:00,positive completed registry-derived facility-count proxy; percentiles used without winsorization,Deterministic S2 planned-sites benchmark based on number_of_facilities proxy; no site-count ML model.
site_benchmarks_v1,0a97519bd78f561a,phase_indication_rare|phase=PHASE2/PHASE3|indication=400|rare=0,PHASE2/PHASE3,400,,0,phase_indication_rare,2,3.75,6.5,9.25,10.9,True,2026-06-02T14:51:50+00:00,positive completed registry-derived facility-count proxy; percentiles used without winsorization,Deterministic S2 planned-sites benchmark based on number_of_facilities proxy; no site-count ML model.
site_benchmarks_v1,0a97519bd78f561a,phase_indication_rare|phase=PHASE2/PHASE3|indication=408|rare=0,PHASE2/PHASE3,408,,0,phase_indication_rare,6,16.75,21.0,43.25,58.5,True,2026-06-02T14:51:50+00:00,positive completed registry-derived facility-count proxy; percentiles used without winsorization,Deterministic S2 planned-sites benchmark based on number_of_facilities proxy; no site-count ML model.
site_benchmarks_v1,0a97519bd78f561a,phase_indication_rare|phase=PHASE2/PHASE3|indication=408|rare=1,PHASE2/PHASE3,408,,1,phase_indication_rare,1,22.0,22.0,22.0,22.0,True,2026-06-02T14:51:50+00:00,positive completed registry-derived facility-count proxy; percentiles used without winsorization,Deterministic S2 planned-sites benchmark based on number_of_facilities proxy; no site-count ML model.
site_benchmarks_v1,0a97519bd78f561a,phase_indication_rare|phase=PHASE2/PHASE3|indication=411|rare=0,PHASE2/PHASE3,411,,0,phase_indication_rare,1,19.0,19.0,19.0,19.0,True,2026-06-02T14:51:50+00:00,positive completed registry-derived facility-count proxy; percentiles used without winsorization,Deterministic S2 planned-sites benchmark based on number_of_facilities proxy; no site-count ML model.
site_benchmarks_v1,0a97519bd78f561a,phase_indication_rare|phase=PHASE2/PHASE3|indication=414|rare=0,PHASE2/PHASE3,414,,0,phase_indication_rare,3,60.5,73.0,101.5,118.6,True,2026-06-02T14:51:50+00:00,positive completed registry-derived facility-count proxy; percentiles used without winsorization,Deterministic S2 planned-sites benchmark based on number_of_facilities proxy; no site-count ML model.
site_benchmarks_v1,0a97519bd78f561a,phase_indication_rare|phase=PHASE2/PHASE3|indication=417|rare=0,PHASE2/PHASE3,417,,0,phase_indication_rare,1,2.0,2.0,2.0,2.0,True,2026-06-02T14:51:50+00:00,positive completed registry-derived facility-count proxy; percentiles used without winsorization,Deterministic S2 planned-sites benchmark based on number_of_facilities proxy; no site-count ML model.
site_benchmarks_v1,0a97519bd78f561a,phase_indication_rare|phase=PHASE2/PHASE3|indication=426|rare=0,PHASE2/PHASE3,426,,0,phase_indication_rare,5,40.0,58.0,128.0,186.8,True,2026-06-02T14:51:50+00:00,positive completed registry-derived facility-count proxy; percentiles used without winsorization,Deterministic S2 planned-sites benchmark based on number_of_facilities proxy; no site-count ML model.
site_benchmarks_v1,0a97519bd78f561a,phase_indication_rare|phase=PHASE2/PHASE3|indication=429|rare=0,PHASE2/PHASE3,429,,0,phase_indication_rare,5,1.0,13.0,112.0,128.8,True,2026-06-02T14:51:50+00:00,positive completed registry-derived facility-count proxy; percentiles used without winsorization,Deterministic S2 planned-sites benchmark based on number_of_facilities proxy; no site-count ML model.
site_benchmarks_v1,0a97519bd78f561a,phase_indication_rare|phase=PHASE2/PHASE3|indication=438|rare=0,PHASE2/PHASE3,438,,0,phase_indication_rare,2,11.5,13.0,14.5,15.4,True,2026-06-02T14:51:50+00:00,positive completed registry-derived facility-count proxy; percentiles used without winsorization,Deterministic S2 planned-sites benchmark based on number_of_facilities proxy; no site-count ML model.
site_benchmarks_v1,0a97519bd78f561a,phase_indication_rare|phase=PHASE2/PHASE3|indication=441|rare=0,PHASE2/PHASE3,441,,0,phase_indication_rare,3,17.0,29.0,39.0,45.0,True,2026-06-02T14:51:50+00:00,positive completed registry-derived facility-count proxy; percentiles used without winsorization,Deterministic S2 planned-sites benchmark based on number_of_facilities proxy; no site-count ML model.
site_benchmarks_v1,0a97519bd78f561a,phase_indication_rare|phase=PHASE2/PHASE3|indication=462|rare=0,PHASE2/PHASE3,462,,0,phase_indication_rare,2,41.5,63.0,84.5,97.4,True,2026-06-02T14:51:50+00:00,positive completed registry-derived facility-count proxy; percentiles used without winsorization,Deterministic S2 planned-sites benchmark based on number_of_facilities proxy; no site-count ML model.
site_benchmarks_v1,0a97519bd78f561a,phase_indication_rare|phase=PHASE2/PHASE3|indication=465|rare=0,PHASE2/PHASE3,465,,0,phase_indication_rare,1,6.0,6.0,6.0,6.0,True,2026-06-02T14:51:50+00:00,positive completed registry-derived facility-count proxy; percentiles used without winsorization,Deterministic S2 planned-sites benchmark based on number_of_facilities proxy; no site-count ML model.
site_benchmarks_v1,0a97519bd78f561a,phase_indication_rare|phase=PHASE2/PHASE3|indication=474|rare=0,PHASE2/PHASE3,474,,0,phase_indication_rare,1,161.0,161.0,161.0,161.0,True,2026-06-02T14:51:50+00:00,positive completed registry-derived facility-count proxy; percentiles used without winsorization,Deterministic S2 planned-sites benchmark based on number_of_facilities proxy; no site-count ML model.
site_benchmarks_v1,0a97519bd78f561a,phase_indication_rare|phase=PHASE2/PHASE3|indication=480|rare=1,PHASE2/PHASE3,480,,1,phase_indication_rare,1,19.0,19.0,19.0,19.0,True,2026-06-02T14:51:50+00:00,positive completed registry-derived facility-count proxy; percentiles used without winsorization,Deterministic S2 planned-sites benchmark based on number_of_facilities proxy; no site-count ML model.
site_benchmarks_v1,0a97519bd78f561a,phase_indication_rare|phase=PHASE2/PHASE3|indication=483|rare=0,PHASE2/PHASE3,483,,0,phase_indication_rare,1,45.0,45.0,45.0,45.0,True,2026-06-02T14:51:50+00:00,positive completed registry-derived facility-count proxy; percentiles used without winsorization,Deterministic S2 planned-sites benchmark based on number_of_facilities proxy; no site-count ML model.
site_benchmarks_v1,0a97519bd78f561a,phase_indication_rare|phase=PHASE2/PHASE3|indication=483|rare=1,PHASE2/PHASE3,483,,1,phase_indication_rare,1,6.0,6.0,6.0,6.0,True,2026-06-02T14:51:50+00:00,positive completed registry-derived facility-count proxy; percentiles used without winsorization,Deterministic S2 planned-sites benchmark based on number_of_facilities proxy; no site-count ML model.
site_benchmarks_v1,0a97519bd78f561a,phase_indication_rare|phase=PHASE2/PHASE3|indication=485|rare=0,PHASE2/PHASE3,485,,0,phase_indication_rare,2,62.75,94.5,126.25,145.3,True,2026-06-02T14:51:50+00:00,positive completed registry-derived facility-count proxy; percentiles used without winsorization,Deterministic S2 planned-sites benchmark based on number_of_facilities proxy; no site-count ML model.
site_benchmarks_v1,0a97519bd78f561a,phase_indication_rare|phase=PHASE2/PHASE3|indication=485|rare=1,PHASE2/PHASE3,485,,1,phase_indication_rare,1,57.0,57.0,57.0,57.0,True,2026-06-02T14:51:50+00:00,positive completed registry-derived facility-count proxy; percentiles used without winsorization,Deterministic S2 planned-sites benchmark based on number_of_facilities proxy; no site-count ML model.
site_benchmarks_v1,0a97519bd78f561a,phase_indication_rare|phase=PHASE2/PHASE3|indication=486|rare=0,PHASE2/PHASE3,486,,0,phase_indication_rare,1,13.0,13.0,13.0,13.0,True,2026-06-02T14:51:50+00:00,positive completed registry-derived facility-count proxy; percentiles used without winsorization,Deterministic S2 planned-sites benchmark based on number_of_facilities proxy; no site-count ML model.
site_benchmarks_v1,0a97519bd78f561a,phase_indication_rare|phase=PHASE2/PHASE3|indication=487|rare=0,PHASE2/PHASE3,487,,0,phase_indication_rare,4,34.0,59.5,75.75,78.9,True,2026-06-02T14:51:50+00:00,positive completed registry-derived facility-count proxy; percentiles used without winsorization,Deterministic S2 planned-sites benchmark based on number_of_facilities proxy; no site-count ML model.
site_benchmarks_v1,0a97519bd78f561a,phase_indication_rare|phase=PHASE2/PHASE3|indication=487|rare=1,PHASE2/PHASE3,487,,1,phase_indication_rare,1,28.0,28.0,28.0,28.0,True,2026-06-02T14:51:50+00:00,positive completed registry-derived facility-count proxy; percentiles used without winsorization,Deterministic S2 planned-sites benchmark based on number_of_facilities proxy; no site-count ML model.
site_benchmarks_v1,0a97519bd78f561a,phase_indication_rare|phase=PHASE2/PHASE3|indication=489|rare=0,PHASE2/PHASE3,489,,0,phase_indication_rare,3,5.0,9.0,11.0,12.2,True,2026-06-02T14:51:50+00:00,positive completed registry-derived facility-count proxy; percentiles used without winsorization,Deterministic S2 planned-sites benchmark based on number_of_facilities proxy; no site-count ML model.
site_benchmarks_v1,0a97519bd78f561a,phase_indication_rare|phase=PHASE2/PHASE3|indication=489|rare=1,PHASE2/PHASE3,489,,1,phase_indication_rare,1,5.0,5.0,5.0,5.0,True,2026-06-02T14:51:50+00:00,positive completed registry-derived facility-count proxy; percentiles used without winsorization,Deterministic S2 planned-sites benchmark based on number_of_facilities proxy; no site-count ML model.
site_benchmarks_v1,0a97519bd78f561a,phase_indication_rare|phase=PHASE2/PHASE3|indication=490|rare=0,PHASE2/PHASE3,490,,0,phase_indication_rare,3,1.0,1.0,4.5,6.6,True,2026-06-02T14:51:50+00:00,positive completed registry-derived facility-count proxy; percentiles used without winsorization,Deterministic S2 planned-sites benchmark based on number_of_facilities proxy; no site-count ML model.
site_benchmarks_v1,0a97519bd78f561a,phase_indication_rare|phase=PHASE2/PHASE3|indication=490|rare=1,PHASE2/PHASE3,490,,1,phase_indication_rare,4,16.25,27.5,43.25,52.7,True,2026-06-02T14:51:50+00:00,positive completed registry-derived facility-count proxy; percentiles used without winsorization,Deterministic S2 planned-sites benchmark based on number_of_facilities proxy; no site-count ML model.
site_benchmarks_v1,0a97519bd78f561a,phase_indication_rare|phase=PHASE2/PHASE3|indication=493|rare=0,PHASE2/PHASE3,493,,0,phase_indication_rare,1,171.0,171.0,171.0,171.0,True,2026-06-02T14:51:50+00:00,positive completed registry-derived facility-count proxy; percentiles used without winsorization,Deterministic S2 planned-sites benchmark based on number_of_facilities proxy; no site-count ML model.
site_benchmarks_v1,0a97519bd78f561a,phase_indication_rare|phase=PHASE2/PHASE3|indication=494|rare=0,PHASE2/PHASE3,494,,0,phase_indication_rare,3,2.0,3.0,6.5,8.6,True,2026-06-02T14:51:50+00:00,positive completed registry-derived facility-count proxy; percentiles used without winsorization,Deterministic S2 planned-sites benchmark based on number_of_facilities proxy; no site-count ML model.
site_benchmarks_v1,0a97519bd78f561a,phase_indication_rare|phase=PHASE2/PHASE3|indication=498|rare=0,PHASE2/PHASE3,498,,0,phase_indication_rare,3,50.0,87.0,92.5,95.8,True,2026-06-02T14:51:50+00:00,positive completed registry-derived facility-count proxy; percentiles used without winsorization,Deterministic S2 planned-sites benchmark based on number_of_facilities proxy; no site-count ML model.
site_benchmarks_v1,0a97519bd78f561a,phase_indication_rare|phase=PHASE2/PHASE3|indication=499|rare=0,PHASE2/PHASE3,499,,0,phase_indication_rare,1,18.0,18.0,18.0,18.0,True,2026-06-02T14:51:50+00:00,positive completed registry-derived facility-count proxy; percentiles used without winsorization,Deterministic S2 planned-sites benchmark based on number_of_facilities proxy; no site-count ML model.
site_benchmarks_v1,0a97519bd78f561a,phase_indication_rare|phase=PHASE2/PHASE3|indication=499|rare=1,PHASE2/PHASE3,499,,1,phase_indication_rare,1,68.0,68.0,68.0,68.0,True,2026-06-02T14:51:50+00:00,positive completed registry-derived facility-count proxy; percentiles used without winsorization,Deterministic S2 planned-sites benchmark based on number_of_facilities proxy; no site-count ML model.
site_benchmarks_v1,0a97519bd78f561a,phase_indication_rare|phase=PHASE2/PHASE3|indication=507|rare=0,PHASE2/PHASE3,507,,0,phase_indication_rare,7,7.5,16.0,42.0,103.2,True,2026-06-02T14:51:50+00:00,positive completed registry-derived facility-count proxy; percentiles used without winsorization,Deterministic S2 planned-sites benchmark based on number_of_facilities proxy; no site-count ML model.
site_benchmarks_v1,0a97519bd78f561a,phase_indication_rare|phase=PHASE2/PHASE3|indication=507|rare=1,PHASE2/PHASE3,507,,1,phase_indication_rare,1,12.0,12.0,12.0,12.0,True,2026-06-02T14:51:50+00:00,positive completed registry-derived facility-count proxy; percentiles used without winsorization,Deterministic S2 planned-sites benchmark based on number_of_facilities proxy; no site-count ML model.
site_benchmarks_v1,0a97519bd78f561a,phase_indication_rare|phase=PHASE2/PHASE3|indication=509|rare=0,PHASE2/PHASE3,509,,0,phase_indication_rare,2,5.5,6.0,6.5,6.8,True,2026-06-02T14:51:50+00:00,positive completed registry-derived facility-count proxy; percentiles used without winsorization,Deterministic S2 planned-sites benchmark based on number_of_facilities proxy; no site-count ML model.
site_benchmarks_v1,0a97519bd78f561a,phase_indication_rare|phase=PHASE2/PHASE3|indication=509|rare=1,PHASE2/PHASE3,509,,1,phase_indication_rare,1,12.0,12.0,12.0,12.0,True,2026-06-02T14:51:50+00:00,positive completed registry-derived facility-count proxy; percentiles used without winsorization,Deterministic S2 planned-sites benchmark based on number_of_facilities proxy; no site-count ML model.
site_benchmarks_v1,0a97519bd78f561a,phase_indication_rare|phase=PHASE2/PHASE3|indication=515|rare=0,PHASE2/PHASE3,515,,0,phase_indication_rare,6,22.5,52.0,80.75,157.0,True,2026-06-02T14:51:50+00:00,positive completed registry-derived facility-count proxy; percentiles used without winsorization,Deterministic S2 planned-sites benchmark based on number_of_facilities proxy; no site-count ML model.
site_benchmarks_v1,0a97519bd78f561a,phase_indication_rare|phase=PHASE2/PHASE3|indication=520|rare=0,PHASE2/PHASE3,520,,0,phase_indication_rare,7,1.0,14.0,17.0,19.4,True,2026-06-02T14:51:50+00:00,positive completed registry-derived facility-count proxy; percentiles used without winsorization,Deterministic S2 planned-sites benchmark based on number_of_facilities proxy; no site-count ML model.
site_benchmarks_v1,0a97519bd78f561a,phase_indication_rare|phase=PHASE2/PHASE3|indication=520|rare=1,PHASE2/PHASE3,520,,1,phase_indication_rare,1,6.0,6.0,6.0,6.0,True,2026-06-02T14:51:50+00:00,positive completed registry-derived facility-count proxy; percentiles used without winsorization,Deterministic S2 planned-sites benchmark based on number_of_facilities proxy; no site-count ML model.
site_benchmarks_v1,0a97519bd78f561a,phase_indication_rare|phase=PHASE2/PHASE3|indication=521|rare=0,PHASE2/PHASE3,521,,0,phase_indication_rare,11,1.0,21.0,30.5,57.0,True,2026-06-02T14:51:50+00:00,positive completed registry-derived facility-count proxy; percentiles used without winsorization,Deterministic S2 planned-sites benchmark based on number_of_facilities proxy; no site-count ML model.
site_benchmarks_v1,0a97519bd78f561a,phase_indication_rare|phase=PHASE2/PHASE3|indication=521|rare=1,PHASE2/PHASE3,521,,1,phase_indication_rare,1,28.0,28.0,28.0,28.0,True,2026-06-02T14:51:50+00:00,positive completed registry-derived facility-count proxy; percentiles used without winsorization,Deterministic S2 planned-sites benchmark based on number_of_facilities proxy; no site-count ML model.
site_benchmarks_v1,0a97519bd78f561a,phase_indication_rare|phase=PHASE2/PHASE3|indication=532|rare=0,PHASE2/PHASE3,532,,0,phase_indication_rare,4,43.25,242.0,446.5,476.2,True,2026-06-02T14:51:50+00:00,positive completed registry-derived facility-count proxy; percentiles used without winsorization,Deterministic S2 planned-sites benchmark based on number_of_facilities proxy; no site-count ML model.
site_benchmarks_v1,0a97519bd78f561a,phase_indication_rare|phase=PHASE2/PHASE3|indication=535|rare=0,PHASE2/PHASE3,535,,0,phase_indication_rare,1,9.0,9.0,9.0,9.0,True,2026-06-02T14:51:50+00:00,positive completed registry-derived facility-count proxy; percentiles used without winsorization,Deterministic S2 planned-sites benchmark based on number_of_facilities proxy; no site-count ML model.
site_benchmarks_v1,0a97519bd78f561a,phase_indication_rare|phase=PHASE2/PHASE3|indication=543|rare=0,PHASE2/PHASE3,543,,0,phase_indication_rare,12,18.5,45.5,60.0,81.6,True,2026-06-02T14:51:50+00:00,positive completed registry-derived facility-count proxy; percentiles used without winsorization,Deterministic S2 planned-sites benchmark based on number_of_facilities proxy; no site-count ML model.
site_benchmarks_v1,0a97519bd78f561a,phase_indication_rare|phase=PHASE2/PHASE3|indication=544|rare=0,PHASE2/PHASE3,544,,0,phase_indication_rare,5,29.0,33.0,57.0,59.4,True,2026-06-02T14:51:50+00:00,positive completed registry-derived facility-count proxy; percentiles used without winsorization,Deterministic S2 planned-sites benchmark based on number_of_facilities proxy; no site-count ML model.
site_benchmarks_v1,0a97519bd78f561a,phase_indication_rare|phase=PHASE2/PHASE3|indication=545|rare=0,PHASE2/PHASE3,545,,0,phase_indication_rare,2,24.25,24.5,24.75,24.9,True,2026-06-02T14:51:50+00:00,positive completed registry-derived facility-count proxy; percentiles used without winsorization,Deterministic S2 planned-sites benchmark based on number_of_facilities proxy; no site-count ML model.
site_benchmarks_v1,0a97519bd78f561a,phase_indication_rare|phase=PHASE2/PHASE3|indication=546|rare=0,PHASE2/PHASE3,546,,0,phase_indication_rare,5,1.0,5.0,17.0,41.6,True,2026-06-02T14:51:50+00:00,positive completed registry-derived facility-count proxy; percentiles used without winsorization,Deterministic S2 planned-sites benchmark based on number_of_facilities proxy; no site-count ML model.
site_benchmarks_v1,0a97519bd78f561a,phase_indication_rare|phase=PHASE2/PHASE3|indication=554|rare=0,PHASE2/PHASE3,554,,0,phase_indication_rare,1,15.0,15.0,15.0,15.0,True,2026-06-02T14:51:50+00:00,positive completed registry-derived facility-count proxy; percentiles used without winsorization,Deterministic S2 planned-sites benchmark based on number_of_facilities proxy; no site-count ML model.
site_benchmarks_v1,0a97519bd78f561a,phase_indication_rare|phase=PHASE2/PHASE3|indication=554|rare=1,PHASE2/PHASE3,554,,1,phase_indication_rare,2,2.0,3.0,4.0,4.6,True,2026-06-02T14:51:50+00:00,positive completed registry-derived facility-count proxy; percentiles used without winsorization,Deterministic S2 planned-sites benchmark based on number_of_facilities proxy; no site-count ML model.
site_benchmarks_v1,0a97519bd78f561a,phase_indication_rare|phase=PHASE2/PHASE3|indication=557|rare=0,PHASE2/PHASE3,557,,0,phase_indication_rare,9,7.0,18.0,41.0,50.0,True,2026-06-02T14:51:50+00:00,positive completed registry-derived facility-count proxy; percentiles used without winsorization,Deterministic S2 planned-sites benchmark based on number_of_facilities proxy; no site-count ML model.
site_benchmarks_v1,0a97519bd78f561a,phase_indication_rare|phase=PHASE2/PHASE3|indication=557|rare=1,PHASE2/PHASE3,557,,1,phase_indication_rare,8,10.0,15.0,50.75,70.7,True,2026-06-02T14:51:50+00:00,positive completed registry-derived facility-count proxy; percentiles used without winsorization,Deterministic S2 planned-sites benchmark based on number_of_facilities proxy; no site-count ML model.
site_benchmarks_v1,0a97519bd78f561a,phase_indication_rare|phase=PHASE2/PHASE3|indication=559|rare=0,PHASE2/PHASE3,559,,0,phase_indication_rare,8,1.0,1.5,3.0,4.5,True,2026-06-02T14:51:50+00:00,positive completed registry-derived facility-count proxy; percentiles used without winsorization,Deterministic S2 planned-sites benchmark based on number_of_facilities proxy; no site-count ML model.
site_benchmarks_v1,0a97519bd78f561a,phase_indication_rare|phase=PHASE2/PHASE3|indication=561|rare=0,PHASE2/PHASE3,561,,0,phase_indication_rare,2,4.75,7.5,10.25,11.9,True,2026-06-02T14:51:50+00:00,positive completed registry-derived facility-count proxy; percentiles used without winsorization,Deterministic S2 planned-sites benchmark based on number_of_facilities proxy; no site-count ML model.
site_benchmarks_v1,0a97519bd78f561a,phase_indication_rare|phase=PHASE2/PHASE3|indication=567|rare=0,PHASE2/PHASE3,567,,0,phase_indication_rare,6,8.5,35.5,42.25,56.5,True,2026-06-02T14:51:50+00:00,positive completed registry-derived facility-count proxy; percentiles used without winsorization,Deterministic S2 planned-sites benchmark based on number_of_facilities proxy; no site-count ML model.
site_benchmarks_v1,0a97519bd78f561a,phase_indication_rare|phase=PHASE2/PHASE3|indication=570|rare=0,PHASE2/PHASE3,570,,0,phase_indication_rare,3,16.5,32.0,65.0,84.8,True,2026-06-02T14:51:50+00:00,positive completed registry-derived facility-count proxy; percentiles used without winsorization,Deterministic S2 planned-sites benchmark based on number_of_facilities proxy; no site-count ML model.
site_benchmarks_v1,0a97519bd78f561a,phase_indication_rare|phase=PHASE2/PHASE3|indication=571|rare=0,PHASE2/PHASE3,571,,0,phase_indication_rare,1,83.0,83.0,83.0,83.0,True,2026-06-02T14:51:50+00:00,positive completed registry-derived facility-count proxy; percentiles used without winsorization,Deterministic S2 planned-sites benchmark based on number_of_facilities proxy; no site-count ML model.
site_benchmarks_v1,0a97519bd78f561a,phase_indication_rare|phase=PHASE2/PHASE3|indication=572|rare=0,PHASE2/PHASE3,572,,0,phase_indication_rare,1,43.0,43.0,43.0,43.0,True,2026-06-02T14:51:50+00:00,positive completed registry-derived facility-count proxy; percentiles used without winsorization,Deterministic S2 planned-sites benchmark based on number_of_facilities proxy; no site-count ML model.
site_benchmarks_v1,0a97519bd78f561a,phase_indication_rare|phase=PHASE2/PHASE3|indication=575|rare=0,PHASE2/PHASE3,575,,0,phase_indication_rare,1,57.0,57.0,57.0,57.0,True,2026-06-02T14:51:50+00:00,positive completed registry-derived facility-count proxy; percentiles used without winsorization,Deterministic S2 planned-sites benchmark based on number_of_facilities proxy; no site-count ML model.
site_benchmarks_v1,0a97519bd78f561a,phase_indication_rare|phase=PHASE2/PHASE3|indication=578|rare=0,PHASE2/PHASE3,578,,0,phase_indication_rare,5,9.0,19.0,20.0,33.8,True,2026-06-02T14:51:50+00:00,positive completed registry-derived facility-count proxy; percentiles used without winsorization,Deterministic S2 planned-sites benchmark based on number_of_facilities proxy; no site-count ML model.
site_benchmarks_v1,0a97519bd78f561a,phase_indication_rare|phase=PHASE2/PHASE3|indication=582|rare=1,PHASE2/PHASE3,582,,1,phase_indication_rare,1,21.0,21.0,21.0,21.0,True,2026-06-02T14:51:50+00:00,positive completed registry-derived facility-count proxy; percentiles used without winsorization,Deterministic S2 planned-sites benchmark based on number_of_facilities proxy; no site-count ML model.
site_benchmarks_v1,0a97519bd78f561a,phase_indication_rare|phase=PHASE2/PHASE3|indication=585|rare=0,PHASE2/PHASE3,585,,0,phase_indication_rare,3,1.0,1.0,29.0,45.8,True,2026-06-02T14:51:50+00:00,positive completed registry-derived facility-count proxy; percentiles used without winsorization,Deterministic S2 planned-sites benchmark based on number_of_facilities proxy; no site-count ML model.
site_benchmarks_v1,0a97519bd78f561a,phase_indication_rare|phase=PHASE2/PHASE3|indication=587|rare=0,PHASE2/PHASE3,587,,0,phase_indication_rare,10,1.0,4.0,22.0,142.9,True,2026-06-02T14:51:50+00:00,positive completed registry-derived facility-count proxy; percentiles used without winsorization,Deterministic S2 planned-sites benchmark based on number_of_facilities proxy; no site-count ML model.
site_benchmarks_v1,0a97519bd78f561a,phase_indication_rare|phase=PHASE2/PHASE3|indication=587|rare=1,PHASE2/PHASE3,587,,1,phase_indication_rare,1,27.0,27.0,27.0,27.0,True,2026-06-02T14:51:50+00:00,positive completed registry-derived facility-count proxy; percentiles used without winsorization,Deterministic S2 planned-sites benchmark based on number_of_facilities proxy; no site-count ML model.
site_benchmarks_v1,0a97519bd78f561a,phase_indication_rare|phase=PHASE2/PHASE3|indication=589|rare=0,PHASE2/PHASE3,589,,0,phase_indication_rare,13,7.0,23.0,47.0,72.0,True,2026-06-02T14:51:50+00:00,positive completed registry-derived facility-count proxy; percentiles used without winsorization,Deterministic S2 planned-sites benchmark based on number_of_facilities proxy; no site-count ML model.
site_benchmarks_v1,0a97519bd78f561a,phase_indication_rare|phase=PHASE2/PHASE3|indication=589|rare=1,PHASE2/PHASE3,589,,1,phase_indication_rare,1,63.0,63.0,63.0,63.0,True,2026-06-02T14:51:50+00:00,positive completed registry-derived facility-count proxy; percentiles used without winsorization,Deterministic S2 planned-sites benchmark based on number_of_facilities proxy; no site-count ML model.
site_benchmarks_v1,0a97519bd78f561a,phase_indication_rare|phase=PHASE2/PHASE3|indication=594|rare=0,PHASE2/PHASE3,594,,0,phase_indication_rare,8,1.0,1.0,27.0,54.0,True,2026-06-02T14:51:50+00:00,positive completed registry-derived facility-count proxy; percentiles used without winsorization,Deterministic S2 planned-sites benchmark based on number_of_facilities proxy; no site-count ML model.
site_benchmarks_v1,0a97519bd78f561a,phase_indication_rare|phase=PHASE2/PHASE3|indication=603|rare=0,PHASE2/PHASE3,603,,0,phase_indication_rare,2,1.5,2.0,2.5,2.8,True,2026-06-02T14:51:50+00:00,positive completed registry-derived facility-count proxy; percentiles used without winsorization,Deterministic S2 planned-sites benchmark based on number_of_facilities proxy; no site-count ML model.
site_benchmarks_v1,0a97519bd78f561a,phase_indication_rare|phase=PHASE2/PHASE3|indication=613|rare=1,PHASE2/PHASE3,613,,1,phase_indication_rare,3,15.5,17.0,39.0,52.2,True,2026-06-02T14:51:50+00:00,positive completed registry-derived facility-count proxy; percentiles used without winsorization,Deterministic S2 planned-sites benchmark based on number_of_facilities proxy; no site-count ML model.
site_benchmarks_v1,0a97519bd78f561a,phase_indication_rare|phase=PHASE2/PHASE3|indication=619|rare=0,PHASE2/PHASE3,619,,0,phase_indication_rare,3,1.0,1.0,8.0,12.2,True,2026-06-02T14:51:50+00:00,positive completed registry-derived facility-count proxy; percentiles used without winsorization,Deterministic S2 planned-sites benchmark based on number_of_facilities proxy; no site-count ML model.
site_benchmarks_v1,0a97519bd78f561a,phase_indication_rare|phase=PHASE2/PHASE3|indication=619|rare=1,PHASE2/PHASE3,619,,1,phase_indication_rare,39,6.0,11.0,26.0,46.4,True,2026-06-02T14:51:50+00:00,positive completed registry-derived facility-count proxy; percentiles used without winsorization,Deterministic S2 planned-sites benchmark based on number_of_facilities proxy; no site-count ML model.
site_benchmarks_v1,0a97519bd78f561a,phase_indication_rare|phase=PHASE2/PHASE3|indication=627|rare=0,PHASE2/PHASE3,627,,0,phase_indication_rare,5,33.0,50.0,66.0,183.6,True,2026-06-02T14:51:50+00:00,positive completed registry-derived facility-count proxy; percentiles used without winsorization,Deterministic S2 planned-sites benchmark based on number_of_facilities proxy; no site-count ML model.
site_benchmarks_v1,0a97519bd78f561a,phase_indication_rare|phase=PHASE2/PHASE3|indication=628|rare=0,PHASE2/PHASE3,628,,0,phase_indication_rare,5,27.0,30.0,65.0,69.2,True,2026-06-02T14:51:50+00:00,positive completed registry-derived facility-count proxy; percentiles used without winsorization,Deterministic S2 planned-sites benchmark based on number_of_facilities proxy; no site-count ML model.
site_benchmarks_v1,0a97519bd78f561a,phase_indication_rare|phase=PHASE2/PHASE3|indication=630|rare=0,PHASE2/PHASE3,630,,0,phase_indication_rare,1,74.0,74.0,74.0,74.0,True,2026-06-02T14:51:50+00:00,positive completed registry-derived facility-count proxy; percentiles used without winsorization,Deterministic S2 planned-sites benchmark based on number_of_facilities proxy; no site-count ML model.
site_benchmarks_v1,0a97519bd78f561a,phase_indication_rare|phase=PHASE2/PHASE3|indication=632|rare=0,PHASE2/PHASE3,632,,0,phase_indication_rare,1,57.0,57.0,57.0,57.0,True,2026-06-02T14:51:50+00:00,positive completed registry-derived facility-count proxy; percentiles used without winsorization,Deterministic S2 planned-sites benchmark based on number_of_facilities proxy; no site-count ML model.
site_benchmarks_v1,0a97519bd78f561a,phase_indication_rare|phase=PHASE2/PHASE3|indication=639|rare=0,PHASE2/PHASE3,639,,0,phase_indication_rare,7,1.0,8.0,14.0,20.2,True,2026-06-02T14:51:50+00:00,positive completed registry-derived facility-count proxy; percentiles used without winsorization,Deterministic S2 planned-sites benchmark based on number_of_facilities proxy; no site-count ML model.
site_benchmarks_v1,0a97519bd78f561a,phase_indication_rare|phase=PHASE2/PHASE3|indication=639|rare=1,PHASE2/PHASE3,639,,1,phase_indication_rare,5,38.0,44.0,45.0,80.4,True,2026-06-02T14:51:50+00:00,positive completed registry-derived facility-count proxy; percentiles used without winsorization,Deterministic S2 planned-sites benchmark based on number_of_facilities proxy; no site-count ML model.
site_benchmarks_v1,0a97519bd78f561a,phase_indication_rare|phase=PHASE2/PHASE3|indication=641|rare=1,PHASE2/PHASE3,641,,1,phase_indication_rare,4,8.25,9.5,11.75,14.9,True,2026-06-02T14:51:50+00:00,positive completed registry-derived facility-count proxy; percentiles used without winsorization,Deterministic S2 planned-sites benchmark based on number_of_facilities proxy; no site-count ML model.
site_benchmarks_v1,0a97519bd78f561a,phase_indication_rare|phase=PHASE2/PHASE3|indication=654|rare=0,PHASE2/PHASE3,654,,0,phase_indication_rare,4,1.75,7.5,21.75,37.5,True,2026-06-02T14:51:50+00:00,positive completed registry-derived facility-count proxy; percentiles used without winsorization,Deterministic S2 planned-sites benchmark based on number_of_facilities proxy; no site-count ML model.
site_benchmarks_v1,0a97519bd78f561a,phase_indication_rare|phase=PHASE2/PHASE3|indication=655|rare=0,PHASE2/PHASE3,655,,0,phase_indication_rare,4,3.25,11.0,21.75,28.5,True,2026-06-02T14:51:50+00:00,positive completed registry-derived facility-count proxy; percentiles used without winsorization,Deterministic S2 planned-sites benchmark based on number_of_facilities proxy; no site-count ML model.
site_benchmarks_v1,0a97519bd78f561a,phase_indication_rare|phase=PHASE2/PHASE3|indication=659|rare=0,PHASE2/PHASE3,659,,0,phase_indication_rare,2,9.25,15.5,21.75,25.5,True,2026-06-02T14:51:50+00:00,positive completed registry-derived facility-count proxy; percentiles used without winsorization,Deterministic S2 planned-sites benchmark based on number_of_facilities proxy; no site-count ML model.
site_benchmarks_v1,0a97519bd78f561a,phase_indication_rare|phase=PHASE2/PHASE3|indication=660|rare=0,PHASE2/PHASE3,660,,0,phase_indication_rare,1,12.0,12.0,12.0,12.0,True,2026-06-02T14:51:50+00:00,positive completed registry-derived facility-count proxy; percentiles used without winsorization,Deterministic S2 planned-sites benchmark based on number_of_facilities proxy; no site-count ML model.
site_benchmarks_v1,0a97519bd78f561a,phase_indication_rare|phase=PHASE2/PHASE3|indication=661|rare=0,PHASE2/PHASE3,661,,0,phase_indication_rare,1,1.0,1.0,1.0,1.0,True,2026-06-02T14:51:50+00:00,positive completed registry-derived facility-count proxy; percentiles used without winsorization,Deterministic S2 planned-sites benchmark based on number_of_facilities proxy; no site-count ML model.
site_benchmarks_v1,0a97519bd78f561a,phase_indication_rare|phase=PHASE2/PHASE3|indication=662|rare=0,PHASE2/PHASE3,662,,0,phase_indication_rare,4,11.25,44.5,95.0,131.0,True,2026-06-02T14:51:50+00:00,positive completed registry-derived facility-count proxy; percentiles used without winsorization,Deterministic S2 planned-sites benchmark based on number_of_facilities proxy; no site-count ML model.
site_benchmarks_v1,0a97519bd78f561a,phase_indication_rare|phase=PHASE2/PHASE3|indication=663|rare=0,PHASE2/PHASE3,663,,0,phase_indication_rare,3,18.0,35.0,49.5,58.2,True,2026-06-02T14:51:50+00:00,positive completed registry-derived facility-count proxy; percentiles used without winsorization,Deterministic S2 planned-sites benchmark based on number_of_facilities proxy; no site-count ML model.
site_benchmarks_v1,0a97519bd78f561a,phase_indication_rare|phase=PHASE2/PHASE3|indication=663|rare=1,PHASE2/PHASE3,663,,1,phase_indication_rare,1,70.0,70.0,70.0,70.0,True,2026-06-02T14:51:50+00:00,positive completed registry-derived facility-count proxy; percentiles used without winsorization,Deterministic S2 planned-sites benchmark based on number_of_facilities proxy; no site-count ML model.
site_benchmarks_v1,0a97519bd78f561a,phase_indication_rare|phase=PHASE2/PHASE3|indication=668|rare=0,PHASE2/PHASE3,668,,0,phase_indication_rare,3,3.5,4.0,83.0,130.4,True,2026-06-02T14:51:50+00:00,positive completed registry-derived facility-count proxy; percentiles used without winsorization,Deterministic S2 planned-sites benchmark based on number_of_facilities proxy; no site-count ML model.
site_benchmarks_v1,0a97519bd78f561a,phase_indication_rare|phase=PHASE2/PHASE3|indication=668|rare=1,PHASE2/PHASE3,668,,1,phase_indication_rare,2,72.0,91.0,110.0,121.4,True,2026-06-02T14:51:50+00:00,positive completed registry-derived facility-count proxy; percentiles used without winsorization,Deterministic S2 planned-sites benchmark based on number_of_facilities proxy; no site-count ML model.
site_benchmarks_v1,0a97519bd78f561a,phase_indication_rare|phase=PHASE2/PHASE3|indication=674|rare=0,PHASE2/PHASE3,674,,0,phase_indication_rare,1,26.0,26.0,26.0,26.0,True,2026-06-02T14:51:50+00:00,positive completed registry-derived facility-count proxy; percentiles used without winsorization,Deterministic S2 planned-sites benchmark based on number_of_facilities proxy; no site-count ML model.
site_benchmarks_v1,0a97519bd78f561a,phase_indication_rare|phase=PHASE2/PHASE3|indication=679|rare=0,PHASE2/PHASE3,679,,0,phase_indication_rare,19,1.0,1.0,5.0,9.6,True,2026-06-02T14:51:50+00:00,positive completed registry-derived facility-count proxy; percentiles used without winsorization,Deterministic S2 planned-sites benchmark based on number_of_facilities proxy; no site-count ML model.
site_benchmarks_v1,0a97519bd78f561a,phase_indication_rare|phase=PHASE2/PHASE3|indication=679|rare=1,PHASE2/PHASE3,679,,1,phase_indication_rare,1,3.0,3.0,3.0,3.0,True,2026-06-02T14:51:50+00:00,positive completed registry-derived facility-count proxy; percentiles used without winsorization,Deterministic S2 planned-sites benchmark based on number_of_facilities proxy; no site-count ML model.
site_benchmarks_v1,0a97519bd78f561a,phase_indication_rare|phase=PHASE2/PHASE3|indication=680|rare=0,PHASE2/PHASE3,680,,0,phase_indication_rare,2,1.0,1.0,1.0,1.0,True,2026-06-02T14:51:50+00:00,positive completed registry-derived facility-count proxy; percentiles used without winsorization,Deterministic S2 planned-sites benchmark based on number_of_facilities proxy; no site-count ML model.
site_benchmarks_v1,0a97519bd78f561a,phase_indication_rare|phase=PHASE2/PHASE3|indication=708|rare=0,PHASE2/PHASE3,708,,0,phase_indication_rare,4,13.5,14.0,16.25,20.3,True,2026-06-02T14:51:50+00:00,positive completed registry-derived facility-count proxy; percentiles used without winsorization,Deterministic S2 planned-sites benchmark based on number_of_facilities proxy; no site-count ML model.
site_benchmarks_v1,0a97519bd78f561a,phase_indication_rare|phase=PHASE2/PHASE3|indication=709|rare=0,PHASE2/PHASE3,709,,0,phase_indication_rare,1,2.0,2.0,2.0,2.0,True,2026-06-02T14:51:50+00:00,positive completed registry-derived facility-count proxy; percentiles used without winsorization,Deterministic S2 planned-sites benchmark based on number_of_facilities proxy; no site-count ML model.
site_benchmarks_v1,0a97519bd78f561a,phase_indication_rare|phase=PHASE2/PHASE3|indication=842|rare=0,PHASE2/PHASE3,842,,0,phase_indication_rare,1,1.0,1.0,1.0,1.0,True,2026-06-02T14:51:50+00:00,positive completed registry-derived facility-count proxy; percentiles used without winsorization,Deterministic S2 planned-sites benchmark based on number_of_facilities proxy; no site-count ML model.
site_benchmarks_v1,0a97519bd78f561a,phase_indication_rare|phase=PHASE2/PHASE3|indication=958|rare=0,PHASE2/PHASE3,958,,0,phase_indication_rare,2,2.0,2.0,2.0,2.0,True,2026-06-02T14:51:50+00:00,positive completed registry-derived facility-count proxy; percentiles used without winsorization,Deterministic S2 planned-sites benchmark based on number_of_facilities proxy; no site-count ML model.
site_benchmarks_v1,0a97519bd78f561a,phase_indication_rare|phase=PHASE2/PHASE3|indication=972|rare=0,PHASE2/PHASE3,972,,0,phase_indication_rare,11,5.0,36.0,78.5,93.0,True,2026-06-02T14:51:50+00:00,positive completed registry-derived facility-count proxy; percentiles used without winsorization,Deterministic S2 planned-sites benchmark based on number_of_facilities proxy; no site-count ML model.
site_benchmarks_v1,0a97519bd78f561a,phase_indication_rare|phase=PHASE2/PHASE3|indication=980|rare=0,PHASE2/PHASE3,980,,0,phase_indication_rare,2,27.5,42.0,56.5,65.2,True,2026-06-02T14:51:50+00:00,positive completed registry-derived facility-count proxy; percentiles used without winsorization,Deterministic S2 planned-sites benchmark based on number_of_facilities proxy; no site-count ML model.
site_benchmarks_v1,0a97519bd78f561a,phase_indication_rare|phase=PHASE2/PHASE3|indication=981|rare=0,PHASE2/PHASE3,981,,0,phase_indication_rare,8,1.0,2.0,14.25,40.2,True,2026-06-02T14:51:50+00:00,positive completed registry-derived facility-count proxy; percentiles used without winsorization,Deterministic S2 planned-sites benchmark based on number_of_facilities proxy; no site-count ML model.
site_benchmarks_v1,0a97519bd78f561a,phase_indication_rare|phase=PHASE2/PHASE3|indication=992|rare=0,PHASE2/PHASE3,992,,0,phase_indication_rare,3,49.5,50.0,64.0,72.4,True,2026-06-02T14:51:50+00:00,positive completed registry-derived facility-count proxy; percentiles used without winsorization,Deterministic S2 planned-sites benchmark based on number_of_facilities proxy; no site-count ML model.
site_benchmarks_v1,0a97519bd78f561a,phase_indication_rare|phase=PHASE2/PHASE3|indication=1004|rare=0,PHASE2/PHASE3,1004,,0,phase_indication_rare,3,46.0,91.0,94.0,95.8,True,2026-06-02T14:51:50+00:00,positive completed registry-derived facility-count proxy; percentiles used without winsorization,Deterministic S2 planned-sites benchmark based on number_of_facilities proxy; no site-count ML model.
site_benchmarks_v1,0a97519bd78f561a,phase_indication_rare|phase=PHASE2/PHASE3|indication=1011|rare=1,PHASE2/PHASE3,1011,,1,phase_indication_rare,2,80.5,90.0,99.5,105.2,True,2026-06-02T14:51:50+00:00,positive completed registry-derived facility-count proxy; percentiles used without winsorization,Deterministic S2 planned-sites benchmark based on number_of_facilities proxy; no site-count ML model.
site_benchmarks_v1,0a97519bd78f561a,phase_indication_rare|phase=PHASE2/PHASE3|indication=1048|rare=0,PHASE2/PHASE3,1048,,0,phase_indication_rare,57,5.0,16.0,48.0,113.0,False,2026-06-02T14:51:50+00:00,positive completed registry-derived facility-count proxy; percentiles used without winsorization,Deterministic S2 planned-sites benchmark based on number_of_facilities proxy; no site-count ML model.
site_benchmarks_v1,0a97519bd78f561a,phase_indication_rare|phase=PHASE2/PHASE3|indication=1161|rare=0,PHASE2/PHASE3,1161,,0,phase_indication_rare,10,4.25,10.0,32.25,77.8,True,2026-06-02T14:51:50+00:00,positive completed registry-derived facility-count proxy; percentiles used without winsorization,Deterministic S2 planned-sites benchmark based on number_of_facilities proxy; no site-count ML model.
site_benchmarks_v1,0a97519bd78f561a,phase_indication_rare|phase=PHASE2/PHASE3|indication=1161|rare=1,PHASE2/PHASE3,1161,,1,phase_indication_rare,1,3.0,3.0,3.0,3.0,True,2026-06-02T14:51:50+00:00,positive completed registry-derived facility-count proxy; percentiles used without winsorization,Deterministic S2 planned-sites benchmark based on number_of_facilities proxy; no site-count ML model.
site_benchmarks_v1,0a97519bd78f561a,phase_indication_rare|phase=PHASE3|indication=0|rare=0,PHASE3,0,,0,phase_indication_rare,14,1.0,3.0,14.5,20.9,True,2026-06-02T14:51:50+00:00,positive completed registry-derived facility-count proxy; percentiles used without winsorization,Deterministic S2 planned-sites benchmark based on number_of_facilities proxy; no site-count ML model.
site_benchmarks_v1,0a97519bd78f561a,phase_indication_rare|phase=PHASE3|indication=297|rare=0,PHASE3,297,,0,phase_indication_rare,8,2.0,4.0,7.5,13.5,True,2026-06-02T14:51:50+00:00,positive completed registry-derived facility-count proxy; percentiles used without winsorization,Deterministic S2 planned-sites benchmark based on number_of_facilities proxy; no site-count ML model.
site_benchmarks_v1,0a97519bd78f561a,phase_indication_rare|phase=PHASE3|indication=298|rare=0,PHASE3,298,,0,phase_indication_rare,86,20.25,60.0,98.75,120.0,False,2026-06-02T14:51:50+00:00,positive completed registry-derived facility-count proxy; percentiles used without winsorization,Deterministic S2 planned-sites benchmark based on number_of_facilities proxy; no site-count ML model.
site_benchmarks_v1,0a97519bd78f561a,phase_indication_rare|phase=PHASE3|indication=302|rare=0,PHASE3,302,,0,phase_indication_rare,23,3.0,10.0,21.0,42.6,True,2026-06-02T14:51:50+00:00,positive completed registry-derived facility-count proxy; percentiles used without winsorization,Deterministic S2 planned-sites benchmark based on number_of_facilities proxy; no site-count ML model.
site_benchmarks_v1,0a97519bd78f561a,phase_indication_rare|phase=PHASE3|indication=321|rare=0,PHASE3,321,,0,phase_indication_rare,28,1.0,24.5,53.0,97.2,True,2026-06-02T14:51:50+00:00,positive completed registry-derived facility-count proxy; percentiles used without winsorization,Deterministic S2 planned-sites benchmark based on number_of_facilities proxy; no site-count ML model.
site_benchmarks_v1,0a97519bd78f561a,phase_indication_rare|phase=PHASE3|indication=322|rare=0,PHASE3,322,,0,phase_indication_rare,133,8.0,25.0,56.0,117.2,False,2026-06-02T14:51:50+00:00,positive completed registry-derived facility-count proxy; percentiles used without winsorization,Deterministic S2 planned-sites benchmark based on number_of_facilities proxy; no site-count ML model.
site_benchmarks_v1,0a97519bd78f561a,phase_indication_rare|phase=PHASE3|indication=322|rare=1,PHASE3,322,,1,phase_indication_rare,5,19.0,26.0,112.0,122.8,True,2026-06-02T14:51:50+00:00,positive completed registry-derived facility-count proxy; percentiles used without winsorization,Deterministic S2 planned-sites benchmark based on number_of_facilities proxy; no site-count ML model.
site_benchmarks_v1,0a97519bd78f561a,phase_indication_rare|phase=PHASE3|indication=328|rare=0,PHASE3,328,,0,phase_indication_rare,242,2.0,6.0,24.0,53.0,False,2026-06-02T14:51:50+00:00,positive completed registry-derived facility-count proxy; percentiles used without winsorization,Deterministic S2 planned-sites benchmark based on number_of_facilities proxy; no site-count ML model.
site_benchmarks_v1,0a97519bd78f561a,phase_indication_rare|phase=PHASE3|indication=329|rare=0,PHASE3,329,,0,phase_indication_rare,15,1.0,1.0,9.0,23.4,True,2026-06-02T14:51:50+00:00,positive completed registry-derived facility-count proxy; percentiles used without winsorization,Deterministic S2 planned-sites benchmark based on number_of_facilities proxy; no site-count ML model.
site_benchmarks_v1,0a97519bd78f561a,phase_indication_rare|phase=PHASE3|indication=332|rare=0,PHASE3,332,,0,phase_indication_rare,94,3.0,14.5,36.0,58.7,False,2026-06-02T14:51:50+00:00,positive completed registry-derived facility-count proxy; percentiles used without winsorization,Deterministic S2 planned-sites benchmark based on number_of_facilities proxy; no site-count ML model.
site_benchmarks_v1,0a97519bd78f561a,phase_indication_rare|phase=PHASE3|indication=332|rare=1,PHASE3,332,,1,phase_indication_rare,2,16.0,17.0,18.0,18.6,True,2026-06-02T14:51:50+00:00,positive completed registry-derived facility-count proxy; percentiles used without winsorization,Deterministic S2 planned-sites benchmark based on number_of_facilities proxy; no site-count ML model.
site_benchmarks_v1,0a97519bd78f561a,phase_indication_rare|phase=PHASE3|indication=337|rare=0,PHASE3,337,,0,phase_indication_rare,5,3.0,4.0,8.0,9.2,True,2026-06-02T14:51:50+00:00,positive completed registry-derived facility-count proxy; percentiles used without winsorization,Deterministic S2 planned-sites benchmark based on number_of_facilities proxy; no site-count ML model.
site_benchmarks_v1,0a97519bd78f561a,phase_indication_rare|phase=PHASE3|indication=338|rare=0,PHASE3,338,,0,phase_indication_rare,9,1.0,2.0,5.0,9.4,True,2026-06-02T14:51:50+00:00,positive completed registry-derived facility-count proxy; percentiles used without winsorization,Deterministic S2 planned-sites benchmark based on number_of_facilities proxy; no site-count ML model.
site_benchmarks_v1,0a97519bd78f561a,phase_indication_rare|phase=PHASE3|indication=339|rare=0,PHASE3,339,,0,phase_indication_rare,22,2.0,8.0,15.5,20.0,True,2026-06-02T14:51:50+00:00,positive completed registry-derived facility-count proxy; percentiles used without winsorization,Deterministic S2 planned-sites benchmark based on number_of_facilities proxy; no site-count ML model.
site_benchmarks_v1,0a97519bd78f561a,phase_indication_rare|phase=PHASE3|indication=340|rare=0,PHASE3,340,,0,phase_indication_rare,5,1.0,1.0,9.0,20.4,True,2026-06-02T14:51:50+00:00,positive completed registry-derived facility-count proxy; percentiles used without winsorization,Deterministic S2 planned-sites benchmark based on number_of_facilities proxy; no site-count ML model.
site_benchmarks_v1,0a97519bd78f561a,phase_indication_rare|phase=PHASE3|indication=341|rare=0,PHASE3,341,,0,phase_indication_rare,12,2.5,15.0,74.25,89.1,True,2026-06-02T14:51:50+00:00,positive completed registry-derived facility-count proxy; percentiles used without winsorization,Deterministic S2 planned-sites benchmark based on number_of_facilities proxy; no site-count ML model.
site_benchmarks_v1,0a97519bd78f561a,phase_indication_rare|phase=PHASE3|indication=342|rare=0,PHASE3,342,,0,phase_indication_rare,38,3.0,9.0,31.0,166.1,True,2026-06-02T14:51:50+00:00,positive completed registry-derived facility-count proxy; percentiles used without winsorization,Deterministic S2 planned-sites benchmark based on number_of_facilities proxy; no site-count ML model.
site_benchmarks_v1,0a97519bd78f561a,phase_indication_rare|phase=PHASE3|indication=345|rare=0,PHASE3,345,,0,phase_indication_rare,12,2.0,2.5,5.5,10.0,True,2026-06-02T14:51:50+00:00,positive completed registry-derived facility-count proxy; percentiles used without winsorization,Deterministic S2 planned-sites benchmark based on number_of_facilities proxy; no site-count ML model.
site_benchmarks_v1,0a97519bd78f561a,phase_indication_rare|phase=PHASE3|indication=346|rare=1,PHASE3,346,,1,phase_indication_rare,1,25.0,25.0,25.0,25.0,True,2026-06-02T14:51:50+00:00,positive completed registry-derived facility-count proxy; percentiles used without winsorization,Deterministic S2 planned-sites benchmark based on number_of_facilities proxy; no site-count ML model.
site_benchmarks_v1,0a97519bd78f561a,phase_indication_rare|phase=PHASE3|indication=347|rare=0,PHASE3,347,,0,phase_indication_rare,1,4.0,4.0,4.0,4.0,True,2026-06-02T14:51:50+00:00,positive completed registry-derived facility-count proxy; percentiles used without winsorization,Deterministic S2 planned-sites benchmark based on number_of_facilities proxy; no site-count ML model.
site_benchmarks_v1,0a97519bd78f561a,phase_indication_rare|phase=PHASE3|indication=351|rare=0,PHASE3,351,,0,phase_indication_rare,2,2.0,2.0,2.0,2.0,True,2026-06-02T14:51:50+00:00,positive completed registry-derived facility-count proxy; percentiles used without winsorization,Deterministic S2 planned-sites benchmark based on number_of_facilities proxy; no site-count ML model.
site_benchmarks_v1,0a97519bd78f561a,phase_indication_rare|phase=PHASE3|indication=357|rare=0,PHASE3,357,,0,phase_indication_rare,19,4.0,10.0,13.0,31.2,True,2026-06-02T14:51:50+00:00,positive completed registry-derived facility-count proxy; percentiles used without winsorization,Deterministic S2 planned-sites benchmark based on number_of_facilities proxy; no site-count ML model.
site_benchmarks_v1,0a97519bd78f561a,phase_indication_rare|phase=PHASE3|indication=358|rare=0,PHASE3,358,,0,phase_indication_rare,2,3.25,4.5,5.75,6.5,True,2026-06-02T14:51:50+00:00,positive completed registry-derived facility-count proxy; percentiles used without winsorization,Deterministic S2 planned-sites benchmark based on number_of_facilities proxy; no site-count ML model.
site_benchmarks_v1,0a97519bd78f561a,phase_indication_rare|phase=PHASE3|indication=358|rare=1,PHASE3,358,,1,phase_indication_rare,1,4.0,4.0,4.0,4.0,True,2026-06-02T14:51:50+00:00,positive completed registry-derived facility-count proxy; percentiles used without winsorization,Deterministic S2 planned-sites benchmark based on number_of_facilities proxy; no site-count ML model.
site_benchmarks_v1,0a97519bd78f561a,phase_indication_rare|phase=PHASE3|indication=359|rare=0,PHASE3,359,,0,phase_indication_rare,15,1.0,1.0,3.0,5.2,True,2026-06-02T14:51:50+00:00,positive completed registry-derived facility-count proxy; percentiles used without winsorization,Deterministic S2 planned-sites benchmark based on number_of_facilities proxy; no site-count ML model.
site_benchmarks_v1,0a97519bd78f561a,phase_indication_rare|phase=PHASE3|indication=359|rare=1,PHASE3,359,,1,phase_indication_rare,1,2.0,2.0,2.0,2.0,True,2026-06-02T14:51:50+00:00,positive completed registry-derived facility-count proxy; percentiles used without winsorization,Deterministic S2 planned-sites benchmark based on number_of_facilities proxy; no site-count ML model.
site_benchmarks_v1,0a97519bd78f561a,phase_indication_rare|phase=PHASE3|indication=360|rare=0,PHASE3,360,,0,phase_indication_rare,2,1.5,2.0,2.5,2.8,True,2026-06-02T14:51:50+00:00,positive completed registry-derived facility-count proxy; percentiles used without winsorization,Deterministic S2 planned-sites benchmark based on number_of_facilities proxy; no site-count ML model.
site_benchmarks_v1,0a97519bd78f561a,phase_indication_rare|phase=PHASE3|indication=365|rare=0,PHASE3,365,,0,phase_indication_rare,11,5.5,8.0,11.5,13.0,True,2026-06-02T14:51:50+00:00,positive completed registry-derived facility-count proxy; percentiles used without winsorization,Deterministic S2 planned-sites benchmark based on number_of_facilities proxy; no site-count ML model.
site_benchmarks_v1,0a97519bd78f561a,phase_indication_rare|phase=PHASE3|indication=366|rare=0,PHASE3,366,,0,phase_indication_rare,10,9.25,17.0,31.25,67.1,True,2026-06-02T14:51:50+00:00,positive completed registry-derived facility-count proxy; percentiles used without winsorization,Deterministic S2 planned-sites benchmark based on number_of_facilities proxy; no site-count ML model.
site_benchmarks_v1,0a97519bd78f561a,phase_indication_rare|phase=PHASE3|indication=380|rare=0,PHASE3,380,,0,phase_indication_rare,5,14.0,22.0,26.0,64.4,True,2026-06-02T14:51:50+00:00,positive completed registry-derived facility-count proxy; percentiles used without winsorization,Deterministic S2 planned-sites benchmark based on number_of_facilities proxy; no site-count ML model.
site_benchmarks_v1,0a97519bd78f561a,phase_indication_rare|phase=PHASE3|indication=387|rare=0,PHASE3,387,,0,phase_indication_rare,7,1.0,1.0,2.5,5.6,True,2026-06-02T14:51:50+00:00,positive completed registry-derived facility-count proxy; percentiles used without winsorization,Deterministic S2 planned-sites benchmark based on number_of_facilities proxy; no site-count ML model.
site_benchmarks_v1,0a97519bd78f561a,phase_indication_rare|phase=PHASE3|indication=390|rare=0,PHASE3,390,,0,phase_indication_rare,20,1.0,4.5,20.5,99.1,True,2026-06-02T14:51:50+00:00,positive completed registry-derived facility-count proxy; percentiles used without winsorization,Deterministic S2 planned-sites benchmark based on number_of_facilities proxy; no site-count ML model.
site_benchmarks_v1,0a97519bd78f561a,phase_indication_rare|phase=PHASE3|indication=391|rare=0,PHASE3,391,,0,phase_indication_rare,3,1.0,1.0,1.0,1.0,True,2026-06-02T14:51:50+00:00,positive completed registry-derived facility-count proxy; percentiles used without winsorization,Deterministic S2 planned-sites benchmark based on number_of_facilities proxy; no site-count ML model.
site_benchmarks_v1,0a97519bd78f561a,phase_indication_rare|phase=PHASE3|indication=393|rare=0,PHASE3,393,,0,phase_indication_rare,33,5.0,15.0,33.0,47.0,True,2026-06-02T14:51:50+00:00,positive completed registry-derived facility-count proxy; percentiles used without winsorization,Deterministic S2 planned-sites benchmark based on number_of_facilities proxy; no site-count ML model.
site_benchmarks_v1,0a97519bd78f561a,phase_indication_rare|phase=PHASE3|indication=400|rare=0,PHASE3,400,,0,phase_indication_rare,16,2.75,11.0,26.5,36.0,True,2026-06-02T14:51:50+00:00,positive completed registry-derived facility-count proxy; percentiles used without winsorization,Deterministic S2 planned-sites benchmark based on number_of_facilities proxy; no site-count ML model.
site_benchmarks_v1,0a97519bd78f561a,phase_indication_rare|phase=PHASE3|indication=408|rare=0,PHASE3,408,,0,phase_indication_rare,121,1.0,14.0,45.0,86.0,False,2026-06-02T14:51:50+00:00,positive completed registry-derived facility-count proxy; percentiles used without winsorization,Deterministic S2 planned-sites benchmark based on number_of_facilities proxy; no site-count ML model.
site_benchmarks_v1,0a97519bd78f561a,phase_indication_rare|phase=PHASE3|indication=408|rare=1,PHASE3,408,,1,phase_indication_rare,7,2.5,12.0,66.5,145.8,True,2026-06-02T14:51:50+00:00,positive completed registry-derived facility-count proxy; percentiles used without winsorization,Deterministic S2 planned-sites benchmark based on number_of_facilities proxy; no site-count ML model.
site_benchmarks_v1,0a97519bd78f561a,phase_indication_rare|phase=PHASE3|indication=411|rare=0,PHASE3,411,,0,phase_indication_rare,11,28.0,68.0,96.5,124.0,True,2026-06-02T14:51:50+00:00,positive completed registry-derived facility-count proxy; percentiles used without winsorization,Deterministic S2 planned-sites benchmark based on number_of_facilities proxy; no site-count ML model.
site_benchmarks_v1,0a97519bd78f561a,phase_indication_rare|phase=PHASE3|indication=414|rare=0,PHASE3,414,,0,phase_indication_rare,34,8.25,85.0,158.0,188.1,True,2026-06-02T14:51:50+00:00,positive completed registry-derived facility-count proxy; percentiles used without winsorization,Deterministic S2 planned-sites benchmark based on number_of_facilities proxy; no site-count ML model.
site_benchmarks_v1,0a97519bd78f561a,phase_indication_rare|phase=PHASE3|indication=417|rare=0,PHASE3,417,,0,phase_indication_rare,27,68.0,119.0,140.0,172.4,True,2026-06-02T14:51:50+00:00,positive completed registry-derived facility-count proxy; percentiles used without winsorization,Deterministic S2 planned-sites benchmark based on number_of_facilities proxy; no site-count ML model.
site_benchmarks_v1,0a97519bd78f561a,phase_indication_rare|phase=PHASE3|indication=417|rare=1,PHASE3,417,,1,phase_indication_rare,2,52.0,103.0,154.0,184.6,True,2026-06-02T14:51:50+00:00,positive completed registry-derived facility-count proxy; percentiles used without winsorization,Deterministic S2 planned-sites benchmark based on number_of_facilities proxy; no site-count ML model.
site_benchmarks_v1,0a97519bd78f561a,phase_indication_rare|phase=PHASE3|indication=426|rare=0,PHASE3,426,,0,phase_indication_rare,165,17.0,78.0,149.0,201.0,False,2026-06-02T14:51:50+00:00,positive completed registry-derived facility-count proxy; percentiles used without winsorization,Deterministic S2 planned-sites benchmark based on number_of_facilities proxy; no site-count ML model.
site_benchmarks_v1,0a97519bd78f561a,phase_indication_rare|phase=PHASE3|indication=426|rare=1,PHASE3,426,,1,phase_indication_rare,1,1.0,1.0,1.0,1.0,True,2026-06-02T14:51:50+00:00,positive completed registry-derived facility-count proxy; percentiles used without winsorization,Deterministic S2 planned-sites benchmark based on number_of_facilities proxy; no site-count ML model.
site_benchmarks_v1,0a97519bd78f561a,phase_indication_rare|phase=PHASE3|indication=429|rare=0,PHASE3,429,,0,phase_indication_rare,128,18.75,77.5,176.5,253.5,False,2026-06-02T14:51:50+00:00,positive completed registry-derived facility-count proxy; percentiles used without winsorization,Deterministic S2 planned-sites benchmark based on number_of_facilities proxy; no site-count ML model.
site_benchmarks_v1,0a97519bd78f561a,phase_indication_rare|phase=PHASE3|indication=432|rare=0,PHASE3,432,,0,phase_indication_rare,13,5.0,53.0,117.0,170.6,True,2026-06-02T14:51:50+00:00,positive completed registry-derived facility-count proxy; percentiles used without winsorization,Deterministic S2 planned-sites benchmark based on number_of_facilities proxy; no site-count ML model.
site_benchmarks_v1,0a97519bd78f561a,phase_indication_rare|phase=PHASE3|indication=435|rare=0,PHASE3,435,,0,phase_indication_rare,5,78.0,123.0,169.0,184.6,True,2026-06-02T14:51:50+00:00,positive completed registry-derived facility-count proxy; percentiles used without winsorization,Deterministic S2 planned-sites benchmark based on number_of_facilities proxy; no site-count ML model.
site_benchmarks_v1,0a97519bd78f561a,phase_indication_rare|phase=PHASE3|indication=438|rare=0,PHASE3,438,,0,phase_indication_rare,85,13.0,47.0,165.0,218.0,False,2026-06-02T14:51:50+00:00,positive completed registry-derived facility-count proxy; percentiles used without winsorization,Deterministic S2 planned-sites benchmark based on number_of_facilities proxy; no site-count ML model.
site_benchmarks_v1,0a97519bd78f561a,phase_indication_rare|phase=PHASE3|indication=441|rare=0,PHASE3,441,,0,phase_indication_rare,42,16.0,55.5,129.0,169.4,True,2026-06-02T14:51:50+00:00,positive completed registry-derived facility-count proxy; percentiles used without winsorization,Deterministic S2 planned-sites benchmark based on number_of_facilities proxy; no site-count ML model.
site_benchmarks_v1,0a97519bd78f561a,phase_indication_rare|phase=PHASE3|indication=444|rare=0,PHASE3,444,,0,phase_indication_rare,3,77.5,102.0,132.0,150.0,True,2026-06-02T14:51:50+00:00,positive completed registry-derived facility-count proxy; percentiles used without winsorization,Deterministic S2 planned-sites benchmark based on number_of_facilities proxy; no site-count ML model.
site_benchmarks_v1,0a97519bd78f561a,phase_indication_rare|phase=PHASE3|indication=447|rare=0,PHASE3,447,,0,phase_indication_rare,2,31.75,33.5,35.25,36.3,True,2026-06-02T14:51:50+00:00,positive completed registry-derived facility-count proxy; percentiles used without winsorization,Deterministic S2 planned-sites benchmark based on number_of_facilities proxy; no site-count ML model.
site_benchmarks_v1,0a97519bd78f561a,phase_indication_rare|phase=PHASE3|indication=450|rare=0,PHASE3,450,,0,phase_indication_rare,14,17.5,68.5,125.0,151.7,True,2026-06-02T14:51:50+00:00,positive completed registry-derived facility-count proxy; percentiles used without winsorization,Deterministic S2 planned-sites benchmark based on number_of_facilities proxy; no site-count ML model.
site_benchmarks_v1,0a97519bd78f561a,phase_indication_rare|phase=PHASE3|indication=453|rare=0,PHASE3,453,,0,phase_indication_rare,3,20.5,22.0,103.5,152.4,True,2026-06-02T14:51:50+00:00,positive completed registry-derived facility-count proxy; percentiles used without winsorization,Deterministic S2 planned-sites benchmark based on number_of_facilities proxy; no site-count ML model.
site_benchmarks_v1,0a97519bd78f561a,phase_indication_rare|phase=PHASE3|indication=456|rare=0,PHASE3,456,,0,phase_indication_rare,22,43.75,82.5,146.5,199.9,True,2026-06-02T14:51:50+00:00,positive completed registry-derived facility-count proxy; percentiles used without winsorization,Deterministic S2 planned-sites benchmark based on number_of_facilities proxy; no site-count ML model.
site_benchmarks_v1,0a97519bd78f561a,phase_indication_rare|phase=PHASE3|indication=459|rare=0,PHASE3,459,,0,phase_indication_rare,34,77.75,111.5,154.5,206.4,True,2026-06-02T14:51:50+00:00,positive completed registry-derived facility-count proxy; percentiles used without winsorization,Deterministic S2 planned-sites benchmark based on number_of_facilities proxy; no site-count ML model.
site_benchmarks_v1,0a97519bd78f561a,phase_indication_rare|phase=PHASE3|indication=462|rare=0,PHASE3,462,,0,phase_indication_rare,40,4.75,17.0,23.25,31.4,True,2026-06-02T14:51:50+00:00,positive completed registry-derived facility-count proxy; percentiles used without winsorization,Deterministic S2 planned-sites benchmark based on number_of_facilities proxy; no site-count ML model.
site_benchmarks_v1,0a97519bd78f561a,phase_indication_rare|phase=PHASE3|indication=462|rare=1,PHASE3,462,,1,phase_indication_rare,1,49.0,49.0,49.0,49.0,True,2026-06-02T14:51:50+00:00,positive completed registry-derived facility-count proxy; percentiles used without winsorization,Deterministic S2 planned-sites benchmark based on number_of_facilities proxy; no site-count ML model.
site_benchmarks_v1,0a97519bd78f561a,phase_indication_rare|phase=PHASE3|indication=465|rare=0,PHASE3,465,,0,phase_indication_rare,28,74.75,103.5,198.25,271.9,True,2026-06-02T14:51:50+00:00,positive completed registry-derived facility-count proxy; percentiles used without winsorization,Deterministic S2 planned-sites benchmark based on number_of_facilities proxy; no site-count ML model.
site_benchmarks_v1,0a97519bd78f561a,phase_indication_rare|phase=PHASE3|indication=471|rare=0,PHASE3,471,,0,phase_indication_rare,14,110.0,171.5,199.75,250.5,True,2026-06-02T14:51:50+00:00,positive completed registry-derived facility-count proxy; percentiles used without winsorization,Deterministic S2 planned-sites benchmark based on number_of_facilities proxy; no site-count ML model.
site_benchmarks_v1,0a97519bd78f561a,phase_indication_rare|phase=PHASE3|indication=471|rare=1,PHASE3,471,,1,phase_indication_rare,1,251.0,251.0,251.0,251.0,True,2026-06-02T14:51:50+00:00,positive completed registry-derived facility-count proxy; percentiles used without winsorization,Deterministic S2 planned-sites benchmark based on number_of_facilities proxy; no site-count ML model.
site_benchmarks_v1,0a97519bd78f561a,phase_indication_rare|phase=PHASE3|indication=474|rare=0,PHASE3,474,,0,phase_indication_rare,15,52.0,141.0,199.0,227.2,True,2026-06-02T14:51:50+00:00,positive completed registry-derived facility-count proxy; percentiles used without winsorization,Deterministic S2 planned-sites benchmark based on number_of_facilities proxy; no site-count ML model.
site_benchmarks_v1,0a97519bd78f561a,phase_indication_rare|phase=PHASE3|indication=477|rare=0,PHASE3,477,,0,phase_indication_rare,12,12.5,56.5,94.75,130.9,True,2026-06-02T14:51:50+00:00,positive completed registry-derived facility-count proxy; percentiles used without winsorization,Deterministic S2 planned-sites benchmark based on number_of_facilities proxy; no site-count ML model.
site_benchmarks_v1,0a97519bd78f561a,phase_indication_rare|phase=PHASE3|indication=477|rare=1,PHASE3,477,,1,phase_indication_rare,2,32.25,40.5,48.75,53.7,True,2026-06-02T14:51:50+00:00,positive completed registry-derived facility-count proxy; percentiles used without winsorization,Deterministic S2 planned-sites benchmark based on number_of_facilities proxy; no site-count ML model.
site_benchmarks_v1,0a97519bd78f561a,phase_indication_rare|phase=PHASE3|indication=480|rare=0,PHASE3,480,,0,phase_indication_rare,5,24.0,61.0,81.0,125.4,True,2026-06-02T14:51:50+00:00,positive completed registry-derived facility-count proxy; percentiles used without winsorization,Deterministic S2 planned-sites benchmark based on number_of_facilities proxy; no site-count ML model.
site_benchmarks_v1,0a97519bd78f561a,phase_indication_rare|phase=PHASE3|indication=480|rare=1,PHASE3,480,,1,phase_indication_rare,1,66.0,66.0,66.0,66.0,True,2026-06-02T14:51:50+00:00,positive completed registry-derived facility-count proxy; percentiles used without winsorization,Deterministic S2 planned-sites benchmark based on number_of_facilities proxy; no site-count ML model.
site_benchmarks_v1,0a97519bd78f561a,phase_indication_rare|phase=PHASE3|indication=483|rare=0,PHASE3,483,,0,phase_indication_rare,1,49.0,49.0,49.0,49.0,True,2026-06-02T14:51:50+00:00,positive completed registry-derived facility-count proxy; percentiles used without winsorization,Deterministic S2 planned-sites benchmark based on number_of_facilities proxy; no site-count ML model.
site_benchmarks_v1,0a97519bd78f561a,phase_indication_rare|phase=PHASE3|indication=483|rare=1,PHASE3,483,,1,phase_indication_rare,1,29.0,29.0,29.0,29.0,True,2026-06-02T14:51:50+00:00,positive completed registry-derived facility-count proxy; percentiles used without winsorization,Deterministic S2 planned-sites benchmark based on number_of_facilities proxy; no site-count ML model.
site_benchmarks_v1,0a97519bd78f561a,phase_indication_rare|phase=PHASE3|indication=484|rare=0,PHASE3,484,,0,phase_indication_rare,1,35.0,35.0,35.0,35.0,True,2026-06-02T14:51:50+00:00,positive completed registry-derived facility-count proxy; percentiles used without winsorization,Deterministic S2 planned-sites benchmark based on number_of_facilities proxy; no site-count ML model.
site_benchmarks_v1,0a97519bd78f561a,phase_indication_rare|phase=PHASE3|indication=484|rare=1,PHASE3,484,,1,phase_indication_rare,1,215.0,215.0,215.0,215.0,True,2026-06-02T14:51:50+00:00,positive completed registry-derived facility-count proxy; percentiles used without winsorization,Deterministic S2 planned-sites benchmark based on number_of_facilities proxy; no site-count ML model.
site_benchmarks_v1,0a97519bd78f561a,phase_indication_rare|phase=PHASE3|indication=485|rare=0,PHASE3,485,,0,phase_indication_rare,48,26.5,65.5,153.5,191.2,True,2026-06-02T14:51:50+00:00,positive completed registry-derived facility-count proxy; percentiles used without winsorization,Deterministic S2 planned-sites benchmark based on number_of_facilities proxy; no site-count ML model.
site_benchmarks_v1,0a97519bd78f561a,phase_indication_rare|phase=PHASE3|indication=485|rare=1,PHASE3,485,,1,phase_indication_rare,11,38.5,58.0,118.0,151.0,True,2026-06-02T14:51:50+00:00,positive completed registry-derived facility-count proxy; percentiles used without winsorization,Deterministic S2 planned-sites benchmark based on number_of_facilities proxy; no site-count ML model.
site_benchmarks_v1,0a97519bd78f561a,phase_indication_rare|phase=PHASE3|indication=486|rare=0,PHASE3,486,,0,phase_indication_rare,40,51.5,111.5,171.5,235.6,True,2026-06-02T14:51:50+00:00,positive completed registry-derived facility-count proxy; percentiles used without winsorization,Deterministic S2 planned-sites benchmark based on number_of_facilities proxy; no site-count ML model.
site_benchmarks_v1,0a97519bd78f561a,phase_indication_rare|phase=PHASE3|indication=486|rare=1,PHASE3,486,,1,phase_indication_rare,1,27.0,27.0,27.0,27.0,True,2026-06-02T14:51:50+00:00,positive completed registry-derived facility-count proxy; percentiles used without winsorization,Deterministic S2 planned-sites benchmark based on number_of_facilities proxy; no site-count ML model.
site_benchmarks_v1,0a97519bd78f561a,phase_indication_rare|phase=PHASE3|indication=487|rare=0,PHASE3,487,,0,phase_indication_rare,61,40.0,95.0,133.0,208.0,False,2026-06-02T14:51:50+00:00,positive completed registry-derived facility-count proxy; percentiles used without winsorization,Deterministic S2 planned-sites benchmark based on number_of_facilities proxy; no site-count ML model.
site_benchmarks_v1,0a97519bd78f561a,phase_indication_rare|phase=PHASE3|indication=487|rare=1,PHASE3,487,,1,phase_indication_rare,6,31.75,41.0,58.5,74.0,True,2026-06-02T14:51:50+00:00,positive completed registry-derived facility-count proxy; percentiles used without winsorization,Deterministic S2 planned-sites benchmark based on number_of_facilities proxy; no site-count ML model.
site_benchmarks_v1,0a97519bd78f561a,phase_indication_rare|phase=PHASE3|indication=489|rare=0,PHASE3,489,,0,phase_indication_rare,65,2.0,16.0,64.0,93.8,False,2026-06-02T14:51:50+00:00,positive completed registry-derived facility-count proxy; percentiles used without winsorization,Deterministic S2 planned-sites benchmark based on number_of_facilities proxy; no site-count ML model.
site_benchmarks_v1,0a97519bd78f561a,phase_indication_rare|phase=PHASE3|indication=489|rare=1,PHASE3,489,,1,phase_indication_rare,14,22.75,37.0,53.0,68.2,True,2026-06-02T14:51:50+00:00,positive completed registry-derived facility-count proxy; percentiles used without winsorization,Deterministic S2 planned-sites benchmark based on number_of_facilities proxy; no site-count ML model.
site_benchmarks_v1,0a97519bd78f561a,phase_indication_rare|phase=PHASE3|indication=490|rare=0,PHASE3,490,,0,phase_indication_rare,22,4.5,37.5,76.25,110.9,True,2026-06-02T14:51:50+00:00,positive completed registry-derived facility-count proxy; percentiles used without winsorization,Deterministic S2 planned-sites benchmark based on number_of_facilities proxy; no site-count ML model.
site_benchmarks_v1,0a97519bd78f561a,phase_indication_rare|phase=PHASE3|indication=490|rare=1,PHASE3,490,,1,phase_indication_rare,18,35.0,63.0,84.0,189.5,True,2026-06-02T14:51:50+00:00,positive completed registry-derived facility-count proxy; percentiles used without winsorization,Deterministic S2 planned-sites benchmark based on number_of_facilities proxy; no site-count ML model.
site_benchmarks_v1,0a97519bd78f561a,phase_indication_rare|phase=PHASE3|indication=493|rare=0,PHASE3,493,,0,phase_indication_rare,104,14.5,52.5,243.0,828.1,False,2026-06-02T14:51:50+00:00,positive completed registry-derived facility-count proxy; percentiles used without winsorization,Deterministic S2 planned-sites benchmark based on number_of_facilities proxy; no site-count ML model.
site_benchmarks_v1,0a97519bd78f561a,phase_indication_rare|phase=PHASE3|indication=493|rare=1,PHASE3,493,,1,phase_indication_rare,1,181.0,181.0,181.0,181.0,True,2026-06-02T14:51:50+00:00,positive completed registry-derived facility-count proxy; percentiles used without winsorization,Deterministic S2 planned-sites benchmark based on number_of_facilities proxy; no site-count ML model.
site_benchmarks_v1,0a97519bd78f561a,phase_indication_rare|phase=PHASE3|indication=494|rare=0,PHASE3,494,,0,phase_indication_rare,35,5.0,18.0,76.0,271.0,True,2026-06-02T14:51:50+00:00,positive completed registry-derived facility-count proxy; percentiles used without winsorization,Deterministic S2 planned-sites benchmark based on number_of_facilities proxy; no site-count ML model.
site_benchmarks_v1,0a97519bd78f561a,phase_indication_rare|phase=PHASE3|indication=498|rare=0,PHASE3,498,,0,phase_indication_rare,59,1.0,26.0,104.5,180.8,False,2026-06-02T14:51:50+00:00,positive completed registry-derived facility-count proxy; percentiles used without winsorization,Deterministic S2 planned-sites benchmark based on number_of_facilities proxy; no site-count ML model.
site_benchmarks_v1,0a97519bd78f561a,phase_indication_rare|phase=PHASE3|indication=499|rare=0,PHASE3,499,,0,phase_indication_rare,7,6.5,21.0,75.5,137.6,True,2026-06-02T14:51:50+00:00,positive completed registry-derived facility-count proxy; percentiles used without winsorization,Deterministic S2 planned-sites benchmark based on number_of_facilities proxy; no site-count ML model.
site_benchmarks_v1,0a97519bd78f561a,phase_indication_rare|phase=PHASE3|indication=499|rare=1,PHASE3,499,,1,phase_indication_rare,5,20.0,61.0,80.0,94.4,True,2026-06-02T14:51:50+00:00,positive completed registry-derived facility-count proxy; percentiles used without winsorization,Deterministic S2 planned-sites benchmark based on number_of_facilities proxy; no site-count ML model.
site_benchmarks_v1,0a97519bd78f561a,phase_indication_rare|phase=PHASE3|indication=500|rare=0,PHASE3,500,,0,phase_indication_rare,13,44.0,164.0,228.0,324.4,True,2026-06-02T14:51:50+00:00,positive completed registry-derived facility-count proxy; percentiles used without winsorization,Deterministic S2 planned-sites benchmark based on number_of_facilities proxy; no site-count ML model.
site_benchmarks_v1,0a97519bd78f561a,phase_indication_rare|phase=PHASE3|indication=502|rare=0,PHASE3,502,,0,phase_indication_rare,14,14.75,42.5,82.0,430.6,True,2026-06-02T14:51:50+00:00,positive completed registry-derived facility-count proxy; percentiles used without winsorization,Deterministic S2 planned-sites benchmark based on number_of_facilities proxy; no site-count ML model.
site_benchmarks_v1,0a97519bd78f561a,phase_indication_rare|phase=PHASE3|indication=504|rare=0,PHASE3,504,,0,phase_indication_rare,2,12.75,19.5,26.25,30.3,True,2026-06-02T14:51:50+00:00,positive completed registry-derived facility-count proxy; percentiles used without winsorization,Deterministic S2 planned-sites benchmark based on number_of_facilities proxy; no site-count ML model.
site_benchmarks_v1,0a97519bd78f561a,phase_indication_rare|phase=PHASE3|indication=507|rare=0,PHASE3,507,,0,phase_indication_rare,229,1.0,13.0,49.0,141.2,False,2026-06-02T14:51:50+00:00,positive completed registry-derived facility-count proxy; percentiles used without winsorization,Deterministic S2 planned-sites benchmark based on number_of_facilities proxy; no site-count ML model.
site_benchmarks_v1,0a97519bd78f561a,phase_indication_rare|phase=PHASE3|indication=507|rare=1,PHASE3,507,,1,phase_indication_rare,14,15.5,36.0,45.0,63.5,True,2026-06-02T14:51:50+00:00,positive completed registry-derived facility-count proxy; percentiles used without winsorization,Deterministic S2 planned-sites benchmark based on number_of_facilities proxy; no site-count ML model.
site_benchmarks_v1,0a97519bd78f561a,phase_indication_rare|phase=PHASE3|indication=509|rare=0,PHASE3,509,,0,phase_indication_rare,196,27.0,62.5,130.5,239.5,False,2026-06-02T14:51:50+00:00,positive completed registry-derived facility-count proxy; percentiles used without winsorization,Deterministic S2 planned-sites benchmark based on number_of_facilities proxy; no site-count ML model.
site_benchmarks_v1,0a97519bd78f561a,phase_indication_rare|phase=PHASE3|indication=509|rare=1,PHASE3,509,,1,phase_indication_rare,1,18.0,18.0,18.0,18.0,True,2026-06-02T14:51:50+00:00,positive completed registry-derived facility-count proxy; percentiles used without winsorization,Deterministic S2 planned-sites benchmark based on number_of_facilities proxy; no site-count ML model.
site_benchmarks_v1,0a97519bd78f561a,phase_indication_rare|phase=PHASE3|indication=515|rare=0,PHASE3,515,,0,phase_indication_rare,198,10.0,54.5,124.5,230.6,False,2026-06-02T14:51:50+00:00,positive completed registry-derived facility-count proxy; percentiles used without winsorization,Deterministic S2 planned-sites benchmark based on number_of_facilities proxy; no site-count ML model.
site_benchmarks_v1,0a97519bd78f561a,phase_indication_rare|phase=PHASE3|indication=515|rare=1,PHASE3,515,,1,phase_indication_rare,1,46.0,46.0,46.0,46.0,True,2026-06-02T14:51:50+00:00,positive completed registry-derived facility-count proxy; percentiles used without winsorization,Deterministic S2 planned-sites benchmark based on number_of_facilities proxy; no site-count ML model.
site_benchmarks_v1,0a97519bd78f561a,phase_indication_rare|phase=PHASE3|indication=516|rare=0,PHASE3,516,,0,phase_indication_rare,13,25.0,98.0,121.0,297.8,True,2026-06-02T14:51:50+00:00,positive completed registry-derived facility-count proxy; percentiles used without winsorization,Deterministic S2 planned-sites benchmark based on number_of_facilities proxy; no site-count ML model.
site_benchmarks_v1,0a97519bd78f561a,phase_indication_rare|phase=PHASE3|indication=516|rare=1,PHASE3,516,,1,phase_indication_rare,6,21.5,62.5,154.5,184.0,True,2026-06-02T14:51:50+00:00,positive completed registry-derived facility-count proxy; percentiles used without winsorization,Deterministic S2 planned-sites benchmark based on number_of_facilities proxy; no site-count ML model.
site_benchmarks_v1,0a97519bd78f561a,phase_indication_rare|phase=PHASE3|indication=520|rare=0,PHASE3,520,,0,phase_indication_rare,138,2.0,25.5,56.5,91.3,False,2026-06-02T14:51:50+00:00,positive completed registry-derived facility-count proxy; percentiles used without winsorization,Deterministic S2 planned-sites benchmark based on number_of_facilities proxy; no site-count ML model.
site_benchmarks_v1,0a97519bd78f561a,phase_indication_rare|phase=PHASE3|indication=520|rare=1,PHASE3,520,,1,phase_indication_rare,15,23.5,40.0,80.5,99.6,True,2026-06-02T14:51:50+00:00,positive completed registry-derived facility-count proxy; percentiles used without winsorization,Deterministic S2 planned-sites benchmark based on number_of_facilities proxy; no site-count ML model.
site_benchmarks_v1,0a97519bd78f561a,phase_indication_rare|phase=PHASE3|indication=521|rare=0,PHASE3,521,,0,phase_indication_rare,171,16.5,34.0,66.5,104.0,False,2026-06-02T14:51:50+00:00,positive completed registry-derived facility-count proxy; percentiles used without winsorization,Deterministic S2 planned-sites benchmark based on number_of_facilities proxy; no site-count ML model.
site_benchmarks_v1,0a97519bd78f561a,phase_indication_rare|phase=PHASE3|indication=521|rare=1,PHASE3,521,,1,phase_indication_rare,9,8.0,31.0,59.0,119.6,True,2026-06-02T14:51:50+00:00,positive completed registry-derived facility-count proxy; percentiles used without winsorization,Deterministic S2 planned-sites benchmark based on number_of_facilities proxy; no site-count ML model.
site_benchmarks_v1,0a97519bd78f561a,phase_indication_rare|phase=PHASE3|indication=530|rare=0,PHASE3,530,,0,phase_indication_rare,12,2.5,7.0,15.25,23.5,True,2026-06-02T14:51:50+00:00,positive completed registry-derived facility-count proxy; percentiles used without winsorization,Deterministic S2 planned-sites benchmark based on number_of_facilities proxy; no site-count ML model.
site_benchmarks_v1,0a97519bd78f561a,phase_indication_rare|phase=PHASE3|indication=531|rare=0,PHASE3,531,,0,phase_indication_rare,2,6.75,12.5,18.25,21.7,True,2026-06-02T14:51:50+00:00,positive completed registry-derived facility-count proxy; percentiles used without winsorization,Deterministic S2 planned-sites benchmark based on number_of_facilities proxy; no site-count ML model.
site_benchmarks_v1,0a97519bd78f561a,phase_indication_rare|phase=PHASE3|indication=532|rare=0,PHASE3,532,,0,phase_indication_rare,100,26.5,85.0,226.75,372.7,False,2026-06-02T14:51:50+00:00,positive completed registry-derived facility-count proxy; percentiles used without winsorization,Deterministic S2 planned-sites benchmark based on number_of_facilities proxy; no site-count ML model.
site_benchmarks_v1,0a97519bd78f561a,phase_indication_rare|phase=PHASE3|indication=532|rare=1,PHASE3,532,,1,phase_indication_rare,2,8.5,16.0,23.5,28.0,True,2026-06-02T14:51:50+00:00,positive completed registry-derived facility-count proxy; percentiles used without winsorization,Deterministic S2 planned-sites benchmark based on number_of_facilities proxy; no site-count ML model.
site_benchmarks_v1,0a97519bd78f561a,phase_indication_rare|phase=PHASE3|indication=534|rare=0,PHASE3,534,,0,phase_indication_rare,1,13.0,13.0,13.0,13.0,True,2026-06-02T14:51:50+00:00,positive completed registry-derived facility-count proxy; percentiles used without winsorization,Deterministic S2 planned-sites benchmark based on number_of_facilities proxy; no site-count ML model.
site_benchmarks_v1,0a97519bd78f561a,phase_indication_rare|phase=PHASE3|indication=535|rare=1,PHASE3,535,,1,phase_indication_rare,2,7.5,8.0,8.5,8.8,True,2026-06-02T14:51:50+00:00,positive completed registry-derived facility-count proxy; percentiles used without winsorization,Deterministic S2 planned-sites benchmark based on number_of_facilities proxy; no site-count ML model.
site_benchmarks_v1,0a97519bd78f561a,phase_indication_rare|phase=PHASE3|indication=543|rare=0,PHASE3,543,,0,phase_indication_rare,59,11.0,54.0,98.0,143.6,False,2026-06-02T14:51:50+00:00,positive completed registry-derived facility-count proxy; percentiles used without winsorization,Deterministic S2 planned-sites benchmark based on number_of_facilities proxy; no site-count ML model.
site_benchmarks_v1,0a97519bd78f561a,phase_indication_rare|phase=PHASE3|indication=544|rare=0,PHASE3,544,,0,phase_indication_rare,67,14.5,31.0,67.0,83.4,False,2026-06-02T14:51:50+00:00,positive completed registry-derived facility-count proxy; percentiles used without winsorization,Deterministic S2 planned-sites benchmark based on number_of_facilities proxy; no site-count ML model.
site_benchmarks_v1,0a97519bd78f561a,phase_indication_rare|phase=PHASE3|indication=545|rare=0,PHASE3,545,,0,phase_indication_rare,56,14.75,43.5,74.5,119.0,False,2026-06-02T14:51:50+00:00,positive completed registry-derived facility-count proxy; percentiles used without winsorization,Deterministic S2 planned-sites benchmark based on number_of_facilities proxy; no site-count ML model.
site_benchmarks_v1,0a97519bd78f561a,phase_indication_rare|phase=PHASE3|indication=545|rare=1,PHASE3,545,,1,phase_indication_rare,15,26.0,38.0,66.5,71.6,True,2026-06-02T14:51:50+00:00,positive completed registry-derived facility-count proxy; percentiles used without winsorization,Deterministic S2 planned-sites benchmark based on number_of_facilities proxy; no site-count ML model.
site_benchmarks_v1,0a97519bd78f561a,phase_indication_rare|phase=PHASE3|indication=546|rare=0,PHASE3,546,,0,phase_indication_rare,78,19.0,54.0,161.25,197.4,False,2026-06-02T14:51:50+00:00,positive completed registry-derived facility-count proxy; percentiles used without winsorization,Deterministic S2 planned-sites benchmark based on number_of_facilities proxy; no site-count ML model.
site_benchmarks_v1,0a97519bd78f561a,phase_indication_rare|phase=PHASE3|indication=546|rare=1,PHASE3,546,,1,phase_indication_rare,3,153.5,277.0,288.0,294.6,True,2026-06-02T14:51:50+00:00,positive completed registry-derived facility-count proxy; percentiles used without winsorization,Deterministic S2 planned-sites benchmark based on number_of_facilities proxy; no site-count ML model.
site_benchmarks_v1,0a97519bd78f561a,phase_indication_rare|phase=PHASE3|indication=554|rare=0,PHASE3,554,,0,phase_indication_rare,5,15.0,16.0,29.0,39.2,True,2026-06-02T14:51:50+00:00,positive completed registry-derived facility-count proxy; percentiles used without winsorization,Deterministic S2 planned-sites benchmark based on number_of_facilities proxy; no site-count ML model.
site_benchmarks_v1,0a97519bd78f561a,phase_indication_rare|phase=PHASE3|indication=554|rare=1,PHASE3,554,,1,phase_indication_rare,16,13.0,39.0,56.5,81.5,True,2026-06-02T14:51:50+00:00,positive completed registry-derived facility-count proxy; percentiles used without winsorization,Deterministic S2 planned-sites benchmark based on number_of_facilities proxy; no site-count ML model.
site_benchmarks_v1,0a97519bd78f561a,phase_indication_rare|phase=PHASE3|indication=557|rare=0,PHASE3,557,,0,phase_indication_rare,146,4.0,21.0,40.0,76.5,False,2026-06-02T14:51:50+00:00,positive completed registry-derived facility-count proxy; percentiles used without winsorization,Deterministic S2 planned-sites benchmark based on number_of_facilities proxy; no site-count ML model.
site_benchmarks_v1,0a97519bd78f561a,phase_indication_rare|phase=PHASE3|indication=557|rare=1,PHASE3,557,,1,phase_indication_rare,83,10.5,28.0,52.0,73.8,False,2026-06-02T14:51:50+00:00,positive completed registry-derived facility-count proxy; percentiles used without winsorization,Deterministic S2 planned-sites benchmark based on number_of_facilities proxy; no site-count ML model.
site_benchmarks_v1,0a97519bd78f561a,phase_indication_rare|phase=PHASE3|indication=559|rare=0,PHASE3,559,,0,phase_indication_rare,116,16.0,45.5,85.25,120.5,False,2026-06-02T14:51:50+00:00,positive completed registry-derived facility-count proxy; percentiles used without winsorization,Deterministic S2 planned-sites benchmark based on number_of_facilities proxy; no site-count ML model.
site_benchmarks_v1,0a97519bd78f561a,phase_indication_rare|phase=PHASE3|indication=560|rare=0,PHASE3,560,,0,phase_indication_rare,8,7.0,23.5,42.75,57.9,True,2026-06-02T14:51:50+00:00,positive completed registry-derived facility-count proxy; percentiles used without winsorization,Deterministic S2 planned-sites benchmark based on number_of_facilities proxy; no site-count ML model.
site_benchmarks_v1,0a97519bd78f561a,phase_indication_rare|phase=PHASE3|indication=561|rare=0,PHASE3,561,,0,phase_indication_rare,26,9.5,18.0,28.0,36.0,True,2026-06-02T14:51:50+00:00,positive completed registry-derived facility-count proxy; percentiles used without winsorization,Deterministic S2 planned-sites benchmark based on number_of_facilities proxy; no site-count ML model.
site_benchmarks_v1,0a97519bd78f561a,phase_indication_rare|phase=PHASE3|indication=567|rare=0,PHASE3,567,,0,phase_indication_rare,131,30.0,49.0,72.5,112.0,False,2026-06-02T14:51:50+00:00,positive completed registry-derived facility-count proxy; percentiles used without winsorization,Deterministic S2 planned-sites benchmark based on number_of_facilities proxy; no site-count ML model.
site_benchmarks_v1,0a97519bd78f561a,phase_indication_rare|phase=PHASE3|indication=570|rare=0,PHASE3,570,,0,phase_indication_rare,37,24.0,48.0,74.0,106.2,True,2026-06-02T14:51:50+00:00,positive completed registry-derived facility-count proxy; percentiles used without winsorization,Deterministic S2 planned-sites benchmark based on number_of_facilities proxy; no site-count ML model.
site_benchmarks_v1,0a97519bd78f561a,phase_indication_rare|phase=PHASE3|indication=571|rare=0,PHASE3,571,,0,phase_indication_rare,18,1.0,15.5,28.5,41.8,True,2026-06-02T14:51:50+00:00,positive completed registry-derived facility-count proxy; percentiles used without winsorization,Deterministic S2 planned-sites benchmark based on number_of_facilities proxy; no site-count ML model.
site_benchmarks_v1,0a97519bd78f561a,phase_indication_rare|phase=PHASE3|indication=572|rare=0,PHASE3,572,,0,phase_indication_rare,6,50.0,51.5,56.0,73.0,True,2026-06-02T14:51:50+00:00,positive completed registry-derived facility-count proxy; percentiles used without winsorization,Deterministic S2 planned-sites benchmark based on number_of_facilities proxy; no site-count ML model.
site_benchmarks_v1,0a97519bd78f561a,phase_indication_rare|phase=PHASE3|indication=575|rare=0,PHASE3,575,,0,phase_indication_rare,12,5.0,18.0,28.75,35.5,True,2026-06-02T14:51:50+00:00,positive completed registry-derived facility-count proxy; percentiles used without winsorization,Deterministic S2 planned-sites benchmark based on number_of_facilities proxy; no site-count ML model.
site_benchmarks_v1,0a97519bd78f561a,phase_indication_rare|phase=PHASE3|indication=578|rare=0,PHASE3,578,,0,phase_indication_rare,65,4.0,24.0,43.0,62.4,False,2026-06-02T14:51:50+00:00,positive completed registry-derived facility-count proxy; percentiles used without winsorization,Deterministic S2 planned-sites benchmark based on number_of_facilities proxy; no site-count ML model.
site_benchmarks_v1,0a97519bd78f561a,phase_indication_rare|phase=PHASE3|indication=582|rare=1,PHASE3,582,,1,phase_indication_rare,2,19.75,22.5,25.25,26.9,True,2026-06-02T14:51:50+00:00,positive completed registry-derived facility-count proxy; percentiles used without winsorization,Deterministic S2 planned-sites benchmark based on number_of_facilities proxy; no site-count ML model.
site_benchmarks_v1,0a97519bd78f561a,phase_indication_rare|phase=PHASE3|indication=585|rare=0,PHASE3,585,,0,phase_indication_rare,12,8.25,15.5,77.0,87.5,True,2026-06-02T14:51:50+00:00,positive completed registry-derived facility-count proxy; percentiles used without winsorization,Deterministic S2 planned-sites benchmark based on number_of_facilities proxy; no site-count ML model.
site_benchmarks_v1,0a97519bd78f561a,phase_indication_rare|phase=PHASE3|indication=585|rare=1,PHASE3,585,,1,phase_indication_rare,1,24.0,24.0,24.0,24.0,True,2026-06-02T14:51:50+00:00,positive completed registry-derived facility-count proxy; percentiles used without winsorization,Deterministic S2 planned-sites benchmark based on number_of_facilities proxy; no site-count ML model.
site_benchmarks_v1,0a97519bd78f561a,phase_indication_rare|phase=PHASE3|indication=587|rare=0,PHASE3,587,,0,phase_indication_rare,605,14.0,50.0,105.0,172.6,False,2026-06-02T14:51:50+00:00,positive completed registry-derived facility-count proxy; percentiles used without winsorization,Deterministic S2 planned-sites benchmark based on number_of_facilities proxy; no site-count ML model.
site_benchmarks_v1,0a97519bd78f561a,phase_indication_rare|phase=PHASE3|indication=587|rare=1,PHASE3,587,,1,phase_indication_rare,1,41.0,41.0,41.0,41.0,True,2026-06-02T14:51:50+00:00,positive completed registry-derived facility-count proxy; percentiles used without winsorization,Deterministic S2 planned-sites benchmark based on number_of_facilities proxy; no site-count ML model.
site_benchmarks_v1,0a97519bd78f561a,phase_indication_rare|phase=PHASE3|indication=589|rare=0,PHASE3,589,,0,phase_indication_rare,176,7.75,31.0,62.25,151.0,False,2026-06-02T14:51:50+00:00,positive completed registry-derived facility-count proxy; percentiles used without winsorization,Deterministic S2 planned-sites benchmark based on number_of_facilities proxy; no site-count ML model.
site_benchmarks_v1,0a97519bd78f561a,phase_indication_rare|phase=PHASE3|indication=589|rare=1,PHASE3,589,,1,phase_indication_rare,8,74.5,151.0,195.25,227.2,True,2026-06-02T14:51:50+00:00,positive completed registry-derived facility-count proxy; percentiles used without winsorization,Deterministic S2 planned-sites benchmark based on number_of_facilities proxy; no site-count ML model.
site_benchmarks_v1,0a97519bd78f561a,phase_indication_rare|phase=PHASE3|indication=594|rare=0,PHASE3,594,,0,phase_indication_rare,161,5.0,22.0,48.0,86.0,False,2026-06-02T14:51:50+00:00,positive completed registry-derived facility-count proxy; percentiles used without winsorization,Deterministic S2 planned-sites benchmark based on number_of_facilities proxy; no site-count ML model.
site_benchmarks_v1,0a97519bd78f561a,phase_indication_rare|phase=PHASE3|indication=594|rare=1,PHASE3,594,,1,phase_indication_rare,5,20.0,34.0,118.0,173.2,True,2026-06-02T14:51:50+00:00,positive completed registry-derived facility-count proxy; percentiles used without winsorization,Deterministic S2 planned-sites benchmark based on number_of_facilities proxy; no site-count ML model.
site_benchmarks_v1,0a97519bd78f561a,phase_indication_rare|phase=PHASE3|indication=603|rare=0,PHASE3,603,,0,phase_indication_rare,167,6.0,27.0,64.0,102.8,False,2026-06-02T14:51:50+00:00,positive completed registry-derived facility-count proxy; percentiles used without winsorization,Deterministic S2 planned-sites benchmark based on number_of_facilities proxy; no site-count ML model.
site_benchmarks_v1,0a97519bd78f561a,phase_indication_rare|phase=PHASE3|indication=603|rare=1,PHASE3,603,,1,phase_indication_rare,1,20.0,20.0,20.0,20.0,True,2026-06-02T14:51:50+00:00,positive completed registry-derived facility-count proxy; percentiles used without winsorization,Deterministic S2 planned-sites benchmark based on number_of_facilities proxy; no site-count ML model.
site_benchmarks_v1,0a97519bd78f561a,phase_indication_rare|phase=PHASE3|indication=613|rare=0,PHASE3,613,,0,phase_indication_rare,2,21.25,33.5,45.75,53.1,True,2026-06-02T14:51:50+00:00,positive completed registry-derived facility-count proxy; percentiles used without winsorization,Deterministic S2 planned-sites benchmark based on number_of_facilities proxy; no site-count ML model.
site_benchmarks_v1,0a97519bd78f561a,phase_indication_rare|phase=PHASE3|indication=613|rare=1,PHASE3,613,,1,phase_indication_rare,36,8.75,33.0,53.25,72.0,True,2026-06-02T14:51:50+00:00,positive completed registry-derived facility-count proxy; percentiles used without winsorization,Deterministic S2 planned-sites benchmark based on number_of_facilities proxy; no site-count ML model.
site_benchmarks_v1,0a97519bd78f561a,phase_indication_rare|phase=PHASE3|indication=619|rare=0,PHASE3,619,,0,phase_indication_rare,214,5.0,27.5,60.0,134.4,False,2026-06-02T14:51:50+00:00,positive completed registry-derived facility-count proxy; percentiles used without winsorization,Deterministic S2 planned-sites benchmark based on number_of_facilities proxy; no site-count ML model.
site_benchmarks_v1,0a97519bd78f561a,phase_indication_rare|phase=PHASE3|indication=619|rare=1,PHASE3,619,,1,phase_indication_rare,426,9.0,20.0,43.0,70.5,False,2026-06-02T14:51:50+00:00,positive completed registry-derived facility-count proxy; percentiles used without winsorization,Deterministic S2 planned-sites benchmark based on number_of_facilities proxy; no site-count ML model.
site_benchmarks_v1,0a97519bd78f561a,phase_indication_rare|phase=PHASE3|indication=627|rare=0,PHASE3,627,,0,phase_indication_rare,186,8.25,44.5,126.5,185.0,False,2026-06-02T14:51:50+00:00,positive completed registry-derived facility-count proxy; percentiles used without winsorization,Deterministic S2 planned-sites benchmark based on number_of_facilities proxy; no site-count ML model.
site_benchmarks_v1,0a97519bd78f561a,phase_indication_rare|phase=PHASE3|indication=628|rare=0,PHASE3,628,,0,phase_indication_rare,103,7.5,22.0,43.0,92.6,False,2026-06-02T14:51:50+00:00,positive completed registry-derived facility-count proxy; percentiles used without winsorization,Deterministic S2 planned-sites benchmark based on number_of_facilities proxy; no site-count ML model.
site_benchmarks_v1,0a97519bd78f561a,phase_indication_rare|phase=PHASE3|indication=630|rare=0,PHASE3,630,,0,phase_indication_rare,56,1.0,18.0,57.0,80.5,False,2026-06-02T14:51:50+00:00,positive completed registry-derived facility-count proxy; percentiles used without winsorization,Deterministic S2 planned-sites benchmark based on number_of_facilities proxy; no site-count ML model.
site_benchmarks_v1,0a97519bd78f561a,phase_indication_rare|phase=PHASE3|indication=631|rare=0,PHASE3,631,,0,phase_indication_rare,1,1.0,1.0,1.0,1.0,True,2026-06-02T14:51:50+00:00,positive completed registry-derived facility-count proxy; percentiles used without winsorization,Deterministic S2 planned-sites benchmark based on number_of_facilities proxy; no site-count ML model.
site_benchmarks_v1,0a97519bd78f561a,phase_indication_rare|phase=PHASE3|indication=632|rare=0,PHASE3,632,,0,phase_indication_rare,32,22.75,58.5,112.0,190.3,True,2026-06-02T14:51:50+00:00,positive completed registry-derived facility-count proxy; percentiles used without winsorization,Deterministic S2 planned-sites benchmark based on number_of_facilities proxy; no site-count ML model.
site_benchmarks_v1,0a97519bd78f561a,phase_indication_rare|phase=PHASE3|indication=639|rare=0,PHASE3,639,,0,phase_indication_rare,246,5.0,23.5,52.75,100.5,False,2026-06-02T14:51:50+00:00,positive completed registry-derived facility-count proxy; percentiles used without winsorization,Deterministic S2 planned-sites benchmark based on number_of_facilities proxy; no site-count ML model.
site_benchmarks_v1,0a97519bd78f561a,phase_indication_rare|phase=PHASE3|indication=639|rare=1,PHASE3,639,,1,phase_indication_rare,40,15.5,39.0,55.5,76.3,True,2026-06-02T14:51:50+00:00,positive completed registry-derived facility-count proxy; percentiles used without winsorization,Deterministic S2 planned-sites benchmark based on number_of_facilities proxy; no site-count ML model.
site_benchmarks_v1,0a97519bd78f561a,phase_indication_rare|phase=PHASE3|indication=641|rare=0,PHASE3,641,,0,phase_indication_rare,1,29.0,29.0,29.0,29.0,True,2026-06-02T14:51:50+00:00,positive completed registry-derived facility-count proxy; percentiles used without winsorization,Deterministic S2 planned-sites benchmark based on number_of_facilities proxy; no site-count ML model.
site_benchmarks_v1,0a97519bd78f561a,phase_indication_rare|phase=PHASE3|indication=641|rare=1,PHASE3,641,,1,phase_indication_rare,15,13.5,27.0,30.5,36.8,True,2026-06-02T14:51:50+00:00,positive completed registry-derived facility-count proxy; percentiles used without winsorization,Deterministic S2 planned-sites benchmark based on number_of_facilities proxy; no site-count ML model.
site_benchmarks_v1,0a97519bd78f561a,phase_indication_rare|phase=PHASE3|indication=654|rare=0,PHASE3,654,,0,phase_indication_rare,123,11.0,53.0,93.0,163.8,False,2026-06-02T14:51:50+00:00,positive completed registry-derived facility-count proxy; percentiles used without winsorization,Deterministic S2 planned-sites benchmark based on number_of_facilities proxy; no site-count ML model.
site_benchmarks_v1,0a97519bd78f561a,phase_indication_rare|phase=PHASE3|indication=655|rare=0,PHASE3,655,,0,phase_indication_rare,200,10.75,30.5,68.25,105.6,False,2026-06-02T14:51:50+00:00,positive completed registry-derived facility-count proxy; percentiles used without winsorization,Deterministic S2 planned-sites benchmark based on number_of_facilities proxy; no site-count ML model.
site_benchmarks_v1,0a97519bd78f561a,phase_indication_rare|phase=PHASE3|indication=655|rare=1,PHASE3,655,,1,phase_indication_rare,4,9.75,11.0,25.25,49.1,True,2026-06-02T14:51:50+00:00,positive completed registry-derived facility-count proxy; percentiles used without winsorization,Deterministic S2 planned-sites benchmark based on number_of_facilities proxy; no site-count ML model.
site_benchmarks_v1,0a97519bd78f561a,phase_indication_rare|phase=PHASE3|indication=658|rare=0,PHASE3,658,,0,phase_indication_rare,11,5.0,7.0,7.5,13.0,True,2026-06-02T14:51:50+00:00,positive completed registry-derived facility-count proxy; percentiles used without winsorization,Deterministic S2 planned-sites benchmark based on number_of_facilities proxy; no site-count ML model.
site_benchmarks_v1,0a97519bd78f561a,phase_indication_rare|phase=PHASE3|indication=659|rare=0,PHASE3,659,,0,phase_indication_rare,31,5.5,11.0,23.5,32.0,True,2026-06-02T14:51:50+00:00,positive completed registry-derived facility-count proxy; percentiles used without winsorization,Deterministic S2 planned-sites benchmark based on number_of_facilities proxy; no site-count ML model.
site_benchmarks_v1,0a97519bd78f561a,phase_indication_rare|phase=PHASE3|indication=660|rare=0,PHASE3,660,,0,phase_indication_rare,15,6.5,24.0,35.0,41.6,True,2026-06-02T14:51:50+00:00,positive completed registry-derived facility-count proxy; percentiles used without winsorization,Deterministic S2 planned-sites benchmark based on number_of_facilities proxy; no site-count ML model.
site_benchmarks_v1,0a97519bd78f561a,phase_indication_rare|phase=PHASE3|indication=661|rare=0,PHASE3,661,,0,phase_indication_rare,74,9.25,24.0,44.0,56.7,False,2026-06-02T14:51:50+00:00,positive completed registry-derived facility-count proxy; percentiles used without winsorization,Deterministic S2 planned-sites benchmark based on number_of_facilities proxy; no site-count ML model.
site_benchmarks_v1,0a97519bd78f561a,phase_indication_rare|phase=PHASE3|indication=662|rare=0,PHASE3,662,,0,phase_indication_rare,14,1.25,22.0,44.25,69.3,True,2026-06-02T14:51:50+00:00,positive completed registry-derived facility-count proxy; percentiles used without winsorization,Deterministic S2 planned-sites benchmark based on number_of_facilities proxy; no site-count ML model.
site_benchmarks_v1,0a97519bd78f561a,phase_indication_rare|phase=PHASE3|indication=662|rare=1,PHASE3,662,,1,phase_indication_rare,1,144.0,144.0,144.0,144.0,True,2026-06-02T14:51:50+00:00,positive completed registry-derived facility-count proxy; percentiles used without winsorization,Deterministic S2 planned-sites benchmark based on number_of_facilities proxy; no site-count ML model.
site_benchmarks_v1,0a97519bd78f561a,phase_indication_rare|phase=PHASE3|indication=663|rare=0,PHASE3,663,,0,phase_indication_rare,14,17.25,43.5,57.0,73.1,True,2026-06-02T14:51:50+00:00,positive completed registry-derived facility-count proxy; percentiles used without winsorization,Deterministic S2 planned-sites benchmark based on number_of_facilities proxy; no site-count ML model.
site_benchmarks_v1,0a97519bd78f561a,phase_indication_rare|phase=PHASE3|indication=663|rare=1,PHASE3,663,,1,phase_indication_rare,1,100.0,100.0,100.0,100.0,True,2026-06-02T14:51:50+00:00,positive completed registry-derived facility-count proxy; percentiles used without winsorization,Deterministic S2 planned-sites benchmark based on number_of_facilities proxy; no site-count ML model.
site_benchmarks_v1,0a97519bd78f561a,phase_indication_rare|phase=PHASE3|indication=664|rare=0,PHASE3,664,,0,phase_indication_rare,17,13.0,35.0,73.0,137.6,True,2026-06-02T14:51:50+00:00,positive completed registry-derived facility-count proxy; percentiles used without winsorization,Deterministic S2 planned-sites benchmark based on number_of_facilities proxy; no site-count ML model.
site_benchmarks_v1,0a97519bd78f561a,phase_indication_rare|phase=PHASE3|indication=665|rare=0,PHASE3,665,,0,phase_indication_rare,4,19.75,29.0,38.5,41.2,True,2026-06-02T14:51:50+00:00,positive completed registry-derived facility-count proxy; percentiles used without winsorization,Deterministic S2 planned-sites benchmark based on number_of_facilities proxy; no site-count ML model.
site_benchmarks_v1,0a97519bd78f561a,phase_indication_rare|phase=PHASE3|indication=668|rare=0,PHASE3,668,,0,phase_indication_rare,165,1.0,10.0,29.0,49.2,False,2026-06-02T14:51:50+00:00,positive completed registry-derived facility-count proxy; percentiles used without winsorization,Deterministic S2 planned-sites benchmark based on number_of_facilities proxy; no site-count ML model.
site_benchmarks_v1,0a97519bd78f561a,phase_indication_rare|phase=PHASE3|indication=668|rare=1,PHASE3,668,,1,phase_indication_rare,12,2.75,13.0,77.0,107.6,True,2026-06-02T14:51:50+00:00,positive completed registry-derived facility-count proxy; percentiles used without winsorization,Deterministic S2 planned-sites benchmark based on number_of_facilities proxy; no site-count ML model.
site_benchmarks_v1,0a97519bd78f561a,phase_indication_rare|phase=PHASE3|indication=674|rare=0,PHASE3,674,,0,phase_indication_rare,2,1.5,2.0,2.5,2.8,True,2026-06-02T14:51:50+00:00,positive completed registry-derived facility-count proxy; percentiles used without winsorization,Deterministic S2 planned-sites benchmark based on number_of_facilities proxy; no site-count ML model.
site_benchmarks_v1,0a97519bd78f561a,phase_indication_rare|phase=PHASE3|indication=679|rare=0,PHASE3,679,,0,phase_indication_rare,201,1.0,5.0,22.0,45.0,False,2026-06-02T14:51:50+00:00,positive completed registry-derived facility-count proxy; percentiles used without winsorization,Deterministic S2 planned-sites benchmark based on number_of_facilities proxy; no site-count ML model.
site_benchmarks_v1,0a97519bd78f561a,phase_indication_rare|phase=PHASE3|indication=679|rare=1,PHASE3,679,,1,phase_indication_rare,12,11.5,30.0,45.25,55.9,True,2026-06-02T14:51:50+00:00,positive completed registry-derived facility-count proxy; percentiles used without winsorization,Deterministic S2 planned-sites benchmark based on number_of_facilities proxy; no site-count ML model.
site_benchmarks_v1,0a97519bd78f561a,phase_indication_rare|phase=PHASE3|indication=680|rare=0,PHASE3,680,,0,phase_indication_rare,105,1.0,1.0,2.0,6.0,False,2026-06-02T14:51:50+00:00,positive completed registry-derived facility-count proxy; percentiles used without winsorization,Deterministic S2 planned-sites benchmark based on number_of_facilities proxy; no site-count ML model.
site_benchmarks_v1,0a97519bd78f561a,phase_indication_rare|phase=PHASE3|indication=689|rare=0,PHASE3,689,,0,phase_indication_rare,1,1.0,1.0,1.0,1.0,True,2026-06-02T14:51:50+00:00,positive completed registry-derived facility-count proxy; percentiles used without winsorization,Deterministic S2 planned-sites benchmark based on number_of_facilities proxy; no site-count ML model.
site_benchmarks_v1,0a97519bd78f561a,phase_indication_rare|phase=PHASE3|indication=697|rare=0,PHASE3,697,,0,phase_indication_rare,2,35.75,54.5,73.25,84.5,True,2026-06-02T14:51:50+00:00,positive completed registry-derived facility-count proxy; percentiles used without winsorization,Deterministic S2 planned-sites benchmark based on number_of_facilities proxy; no site-count ML model.
site_benchmarks_v1,0a97519bd78f561a,phase_indication_rare|phase=PHASE3|indication=699|rare=0,PHASE3,699,,0,phase_indication_rare,5,9.0,10.0,29.0,33.2,True,2026-06-02T14:51:50+00:00,positive completed registry-derived facility-count proxy; percentiles used without winsorization,Deterministic S2 planned-sites benchmark based on number_of_facilities proxy; no site-count ML model.
site_benchmarks_v1,0a97519bd78f561a,phase_indication_rare|phase=PHASE3|indication=708|rare=0,PHASE3,708,,0,phase_indication_rare,27,1.5,10.0,25.5,41.2,True,2026-06-02T14:51:50+00:00,positive completed registry-derived facility-count proxy; percentiles used without winsorization,Deterministic S2 planned-sites benchmark based on number_of_facilities proxy; no site-count ML model.
site_benchmarks_v1,0a97519bd78f561a,phase_indication_rare|phase=PHASE3|indication=709|rare=0,PHASE3,709,,0,phase_indication_rare,1,16.0,16.0,16.0,16.0,True,2026-06-02T14:51:50+00:00,positive completed registry-derived facility-count proxy; percentiles used without winsorization,Deterministic S2 planned-sites benchmark based on number_of_facilities proxy; no site-count ML model.
site_benchmarks_v1,0a97519bd78f561a,phase_indication_rare|phase=PHASE3|indication=716|rare=0,PHASE3,716,,0,phase_indication_rare,9,10.0,11.0,14.0,44.8,True,2026-06-02T14:51:50+00:00,positive completed registry-derived facility-count proxy; percentiles used without winsorization,Deterministic S2 planned-sites benchmark based on number_of_facilities proxy; no site-count ML model.
site_benchmarks_v1,0a97519bd78f561a,phase_indication_rare|phase=PHASE3|indication=842|rare=0,PHASE3,842,,0,phase_indication_rare,1,4.0,4.0,4.0,4.0,True,2026-06-02T14:51:50+00:00,positive completed registry-derived facility-count proxy; percentiles used without winsorization,Deterministic S2 planned-sites benchmark based on number_of_facilities proxy; no site-count ML model.
site_benchmarks_v1,0a97519bd78f561a,phase_indication_rare|phase=PHASE3|indication=843|rare=0,PHASE3,843,,0,phase_indication_rare,4,5.25,6.0,6.25,6.7,True,2026-06-02T14:51:50+00:00,positive completed registry-derived facility-count proxy; percentiles used without winsorization,Deterministic S2 planned-sites benchmark based on number_of_facilities proxy; no site-count ML model.
site_benchmarks_v1,0a97519bd78f561a,phase_indication_rare|phase=PHASE3|indication=843|rare=1,PHASE3,843,,1,phase_indication_rare,1,1.0,1.0,1.0,1.0,True,2026-06-02T14:51:50+00:00,positive completed registry-derived facility-count proxy; percentiles used without winsorization,Deterministic S2 planned-sites benchmark based on number_of_facilities proxy; no site-count ML model.
site_benchmarks_v1,0a97519bd78f561a,phase_indication_rare|phase=PHASE3|indication=958|rare=0,PHASE3,958,,0,phase_indication_rare,2,1.5,2.0,2.5,2.8,True,2026-06-02T14:51:50+00:00,positive completed registry-derived facility-count proxy; percentiles used without winsorization,Deterministic S2 planned-sites benchmark based on number_of_facilities proxy; no site-count ML model.
site_benchmarks_v1,0a97519bd78f561a,phase_indication_rare|phase=PHASE3|indication=972|rare=0,PHASE3,972,,0,phase_indication_rare,88,31.0,50.0,95.0,131.7,False,2026-06-02T14:51:50+00:00,positive completed registry-derived facility-count proxy; percentiles used without winsorization,Deterministic S2 planned-sites benchmark based on number_of_facilities proxy; no site-count ML model.
site_benchmarks_v1,0a97519bd78f561a,phase_indication_rare|phase=PHASE3|indication=980|rare=0,PHASE3,980,,0,phase_indication_rare,38,1.0,40.0,61.0,91.0,True,2026-06-02T14:51:50+00:00,positive completed registry-derived facility-count proxy; percentiles used without winsorization,Deterministic S2 planned-sites benchmark based on number_of_facilities proxy; no site-count ML model.
site_benchmarks_v1,0a97519bd78f561a,phase_indication_rare|phase=PHASE3|indication=981|rare=0,PHASE3,981,,0,phase_indication_rare,224,1.0,17.5,61.75,118.0,False,2026-06-02T14:51:50+00:00,positive completed registry-derived facility-count proxy; percentiles used without winsorization,Deterministic S2 planned-sites benchmark based on number_of_facilities proxy; no site-count ML model.
site_benchmarks_v1,0a97519bd78f561a,phase_indication_rare|phase=PHASE3|indication=981|rare=1,PHASE3,981,,1,phase_indication_rare,8,7.75,23.5,34.75,58.3,True,2026-06-02T14:51:50+00:00,positive completed registry-derived facility-count proxy; percentiles used without winsorization,Deterministic S2 planned-sites benchmark based on number_of_facilities proxy; no site-count ML model.
site_benchmarks_v1,0a97519bd78f561a,phase_indication_rare|phase=PHASE3|indication=992|rare=0,PHASE3,992,,0,phase_indication_rare,99,1.0,11.0,49.5,81.0,False,2026-06-02T14:51:50+00:00,positive completed registry-derived facility-count proxy; percentiles used without winsorization,Deterministic S2 planned-sites benchmark based on number_of_facilities proxy; no site-count ML model.
site_benchmarks_v1,0a97519bd78f561a,phase_indication_rare|phase=PHASE3|indication=992|rare=1,PHASE3,992,,1,phase_indication_rare,4,28.75,47.0,65.75,83.3,True,2026-06-02T14:51:50+00:00,positive completed registry-derived facility-count proxy; percentiles used without winsorization,Deterministic S2 planned-sites benchmark based on number_of_facilities proxy; no site-count ML model.
site_benchmarks_v1,0a97519bd78f561a,phase_indication_rare|phase=PHASE3|indication=1004|rare=0,PHASE3,1004,,0,phase_indication_rare,28,11.75,57.5,96.0,153.6,True,2026-06-02T14:51:50+00:00,positive completed registry-derived facility-count proxy; percentiles used without winsorization,Deterministic S2 planned-sites benchmark based on number_of_facilities proxy; no site-count ML model.
site_benchmarks_v1,0a97519bd78f561a,phase_indication_rare|phase=PHASE3|indication=1004|rare=1,PHASE3,1004,,1,phase_indication_rare,12,31.5,39.5,91.75,164.2,True,2026-06-02T14:51:50+00:00,positive completed registry-derived facility-count proxy; percentiles used without winsorization,Deterministic S2 planned-sites benchmark based on number_of_facilities proxy; no site-count ML model.
site_benchmarks_v1,0a97519bd78f561a,phase_indication_rare|phase=PHASE3|indication=1008|rare=0,PHASE3,1008,,0,phase_indication_rare,4,16.75,24.5,30.25,30.7,True,2026-06-02T14:51:50+00:00,positive completed registry-derived facility-count proxy; percentiles used without winsorization,Deterministic S2 planned-sites benchmark based on number_of_facilities proxy; no site-count ML model.
site_benchmarks_v1,0a97519bd78f561a,phase_indication_rare|phase=PHASE3|indication=1008|rare=1,PHASE3,1008,,1,phase_indication_rare,1,18.0,18.0,18.0,18.0,True,2026-06-02T14:51:50+00:00,positive completed registry-derived facility-count proxy; percentiles used without winsorization,Deterministic S2 planned-sites benchmark based on number_of_facilities proxy; no site-count ML model.
site_benchmarks_v1,0a97519bd78f561a,phase_indication_rare|phase=PHASE3|indication=1011|rare=0,PHASE3,1011,,0,phase_indication_rare,4,86.0,116.5,129.5,148.4,True,2026-06-02T14:51:50+00:00,positive completed registry-derived facility-count proxy; percentiles used without winsorization,Deterministic S2 planned-sites benchmark based on number_of_facilities proxy; no site-count ML model.
site_benchmarks_v1,0a97519bd78f561a,phase_indication_rare|phase=PHASE3|indication=1011|rare=1,PHASE3,1011,,1,phase_indication_rare,4,51.75,65.0,77.5,83.8,True,2026-06-02T14:51:50+00:00,positive completed registry-derived facility-count proxy; percentiles used without winsorization,Deterministic S2 planned-sites benchmark based on number_of_facilities proxy; no site-count ML model.
site_benchmarks_v1,0a97519bd78f561a,phase_indication_rare|phase=PHASE3|indication=1048|rare=0,PHASE3,1048,,0,phase_indication_rare,130,2.0,14.5,44.0,100.3,False,2026-06-02T14:51:50+00:00,positive completed registry-derived facility-count proxy; percentiles used without winsorization,Deterministic S2 planned-sites benchmark based on number_of_facilities proxy; no site-count ML model.
site_benchmarks_v1,0a97519bd78f561a,phase_indication_rare|phase=PHASE3|indication=1048|rare=1,PHASE3,1048,,1,phase_indication_rare,1,50.0,50.0,50.0,50.0,True,2026-06-02T14:51:50+00:00,positive completed registry-derived facility-count proxy; percentiles used without winsorization,Deterministic S2 planned-sites benchmark based on number_of_facilities proxy; no site-count ML model.
site_benchmarks_v1,0a97519bd78f561a,phase_indication_rare|phase=PHASE3|indication=1161|rare=0,PHASE3,1161,,0,phase_indication_rare,116,3.0,19.0,76.75,134.5,False,2026-06-02T14:51:50+00:00,positive completed registry-derived facility-count proxy; percentiles used without winsorization,Deterministic S2 planned-sites benchmark based on number_of_facilities proxy; no site-count ML model.
site_benchmarks_v1,0a97519bd78f561a,phase_indication_rare|phase=PHASE3|indication=1161|rare=1,PHASE3,1161,,1,phase_indication_rare,31,7.0,23.0,43.0,63.0,True,2026-06-02T14:51:50+00:00,positive completed registry-derived facility-count proxy; percentiles used without winsorization,Deterministic S2 planned-sites benchmark based on number_of_facilities proxy; no site-count ML model.
site_benchmarks_v1,0a97519bd78f561a,phase_only|phase=PHASE1/PHASE2,PHASE1/PHASE2,,,,phase_only,1891,1.0,5.0,14.0,27.0,False,2026-06-02T14:51:50+00:00,positive completed registry-derived facility-count proxy; percentiles used without winsorization,Deterministic S2 planned-sites benchmark based on number_of_facilities proxy; no site-count ML model.
site_benchmarks_v1,0a97519bd78f561a,phase_only|phase=PHASE2,PHASE2,,,,phase_only,8814,2.0,11.0,29.0,57.0,False,2026-06-02T14:51:50+00:00,positive completed registry-derived facility-count proxy; percentiles used without winsorization,Deterministic S2 planned-sites benchmark based on number_of_facilities proxy; no site-count ML model.
site_benchmarks_v1,0a97519bd78f561a,phase_only|phase=PHASE2/PHASE3,PHASE2/PHASE3,,,,phase_only,500,3.0,14.0,43.25,81.1,False,2026-06-02T14:51:50+00:00,positive completed registry-derived facility-count proxy; percentiles used without winsorization,Deterministic S2 planned-sites benchmark based on number_of_facilities proxy; no site-count ML model.
site_benchmarks_v1,0a97519bd78f561a,phase_only|phase=PHASE3,PHASE3,,,,phase_only,8675,6.0,28.0,72.0,140.0,False,2026-06-02T14:51:50+00:00,positive completed registry-derived facility-count proxy; percentiles used without winsorization,Deterministic S2 planned-sites benchmark based on number_of_facilities proxy; no site-count ML model.
site_benchmarks_v1,0a97519bd78f561a,phase_ta|phase=PHASE1/PHASE2|ta=CARDIOVASCULAR,PHASE1/PHASE2,,CARDIOVASCULAR,,phase_ta,49,1.0,2.0,6.0,17.6,True,2026-06-02T14:51:50+00:00,positive completed registry-derived facility-count proxy; percentiles used without winsorization,Deterministic S2 planned-sites benchmark based on number_of_facilities proxy; no site-count ML model.
site_benchmarks_v1,0a97519bd78f561a,phase_ta|phase=PHASE1/PHASE2|ta=DENTAL,PHASE1/PHASE2,,DENTAL,,phase_ta,5,1.0,1.0,3.0,3.6,True,2026-06-02T14:51:50+00:00,positive completed registry-derived facility-count proxy; percentiles used without winsorization,Deterministic S2 planned-sites benchmark based on number_of_facilities proxy; no site-count ML model.
site_benchmarks_v1,0a97519bd78f561a,phase_ta|phase=PHASE1/PHASE2|ta=DERMATOLOGY,PHASE1/PHASE2,,DERMATOLOGY,,phase_ta,102,1.0,2.0,6.0,14.0,False,2026-06-02T14:51:50+00:00,positive completed registry-derived facility-count proxy; percentiles used without winsorization,Deterministic S2 planned-sites benchmark based on number_of_facilities proxy; no site-count ML model.
site_benchmarks_v1,0a97519bd78f561a,phase_ta|phase=PHASE1/PHASE2|ta=EAR/NOSE/THROAT,PHASE1/PHASE2,,EAR/NOSE/THROAT,,phase_ta,9,4.0,5.0,8.0,9.6,True,2026-06-02T14:51:50+00:00,positive completed registry-derived facility-count proxy; percentiles used without winsorization,Deterministic S2 planned-sites benchmark based on number_of_facilities proxy; no site-count ML model.
site_benchmarks_v1,0a97519bd78f561a,phase_ta|phase=PHASE1/PHASE2|ta=GASTROINTESTINAL,PHASE1/PHASE2,,GASTROINTESTINAL,,phase_ta,66,1.0,1.5,6.0,14.0,False,2026-06-02T14:51:50+00:00,positive completed registry-derived facility-count proxy; percentiles used without winsorization,Deterministic S2 planned-sites benchmark based on number_of_facilities proxy; no site-count ML model.
site_benchmarks_v1,0a97519bd78f561a,phase_ta|phase=PHASE1/PHASE2|ta=GENETIC,PHASE1/PHASE2,,GENETIC,,phase_ta,58,2.0,4.0,7.75,14.3,False,2026-06-02T14:51:50+00:00,positive completed registry-derived facility-count proxy; percentiles used without winsorization,Deterministic S2 planned-sites benchmark based on number_of_facilities proxy; no site-count ML model.
site_benchmarks_v1,0a97519bd78f561a,phase_ta|phase=PHASE1/PHASE2|ta=HEMATOLOGY,PHASE1/PHASE2,,HEMATOLOGY,,phase_ta,85,4.0,7.0,14.0,22.6,False,2026-06-02T14:51:50+00:00,positive completed registry-derived facility-count proxy; percentiles used without winsorization,Deterministic S2 planned-sites benchmark based on number_of_facilities proxy; no site-count ML model.
site_benchmarks_v1,0a97519bd78f561a,phase_ta|phase=PHASE1/PHASE2|ta=IMMUNOLOGY,PHASE1/PHASE2,,IMMUNOLOGY,,phase_ta,23,6.5,12.0,17.5,21.6,True,2026-06-02T14:51:50+00:00,positive completed registry-derived facility-count proxy; percentiles used without winsorization,Deterministic S2 planned-sites benchmark based on number_of_facilities proxy; no site-count ML model.
site_benchmarks_v1,0a97519bd78f561a,phase_ta|phase=PHASE1/PHASE2|ta=INFECTIONS,PHASE1/PHASE2,,INFECTIONS,,phase_ta,232,1.0,3.0,11.25,25.0,False,2026-06-02T14:51:50+00:00,positive completed registry-derived facility-count proxy; percentiles used without winsorization,Deterministic S2 planned-sites benchmark based on number_of_facilities proxy; no site-count ML model.
site_benchmarks_v1,0a97519bd78f561a,phase_ta|phase=PHASE1/PHASE2|ta=METABOLIC,PHASE1/PHASE2,,METABOLIC,,phase_ta,65,1.0,2.0,6.0,12.8,False,2026-06-02T14:51:50+00:00,positive completed registry-derived facility-count proxy; percentiles used without winsorization,Deterministic S2 planned-sites benchmark based on number_of_facilities proxy; no site-count ML model.
site_benchmarks_v1,0a97519bd78f561a,phase_ta|phase=PHASE1/PHASE2|ta=MUSCULOSKELETAL,PHASE1/PHASE2,,MUSCULOSKELETAL,,phase_ta,88,1.0,3.0,6.0,12.3,False,2026-06-02T14:51:50+00:00,positive completed registry-derived facility-count proxy; percentiles used without winsorization,Deterministic S2 planned-sites benchmark based on number_of_facilities proxy; no site-count ML model.
site_benchmarks_v1,0a97519bd78f561a,phase_ta|phase=PHASE1/PHASE2|ta=NEUROLOGY,PHASE1/PHASE2,,NEUROLOGY,,phase_ta,85,1.0,2.0,6.0,14.0,False,2026-06-02T14:51:50+00:00,positive completed registry-derived facility-count proxy; percentiles used without winsorization,Deterministic S2 planned-sites benchmark based on number_of_facilities proxy; no site-count ML model.
site_benchmarks_v1,0a97519bd78f561a,phase_ta|phase=PHASE1/PHASE2|ta=ONCOLOGY,PHASE1/PHASE2,,ONCOLOGY,,phase_ta,754,4.0,10.0,21.75,39.7,False,2026-06-02T14:51:50+00:00,positive completed registry-derived facility-count proxy; percentiles used without winsorization,Deterministic S2 planned-sites benchmark based on number_of_facilities proxy; no site-count ML model.
site_benchmarks_v1,0a97519bd78f561a,phase_ta|phase=PHASE1/PHASE2|ta=OPHTHALMOLOGY,PHASE1/PHASE2,,OPHTHALMOLOGY,,phase_ta,110,1.0,3.0,8.0,19.0,False,2026-06-02T14:51:50+00:00,positive completed registry-derived facility-count proxy; percentiles used without winsorization,Deterministic S2 planned-sites benchmark based on number_of_facilities proxy; no site-count ML model.
site_benchmarks_v1,0a97519bd78f561a,phase_ta|phase=PHASE1/PHASE2|ta=PSYCHIATRY,PHASE1/PHASE2,,PSYCHIATRY,,phase_ta,36,1.0,1.5,2.25,6.0,True,2026-06-02T14:51:50+00:00,positive completed registry-derived facility-count proxy; percentiles used without winsorization,Deterministic S2 planned-sites benchmark based on number_of_facilities proxy; no site-count ML model.
site_benchmarks_v1,0a97519bd78f561a,phase_ta|phase=PHASE1/PHASE2|ta=RENAL/UROLOGY,PHASE1/PHASE2,,RENAL/UROLOGY,,phase_ta,45,1.0,3.0,9.0,15.0,True,2026-06-02T14:51:50+00:00,positive completed registry-derived facility-count proxy; percentiles used without winsorization,Deterministic S2 planned-sites benchmark based on number_of_facilities proxy; no site-count ML model.
site_benchmarks_v1,0a97519bd78f561a,phase_ta|phase=PHASE1/PHASE2|ta=REPRODUCTIVE,PHASE1/PHASE2,,REPRODUCTIVE,,phase_ta,16,1.0,1.0,1.25,2.5,True,2026-06-02T14:51:50+00:00,positive completed registry-derived facility-count proxy; percentiles used without winsorization,Deterministic S2 planned-sites benchmark based on number_of_facilities proxy; no site-count ML model.
site_benchmarks_v1,0a97519bd78f561a,phase_ta|phase=PHASE1/PHASE2|ta=RESPIRATORY,PHASE1/PHASE2,,RESPIRATORY,,phase_ta,62,1.0,3.0,8.0,26.4,False,2026-06-02T14:51:50+00:00,positive completed registry-derived facility-count proxy; percentiles used without winsorization,Deterministic S2 planned-sites benchmark based on number_of_facilities proxy; no site-count ML model.
site_benchmarks_v1,0a97519bd78f561a,phase_ta|phase=PHASE1/PHASE2|ta=UNCLASSIFIED,PHASE1/PHASE2,,UNCLASSIFIED,,phase_ta,1,1.0,1.0,1.0,1.0,True,2026-06-02T14:51:50+00:00,positive completed registry-derived facility-count proxy; percentiles used without winsorization,Deterministic S2 planned-sites benchmark based on number_of_facilities proxy; no site-count ML model.
site_benchmarks_v1,0a97519bd78f561a,phase_ta|phase=PHASE2|ta=CARDIOVASCULAR,PHASE2,,CARDIOVASCULAR,,phase_ta,435,4.0,13.0,35.0,75.0,False,2026-06-02T14:51:50+00:00,positive completed registry-derived facility-count proxy; percentiles used without winsorization,Deterministic S2 planned-sites benchmark based on number_of_facilities proxy; no site-count ML model.
site_benchmarks_v1,0a97519bd78f561a,phase_ta|phase=PHASE2|ta=DENTAL,PHASE2,,DENTAL,,phase_ta,82,1.0,1.0,1.0,3.0,False,2026-06-02T14:51:50+00:00,positive completed registry-derived facility-count proxy; percentiles used without winsorization,Deterministic S2 planned-sites benchmark based on number_of_facilities proxy; no site-count ML model.
site_benchmarks_v1,0a97519bd78f561a,phase_ta|phase=PHASE2|ta=DERMATOLOGY,PHASE2,,DERMATOLOGY,,phase_ta,843,2.0,8.0,20.0,41.0,False,2026-06-02T14:51:50+00:00,positive completed registry-derived facility-count proxy; percentiles used without winsorization,Deterministic S2 planned-sites benchmark based on number_of_facilities proxy; no site-count ML model.
site_benchmarks_v1,0a97519bd78f561a,phase_ta|phase=PHASE2|ta=EAR/NOSE/THROAT,PHASE2,,EAR/NOSE/THROAT,,phase_ta,49,1.0,3.0,13.0,16.4,True,2026-06-02T14:51:50+00:00,positive completed registry-derived facility-count proxy; percentiles used without winsorization,Deterministic S2 planned-sites benchmark based on number_of_facilities proxy; no site-count ML model.
site_benchmarks_v1,0a97519bd78f561a,phase_ta|phase=PHASE2|ta=GASTROINTESTINAL,PHASE2,,GASTROINTESTINAL,,phase_ta,741,3.0,16.0,39.0,80.0,False,2026-06-02T14:51:50+00:00,positive completed registry-derived facility-count proxy; percentiles used without winsorization,Deterministic S2 planned-sites benchmark based on number_of_facilities proxy; no site-count ML model.
site_benchmarks_v1,0a97519bd78f561a,phase_ta|phase=PHASE2|ta=GENETIC,PHASE2,,GENETIC,,phase_ta,122,4.0,7.5,15.0,27.9,False,2026-06-02T14:51:50+00:00,positive completed registry-derived facility-count proxy; percentiles used without winsorization,Deterministic S2 planned-sites benchmark based on number_of_facilities proxy; no site-count ML model.
site_benchmarks_v1,0a97519bd78f561a,phase_ta|phase=PHASE2|ta=HEMATOLOGY,PHASE2,,HEMATOLOGY,,phase_ta,214,5.0,12.0,22.0,41.4,False,2026-06-02T14:51:50+00:00,positive completed registry-derived facility-count proxy; percentiles used without winsorization,Deterministic S2 planned-sites benchmark based on number_of_facilities proxy; no site-count ML model.
site_benchmarks_v1,0a97519bd78f561a,phase_ta|phase=PHASE2|ta=IMMUNOLOGY,PHASE2,,IMMUNOLOGY,,phase_ta,136,6.75,18.5,50.0,109.5,False,2026-06-02T14:51:50+00:00,positive completed registry-derived facility-count proxy; percentiles used without winsorization,Deterministic S2 planned-sites benchmark based on number_of_facilities proxy; no site-count ML model.
site_benchmarks_v1,0a97519bd78f561a,phase_ta|phase=PHASE2|ta=INFECTIONS,PHASE2,,INFECTIONS,,phase_ta,851,1.0,6.0,16.0,35.0,False,2026-06-02T14:51:50+00:00,positive completed registry-derived facility-count proxy; percentiles used without winsorization,Deterministic S2 planned-sites benchmark based on number_of_facilities proxy; no site-count ML model.
site_benchmarks_v1,0a97519bd78f561a,phase_ta|phase=PHASE2|ta=METABOLIC,PHASE2,,METABOLIC,,phase_ta,554,1.0,10.0,30.0,59.0,False,2026-06-02T14:51:50+00:00,positive completed registry-derived facility-count proxy; percentiles used without winsorization,Deterministic S2 planned-sites benchmark based on number_of_facilities proxy; no site-count ML model.
site_benchmarks_v1,0a97519bd78f561a,phase_ta|phase=PHASE2|ta=MUSCULOSKELETAL,PHASE2,,MUSCULOSKELETAL,,phase_ta,541,3.0,12.0,32.0,55.0,False,2026-06-02T14:51:50+00:00,positive completed registry-derived facility-count proxy; percentiles used without winsorization,Deterministic S2 planned-sites benchmark based on number_of_facilities proxy; no site-count ML model.
site_benchmarks_v1,0a97519bd78f561a,phase_ta|phase=PHASE2|ta=NEUROLOGY,PHASE2,,NEUROLOGY,,phase_ta,713,3.0,12.0,30.0,54.0,False,2026-06-02T14:51:50+00:00,positive completed registry-derived facility-count proxy; percentiles used without winsorization,Deterministic S2 planned-sites benchmark based on number_of_facilities proxy; no site-count ML model.
site_benchmarks_v1,0a97519bd78f561a,phase_ta|phase=PHASE2|ta=ONCOLOGY,PHASE2,,ONCOLOGY,,phase_ta,1533,6.0,16.0,36.0,63.0,False,2026-06-02T14:51:50+00:00,positive completed registry-derived facility-count proxy; percentiles used without winsorization,Deterministic S2 planned-sites benchmark based on number_of_facilities proxy; no site-count ML model.
site_benchmarks_v1,0a97519bd78f561a,phase_ta|phase=PHASE2|ta=OPHTHALMOLOGY,PHASE2,,OPHTHALMOLOGY,,phase_ta,446,1.0,5.5,15.0,34.0,False,2026-06-02T14:51:50+00:00,positive completed registry-derived facility-count proxy; percentiles used without winsorization,Deterministic S2 planned-sites benchmark based on number_of_facilities proxy; no site-count ML model.
site_benchmarks_v1,0a97519bd78f561a,phase_ta|phase=PHASE2|ta=PSYCHIATRY,PHASE2,,PSYCHIATRY,,phase_ta,357,3.0,15.0,31.0,53.4,False,2026-06-02T14:51:50+00:00,positive completed registry-derived facility-count proxy; percentiles used without winsorization,Deterministic S2 planned-sites benchmark based on number_of_facilities proxy; no site-count ML model.
site_benchmarks_v1,0a97519bd78f561a,phase_ta|phase=PHASE2|ta=RENAL/UROLOGY,PHASE2,,RENAL/UROLOGY,,phase_ta,358,4.0,16.0,37.0,64.2,False,2026-06-02T14:51:50+00:00,positive completed registry-derived facility-count proxy; percentiles used without winsorization,Deterministic S2 planned-sites benchmark based on number_of_facilities proxy; no site-count ML model.
site_benchmarks_v1,0a97519bd78f561a,phase_ta|phase=PHASE2|ta=REPRODUCTIVE,PHASE2,,REPRODUCTIVE,,phase_ta,141,1.0,8.0,23.0,53.0,False,2026-06-02T14:51:50+00:00,positive completed registry-derived facility-count proxy; percentiles used without winsorization,Deterministic S2 planned-sites benchmark based on number_of_facilities proxy; no site-count ML model.
site_benchmarks_v1,0a97519bd78f561a,phase_ta|phase=PHASE2|ta=RESPIRATORY,PHASE2,,RESPIRATORY,,phase_ta,667,2.0,9.0,29.5,70.0,False,2026-06-02T14:51:50+00:00,positive completed registry-derived facility-count proxy; percentiles used without winsorization,Deterministic S2 planned-sites benchmark based on number_of_facilities proxy; no site-count ML model.
site_benchmarks_v1,0a97519bd78f561a,phase_ta|phase=PHASE2|ta=UNCLASSIFIED,PHASE2,,UNCLASSIFIED,,phase_ta,31,1.0,2.0,9.0,18.0,True,2026-06-02T14:51:50+00:00,positive completed registry-derived facility-count proxy; percentiles used without winsorization,Deterministic S2 planned-sites benchmark based on number_of_facilities proxy; no site-count ML model.
site_benchmarks_v1,0a97519bd78f561a,phase_ta|phase=PHASE2/PHASE3|ta=CARDIOVASCULAR,PHASE2/PHASE3,,CARDIOVASCULAR,,phase_ta,21,3.0,16.0,87.0,98.0,True,2026-06-02T14:51:50+00:00,positive completed registry-derived facility-count proxy; percentiles used without winsorization,Deterministic S2 planned-sites benchmark based on number_of_facilities proxy; no site-count ML model.
site_benchmarks_v1,0a97519bd78f561a,phase_ta|phase=PHASE2/PHASE3|ta=DENTAL,PHASE2/PHASE3,,DENTAL,,phase_ta,2,1.0,1.0,1.0,1.0,True,2026-06-02T14:51:50+00:00,positive completed registry-derived facility-count proxy; percentiles used without winsorization,Deterministic S2 planned-sites benchmark based on number_of_facilities proxy; no site-count ML model.
site_benchmarks_v1,0a97519bd78f561a,phase_ta|phase=PHASE2/PHASE3|ta=DERMATOLOGY,PHASE2/PHASE3,,DERMATOLOGY,,phase_ta,29,3.0,13.0,48.0,85.8,True,2026-06-02T14:51:50+00:00,positive completed registry-derived facility-count proxy; percentiles used without winsorization,Deterministic S2 planned-sites benchmark based on number_of_facilities proxy; no site-count ML model.
site_benchmarks_v1,0a97519bd78f561a,phase_ta|phase=PHASE2/PHASE3|ta=EAR/NOSE/THROAT,PHASE2/PHASE3,,EAR/NOSE/THROAT,,phase_ta,3,6.5,12.0,19.0,23.2,True,2026-06-02T14:51:50+00:00,positive completed registry-derived facility-count proxy; percentiles used without winsorization,Deterministic S2 planned-sites benchmark based on number_of_facilities proxy; no site-count ML model.
site_benchmarks_v1,0a97519bd78f561a,phase_ta|phase=PHASE2/PHASE3|ta=GASTROINTESTINAL,PHASE2/PHASE3,,GASTROINTESTINAL,,phase_ta,34,3.0,17.5,49.75,76.5,True,2026-06-02T14:51:50+00:00,positive completed registry-derived facility-count proxy; percentiles used without winsorization,Deterministic S2 planned-sites benchmark based on number_of_facilities proxy; no site-count ML model.
site_benchmarks_v1,0a97519bd78f561a,phase_ta|phase=PHASE2/PHASE3|ta=GENETIC,PHASE2/PHASE3,,GENETIC,,phase_ta,17,6.0,9.0,17.0,21.8,True,2026-06-02T14:51:50+00:00,positive completed registry-derived facility-count proxy; percentiles used without winsorization,Deterministic S2 planned-sites benchmark based on number_of_facilities proxy; no site-count ML model.
site_benchmarks_v1,0a97519bd78f561a,phase_ta|phase=PHASE2/PHASE3|ta=HEMATOLOGY,PHASE2/PHASE3,,HEMATOLOGY,,phase_ta,21,5.0,14.0,30.0,59.0,True,2026-06-02T14:51:50+00:00,positive completed registry-derived facility-count proxy; percentiles used without winsorization,Deterministic S2 planned-sites benchmark based on number_of_facilities proxy; no site-count ML model.
site_benchmarks_v1,0a97519bd78f561a,phase_ta|phase=PHASE2/PHASE3|ta=IMMUNOLOGY,PHASE2/PHASE3,,IMMUNOLOGY,,phase_ta,9,12.0,18.0,34.0,49.4,True,2026-06-02T14:51:50+00:00,positive completed registry-derived facility-count proxy; percentiles used without winsorization,Deterministic S2 planned-sites benchmark based on number_of_facilities proxy; no site-count ML model.
site_benchmarks_v1,0a97519bd78f561a,phase_ta|phase=PHASE2/PHASE3|ta=INFECTIONS,PHASE2/PHASE3,,INFECTIONS,,phase_ta,113,3.0,12.0,35.0,71.0,False,2026-06-02T14:51:50+00:00,positive completed registry-derived facility-count proxy; percentiles used without winsorization,Deterministic S2 planned-sites benchmark based on number_of_facilities proxy; no site-count ML model.
site_benchmarks_v1,0a97519bd78f561a,phase_ta|phase=PHASE2/PHASE3|ta=METABOLIC,PHASE2/PHASE3,,METABOLIC,,phase_ta,16,1.0,5.0,27.0,49.5,True,2026-06-02T14:51:50+00:00,positive completed registry-derived facility-count proxy; percentiles used without winsorization,Deterministic S2 planned-sites benchmark based on number_of_facilities proxy; no site-count ML model.
site_benchmarks_v1,0a97519bd78f561a,phase_ta|phase=PHASE2/PHASE3|ta=MUSCULOSKELETAL,PHASE2/PHASE3,,MUSCULOSKELETAL,,phase_ta,24,10.25,31.5,59.0,73.4,True,2026-06-02T14:51:50+00:00,positive completed registry-derived facility-count proxy; percentiles used without winsorization,Deterministic S2 planned-sites benchmark based on number_of_facilities proxy; no site-count ML model.
site_benchmarks_v1,0a97519bd78f561a,phase_ta|phase=PHASE2/PHASE3|ta=NEUROLOGY,PHASE2/PHASE3,,NEUROLOGY,,phase_ta,56,4.75,23.5,54.75,82.0,False,2026-06-02T14:51:50+00:00,positive completed registry-derived facility-count proxy; percentiles used without winsorization,Deterministic S2 planned-sites benchmark based on number_of_facilities proxy; no site-count ML model.
site_benchmarks_v1,0a97519bd78f561a,phase_ta|phase=PHASE2/PHASE3|ta=ONCOLOGY,PHASE2/PHASE3,,ONCOLOGY,,phase_ta,42,9.25,35.5,73.75,129.8,True,2026-06-02T14:51:50+00:00,positive completed registry-derived facility-count proxy; percentiles used without winsorization,Deterministic S2 planned-sites benchmark based on number_of_facilities proxy; no site-count ML model.
site_benchmarks_v1,0a97519bd78f561a,phase_ta|phase=PHASE2/PHASE3|ta=OPHTHALMOLOGY,PHASE2/PHASE3,,OPHTHALMOLOGY,,phase_ta,26,1.0,1.0,8.25,19.5,True,2026-06-02T14:51:50+00:00,positive completed registry-derived facility-count proxy; percentiles used without winsorization,Deterministic S2 planned-sites benchmark based on number_of_facilities proxy; no site-count ML model.
site_benchmarks_v1,0a97519bd78f561a,phase_ta|phase=PHASE2/PHASE3|ta=PSYCHIATRY,PHASE2/PHASE3,,PSYCHIATRY,,phase_ta,30,1.0,8.5,42.25,58.3,True,2026-06-02T14:51:50+00:00,positive completed registry-derived facility-count proxy; percentiles used without winsorization,Deterministic S2 planned-sites benchmark based on number_of_facilities proxy; no site-count ML model.
site_benchmarks_v1,0a97519bd78f561a,phase_ta|phase=PHASE2/PHASE3|ta=RENAL/UROLOGY,PHASE2/PHASE3,,RENAL/UROLOGY,,phase_ta,24,1.0,21.5,48.0,66.8,True,2026-06-02T14:51:50+00:00,positive completed registry-derived facility-count proxy; percentiles used without winsorization,Deterministic S2 planned-sites benchmark based on number_of_facilities proxy; no site-count ML model.
site_benchmarks_v1,0a97519bd78f561a,phase_ta|phase=PHASE2/PHASE3|ta=REPRODUCTIVE,PHASE2/PHASE3,,REPRODUCTIVE,,phase_ta,4,2.5,3.5,6.75,11.7,True,2026-06-02T14:51:50+00:00,positive completed registry-derived facility-count proxy; percentiles used without winsorization,Deterministic S2 planned-sites benchmark based on number_of_facilities proxy; no site-count ML model.
site_benchmarks_v1,0a97519bd78f561a,phase_ta|phase=PHASE2/PHASE3|ta=RESPIRATORY,PHASE2/PHASE3,,RESPIRATORY,,phase_ta,23,3.0,15.0,49.0,81.0,True,2026-06-02T14:51:50+00:00,positive completed registry-derived facility-count proxy; percentiles used without winsorization,Deterministic S2 planned-sites benchmark based on number_of_facilities proxy; no site-count ML model.
site_benchmarks_v1,0a97519bd78f561a,phase_ta|phase=PHASE2/PHASE3|ta=UNCLASSIFIED,PHASE2/PHASE3,,UNCLASSIFIED,,phase_ta,6,4.5,13.0,14.0,18.5,True,2026-06-02T14:51:50+00:00,positive completed registry-derived facility-count proxy; percentiles used without winsorization,Deterministic S2 planned-sites benchmark based on number_of_facilities proxy; no site-count ML model.
site_benchmarks_v1,0a97519bd78f561a,phase_ta|phase=PHASE3|ta=CARDIOVASCULAR,PHASE3,,CARDIOVASCULAR,,phase_ta,529,4.0,29.0,89.0,251.8,False,2026-06-02T14:51:50+00:00,positive completed registry-derived facility-count proxy; percentiles used without winsorization,Deterministic S2 planned-sites benchmark based on number_of_facilities proxy; no site-count ML model.
site_benchmarks_v1,0a97519bd78f561a,phase_ta|phase=PHASE3|ta=DENTAL,PHASE3,,DENTAL,,phase_ta,104,1.0,1.0,1.25,6.0,False,2026-06-02T14:51:50+00:00,positive completed registry-derived facility-count proxy; percentiles used without winsorization,Deterministic S2 planned-sites benchmark based on number_of_facilities proxy; no site-count ML model.
site_benchmarks_v1,0a97519bd78f561a,phase_ta|phase=PHASE3|ta=DERMATOLOGY,PHASE3,,DERMATOLOGY,,phase_ta,753,4.0,23.0,52.0,94.0,False,2026-06-02T14:51:50+00:00,positive completed registry-derived facility-count proxy; percentiles used without winsorization,Deterministic S2 planned-sites benchmark based on number_of_facilities proxy; no site-count ML model.
site_benchmarks_v1,0a97519bd78f561a,phase_ta|phase=PHASE3|ta=EAR/NOSE/THROAT,PHASE3,,EAR/NOSE/THROAT,,phase_ta,41,1.0,1.0,6.0,29.0,True,2026-06-02T14:51:50+00:00,positive completed registry-derived facility-count proxy; percentiles used without winsorization,Deterministic S2 planned-sites benchmark based on number_of_facilities proxy; no site-count ML model.
site_benchmarks_v1,0a97519bd78f561a,phase_ta|phase=PHASE3|ta=GASTROINTESTINAL,PHASE3,,GASTROINTESTINAL,,phase_ta,578,5.0,25.0,69.5,142.3,False,2026-06-02T14:51:50+00:00,positive completed registry-derived facility-count proxy; percentiles used without winsorization,Deterministic S2 planned-sites benchmark based on number_of_facilities proxy; no site-count ML model.
site_benchmarks_v1,0a97519bd78f561a,phase_ta|phase=PHASE3|ta=GENETIC,PHASE3,,GENETIC,,phase_ta,142,6.0,20.0,32.0,57.8,False,2026-06-02T14:51:50+00:00,positive completed registry-derived facility-count proxy; percentiles used without winsorization,Deterministic S2 planned-sites benchmark based on number_of_facilities proxy; no site-count ML model.
site_benchmarks_v1,0a97519bd78f561a,phase_ta|phase=PHASE3|ta=HEMATOLOGY,PHASE3,,HEMATOLOGY,,phase_ta,264,11.0,27.0,55.0,96.0,False,2026-06-02T14:51:50+00:00,positive completed registry-derived facility-count proxy; percentiles used without winsorization,Deterministic S2 planned-sites benchmark based on number_of_facilities proxy; no site-count ML model.
site_benchmarks_v1,0a97519bd78f561a,phase_ta|phase=PHASE3|ta=IMMUNOLOGY,PHASE3,,IMMUNOLOGY,,phase_ta,116,10.0,25.5,61.25,121.0,False,2026-06-02T14:51:50+00:00,positive completed registry-derived facility-count proxy; percentiles used without winsorization,Deterministic S2 planned-sites benchmark based on number_of_facilities proxy; no site-count ML model.
site_benchmarks_v1,0a97519bd78f561a,phase_ta|phase=PHASE3|ta=INFECTIONS,PHASE3,,INFECTIONS,,phase_ta,1017,3.0,14.0,40.0,89.4,False,2026-06-02T14:51:50+00:00,positive completed registry-derived facility-count proxy; percentiles used without winsorization,Deterministic S2 planned-sites benchmark based on number_of_facilities proxy; no site-count ML model.
site_benchmarks_v1,0a97519bd78f561a,phase_ta|phase=PHASE3|ta=METABOLIC,PHASE3,,METABOLIC,,phase_ta,780,10.0,40.0,91.0,158.1,False,2026-06-02T14:51:50+00:00,positive completed registry-derived facility-count proxy; percentiles used without winsorization,Deterministic S2 planned-sites benchmark based on number_of_facilities proxy; no site-count ML model.
site_benchmarks_v1,0a97519bd78f561a,phase_ta|phase=PHASE3|ta=MUSCULOSKELETAL,PHASE3,,MUSCULOSKELETAL,,phase_ta,669,6.0,29.0,73.0,138.0,False,2026-06-02T14:51:50+00:00,positive completed registry-derived facility-count proxy; percentiles used without winsorization,Deterministic S2 planned-sites benchmark based on number_of_facilities proxy; no site-count ML model.
site_benchmarks_v1,0a97519bd78f561a,phase_ta|phase=PHASE3|ta=NEUROLOGY,PHASE3,,NEUROLOGY,,phase_ta,638,12.0,33.0,71.0,118.6,False,2026-06-02T14:51:50+00:00,positive completed registry-derived facility-count proxy; percentiles used without winsorization,Deterministic S2 planned-sites benchmark based on number_of_facilities proxy; no site-count ML model.
site_benchmarks_v1,0a97519bd78f561a,phase_ta|phase=PHASE3|ta=ONCOLOGY,PHASE3,,ONCOLOGY,,phase_ta,915,21.0,75.0,149.0,208.0,False,2026-06-02T14:51:50+00:00,positive completed registry-derived facility-count proxy; percentiles used without winsorization,Deterministic S2 planned-sites benchmark based on number_of_facilities proxy; no site-count ML model.
site_benchmarks_v1,0a97519bd78f561a,phase_ta|phase=PHASE3|ta=OPHTHALMOLOGY,PHASE3,,OPHTHALMOLOGY,,phase_ta,440,1.0,11.0,40.0,78.3,False,2026-06-02T14:51:50+00:00,positive completed registry-derived facility-count proxy; percentiles used without winsorization,Deterministic S2 planned-sites benchmark based on number_of_facilities proxy; no site-count ML model.
site_benchmarks_v1,0a97519bd78f561a,phase_ta|phase=PHASE3|ta=PSYCHIATRY,PHASE3,,PSYCHIATRY,,phase_ta,432,15.0,37.5,63.25,101.9,False,2026-06-02T14:51:50+00:00,positive completed registry-derived facility-count proxy; percentiles used without winsorization,Deterministic S2 planned-sites benchmark based on number_of_facilities proxy; no site-count ML model.
site_benchmarks_v1,0a97519bd78f561a,phase_ta|phase=PHASE3|ta=RENAL/UROLOGY,PHASE3,,RENAL/UROLOGY,,phase_ta,366,6.0,28.0,57.75,139.0,False,2026-06-02T14:51:50+00:00,positive completed registry-derived facility-count proxy; percentiles used without winsorization,Deterministic S2 planned-sites benchmark based on number_of_facilities proxy; no site-count ML model.
site_benchmarks_v1,0a97519bd78f561a,phase_ta|phase=PHASE3|ta=REPRODUCTIVE,PHASE3,,REPRODUCTIVE,,phase_ta,194,8.0,26.0,60.75,100.0,False,2026-06-02T14:51:50+00:00,positive completed registry-derived facility-count proxy; percentiles used without winsorization,Deterministic S2 planned-sites benchmark based on number_of_facilities proxy; no site-count ML model.
site_benchmarks_v1,0a97519bd78f561a,phase_ta|phase=PHASE3|ta=RESPIRATORY,PHASE3,,RESPIRATORY,,phase_ta,641,7.0,40.0,98.0,178.0,False,2026-06-02T14:51:50+00:00,positive completed registry-derived facility-count proxy; percentiles used without winsorization,Deterministic S2 planned-sites benchmark based on number_of_facilities proxy; no site-count ML model.
site_benchmarks_v1,0a97519bd78f561a,phase_ta|phase=PHASE3|ta=UNCLASSIFIED,PHASE3,,UNCLASSIFIED,,phase_ta,56,1.75,11.5,21.5,34.5,False,2026-06-02T14:51:50+00:00,positive completed registry-derived facility-count proxy; percentiles used without winsorization,Deterministic S2 planned-sites benchmark based on number_of_facilities proxy; no site-count ML model.
site_benchmarks_v1,0a97519bd78f561a,phase_ta_rare|phase=PHASE1/PHASE2|ta=CARDIOVASCULAR|rare=0,PHASE1/PHASE2,,CARDIOVASCULAR,0,phase_ta_rare,44,1.0,1.5,6.75,19.1,True,2026-06-02T14:51:50+00:00,positive completed registry-derived facility-count proxy; percentiles used without winsorization,Deterministic S2 planned-sites benchmark based on number_of_facilities proxy; no site-count ML model.
site_benchmarks_v1,0a97519bd78f561a,phase_ta_rare|phase=PHASE1/PHASE2|ta=CARDIOVASCULAR|rare=1,PHASE1/PHASE2,,CARDIOVASCULAR,1,phase_ta_rare,5,2.0,6.0,6.0,12.0,True,2026-06-02T14:51:50+00:00,positive completed registry-derived facility-count proxy; percentiles used without winsorization,Deterministic S2 planned-sites benchmark based on number_of_facilities proxy; no site-count ML model.
site_benchmarks_v1,0a97519bd78f561a,phase_ta_rare|phase=PHASE1/PHASE2|ta=DENTAL|rare=0,PHASE1/PHASE2,,DENTAL,0,phase_ta_rare,5,1.0,1.0,3.0,3.6,True,2026-06-02T14:51:50+00:00,positive completed registry-derived facility-count proxy; percentiles used without winsorization,Deterministic S2 planned-sites benchmark based on number_of_facilities proxy; no site-count ML model.
site_benchmarks_v1,0a97519bd78f561a,phase_ta_rare|phase=PHASE1/PHASE2|ta=DERMATOLOGY|rare=0,PHASE1/PHASE2,,DERMATOLOGY,0,phase_ta_rare,96,1.0,2.0,6.0,14.0,False,2026-06-02T14:51:50+00:00,positive completed registry-derived facility-count proxy; percentiles used without winsorization,Deterministic S2 planned-sites benchmark based on number_of_facilities proxy; no site-count ML model.
site_benchmarks_v1,0a97519bd78f561a,phase_ta_rare|phase=PHASE1/PHASE2|ta=DERMATOLOGY|rare=1,PHASE1/PHASE2,,DERMATOLOGY,1,phase_ta_rare,6,1.5,4.0,5.75,10.5,True,2026-06-02T14:51:50+00:00,positive completed registry-derived facility-count proxy; percentiles used without winsorization,Deterministic S2 planned-sites benchmark based on number_of_facilities proxy; no site-count ML model.
site_benchmarks_v1,0a97519bd78f561a,phase_ta_rare|phase=PHASE1/PHASE2|ta=EAR/NOSE/THROAT|rare=0,PHASE1/PHASE2,,EAR/NOSE/THROAT,0,phase_ta_rare,9,4.0,5.0,8.0,9.6,True,2026-06-02T14:51:50+00:00,positive completed registry-derived facility-count proxy; percentiles used without winsorization,Deterministic S2 planned-sites benchmark based on number_of_facilities proxy; no site-count ML model.
site_benchmarks_v1,0a97519bd78f561a,phase_ta_rare|phase=PHASE1/PHASE2|ta=GASTROINTESTINAL|rare=0,PHASE1/PHASE2,,GASTROINTESTINAL,0,phase_ta_rare,58,1.0,1.0,4.75,12.3,False,2026-06-02T14:51:50+00:00,positive completed registry-derived facility-count proxy; percentiles used without winsorization,Deterministic S2 planned-sites benchmark based on number_of_facilities proxy; no site-count ML model.
site_benchmarks_v1,0a97519bd78f561a,phase_ta_rare|phase=PHASE1/PHASE2|ta=GASTROINTESTINAL|rare=1,PHASE1/PHASE2,,GASTROINTESTINAL,1,phase_ta_rare,8,1.75,5.5,11.5,20.2,True,2026-06-02T14:51:50+00:00,positive completed registry-derived facility-count proxy; percentiles used without winsorization,Deterministic S2 planned-sites benchmark based on number_of_facilities proxy; no site-count ML model.
site_benchmarks_v1,0a97519bd78f561a,phase_ta_rare|phase=PHASE1/PHASE2|ta=GENETIC|rare=0,PHASE1/PHASE2,,GENETIC,0,phase_ta_rare,1,3.0,3.0,3.0,3.0,True,2026-06-02T14:51:50+00:00,positive completed registry-derived facility-count proxy; percentiles used without winsorization,Deterministic S2 planned-sites benchmark based on number_of_facilities proxy; no site-count ML model.
site_benchmarks_v1,0a97519bd78f561a,phase_ta_rare|phase=PHASE1/PHASE2|ta=GENETIC|rare=1,PHASE1/PHASE2,,GENETIC,1,phase_ta_rare,57,2.0,4.0,8.0,14.4,False,2026-06-02T14:51:50+00:00,positive completed registry-derived facility-count proxy; percentiles used without winsorization,Deterministic S2 planned-sites benchmark based on number_of_facilities proxy; no site-count ML model.
site_benchmarks_v1,0a97519bd78f561a,phase_ta_rare|phase=PHASE1/PHASE2|ta=HEMATOLOGY|rare=0,PHASE1/PHASE2,,HEMATOLOGY,0,phase_ta_rare,40,3.75,9.0,14.25,20.4,True,2026-06-02T14:51:50+00:00,positive completed registry-derived facility-count proxy; percentiles used without winsorization,Deterministic S2 planned-sites benchmark based on number_of_facilities proxy; no site-count ML model.
site_benchmarks_v1,0a97519bd78f561a,phase_ta_rare|phase=PHASE1/PHASE2|ta=HEMATOLOGY|rare=1,PHASE1/PHASE2,,HEMATOLOGY,1,phase_ta_rare,45,4.0,6.0,13.0,22.6,True,2026-06-02T14:51:50+00:00,positive completed registry-derived facility-count proxy; percentiles used without winsorization,Deterministic S2 planned-sites benchmark based on number_of_facilities proxy; no site-count ML model.
site_benchmarks_v1,0a97519bd78f561a,phase_ta_rare|phase=PHASE1/PHASE2|ta=IMMUNOLOGY|rare=0,PHASE1/PHASE2,,IMMUNOLOGY,0,phase_ta_rare,11,9.0,12.0,16.0,18.0,True,2026-06-02T14:51:50+00:00,positive completed registry-derived facility-count proxy; percentiles used without winsorization,Deterministic S2 planned-sites benchmark based on number_of_facilities proxy; no site-count ML model.
site_benchmarks_v1,0a97519bd78f561a,phase_ta_rare|phase=PHASE1/PHASE2|ta=IMMUNOLOGY|rare=1,PHASE1/PHASE2,,IMMUNOLOGY,1,phase_ta_rare,12,3.0,10.5,18.5,21.8,True,2026-06-02T14:51:50+00:00,positive completed registry-derived facility-count proxy; percentiles used without winsorization,Deterministic S2 planned-sites benchmark based on number_of_facilities proxy; no site-count ML model.
site_benchmarks_v1,0a97519bd78f561a,phase_ta_rare|phase=PHASE1/PHASE2|ta=INFECTIONS|rare=0,PHASE1/PHASE2,,INFECTIONS,0,phase_ta_rare,229,1.0,3.0,12.0,25.0,False,2026-06-02T14:51:50+00:00,positive completed registry-derived facility-count proxy; percentiles used without winsorization,Deterministic S2 planned-sites benchmark based on number_of_facilities proxy; no site-count ML model.
site_benchmarks_v1,0a97519bd78f561a,phase_ta_rare|phase=PHASE1/PHASE2|ta=INFECTIONS|rare=1,PHASE1/PHASE2,,INFECTIONS,1,phase_ta_rare,3,2.0,3.0,6.0,7.8,True,2026-06-02T14:51:50+00:00,positive completed registry-derived facility-count proxy; percentiles used without winsorization,Deterministic S2 planned-sites benchmark based on number_of_facilities proxy; no site-count ML model.
site_benchmarks_v1,0a97519bd78f561a,phase_ta_rare|phase=PHASE1/PHASE2|ta=METABOLIC|rare=0,PHASE1/PHASE2,,METABOLIC,0,phase_ta_rare,61,1.0,2.0,5.0,11.0,False,2026-06-02T14:51:50+00:00,positive completed registry-derived facility-count proxy; percentiles used without winsorization,Deterministic S2 planned-sites benchmark based on number_of_facilities proxy; no site-count ML model.
site_benchmarks_v1,0a97519bd78f561a,phase_ta_rare|phase=PHASE1/PHASE2|ta=METABOLIC|rare=1,PHASE1/PHASE2,,METABOLIC,1,phase_ta_rare,4,5.0,6.5,8.75,11.9,True,2026-06-02T14:51:50+00:00,positive completed registry-derived facility-count proxy; percentiles used without winsorization,Deterministic S2 planned-sites benchmark based on number_of_facilities proxy; no site-count ML model.
site_benchmarks_v1,0a97519bd78f561a,phase_ta_rare|phase=PHASE1/PHASE2|ta=MUSCULOSKELETAL|rare=0,PHASE1/PHASE2,,MUSCULOSKELETAL,0,phase_ta_rare,70,1.0,2.0,6.0,13.2,False,2026-06-02T14:51:50+00:00,positive completed registry-derived facility-count proxy; percentiles used without winsorization,Deterministic S2 planned-sites benchmark based on number_of_facilities proxy; no site-count ML model.
site_benchmarks_v1,0a97519bd78f561a,phase_ta_rare|phase=PHASE1/PHASE2|ta=MUSCULOSKELETAL|rare=1,PHASE1/PHASE2,,MUSCULOSKELETAL,1,phase_ta_rare,18,3.0,5.0,6.75,8.6,True,2026-06-02T14:51:50+00:00,positive completed registry-derived facility-count proxy; percentiles used without winsorization,Deterministic S2 planned-sites benchmark based on number_of_facilities proxy; no site-count ML model.
site_benchmarks_v1,0a97519bd78f561a,phase_ta_rare|phase=PHASE1/PHASE2|ta=NEUROLOGY|rare=0,PHASE1/PHASE2,,NEUROLOGY,0,phase_ta_rare,66,1.0,2.5,5.75,13.0,False,2026-06-02T14:51:50+00:00,positive completed registry-derived facility-count proxy; percentiles used without winsorization,Deterministic S2 planned-sites benchmark based on number_of_facilities proxy; no site-count ML model.
site_benchmarks_v1,0a97519bd78f561a,phase_ta_rare|phase=PHASE1/PHASE2|ta=NEUROLOGY|rare=1,PHASE1/PHASE2,,NEUROLOGY,1,phase_ta_rare,19,1.0,2.0,10.0,19.0,True,2026-06-02T14:51:50+00:00,positive completed registry-derived facility-count proxy; percentiles used without winsorization,Deterministic S2 planned-sites benchmark based on number_of_facilities proxy; no site-count ML model.
site_benchmarks_v1,0a97519bd78f561a,phase_ta_rare|phase=PHASE1/PHASE2|ta=ONCOLOGY|rare=0,PHASE1/PHASE2,,ONCOLOGY,0,phase_ta_rare,718,4.0,10.0,21.0,40.0,False,2026-06-02T14:51:50+00:00,positive completed registry-derived facility-count proxy; percentiles used without winsorization,Deterministic S2 planned-sites benchmark based on number_of_facilities proxy; no site-count ML model.
site_benchmarks_v1,0a97519bd78f561a,phase_ta_rare|phase=PHASE1/PHASE2|ta=ONCOLOGY|rare=1,PHASE1/PHASE2,,ONCOLOGY,1,phase_ta_rare,36,5.0,14.0,23.0,34.5,True,2026-06-02T14:51:50+00:00,positive completed registry-derived facility-count proxy; percentiles used without winsorization,Deterministic S2 planned-sites benchmark based on number_of_facilities proxy; no site-count ML model.
site_benchmarks_v1,0a97519bd78f561a,phase_ta_rare|phase=PHASE1/PHASE2|ta=OPHTHALMOLOGY|rare=0,PHASE1/PHASE2,,OPHTHALMOLOGY,0,phase_ta_rare,84,1.0,3.5,9.0,18.7,False,2026-06-02T14:51:50+00:00,positive completed registry-derived facility-count proxy; percentiles used without winsorization,Deterministic S2 planned-sites benchmark based on number_of_facilities proxy; no site-count ML model.
site_benchmarks_v1,0a97519bd78f561a,phase_ta_rare|phase=PHASE1/PHASE2|ta=OPHTHALMOLOGY|rare=1,PHASE1/PHASE2,,OPHTHALMOLOGY,1,phase_ta_rare,26,2.0,3.0,5.0,17.5,True,2026-06-02T14:51:50+00:00,positive completed registry-derived facility-count proxy; percentiles used without winsorization,Deterministic S2 planned-sites benchmark based on number_of_facilities proxy; no site-count ML model.
site_benchmarks_v1,0a97519bd78f561a,phase_ta_rare|phase=PHASE1/PHASE2|ta=PSYCHIATRY|rare=0,PHASE1/PHASE2,,PSYCHIATRY,0,phase_ta_rare,36,1.0,1.5,2.25,6.0,True,2026-06-02T14:51:50+00:00,positive completed registry-derived facility-count proxy; percentiles used without winsorization,Deterministic S2 planned-sites benchmark based on number_of_facilities proxy; no site-count ML model.
site_benchmarks_v1,0a97519bd78f561a,phase_ta_rare|phase=PHASE1/PHASE2|ta=RENAL/UROLOGY|rare=0,PHASE1/PHASE2,,RENAL/UROLOGY,0,phase_ta_rare,39,1.0,3.0,6.0,14.2,True,2026-06-02T14:51:50+00:00,positive completed registry-derived facility-count proxy; percentiles used without winsorization,Deterministic S2 planned-sites benchmark based on number_of_facilities proxy; no site-count ML model.
site_benchmarks_v1,0a97519bd78f561a,phase_ta_rare|phase=PHASE1/PHASE2|ta=RENAL/UROLOGY|rare=1,PHASE1/PHASE2,,RENAL/UROLOGY,1,phase_ta_rare,6,8.25,10.0,14.75,16.5,True,2026-06-02T14:51:50+00:00,positive completed registry-derived facility-count proxy; percentiles used without winsorization,Deterministic S2 planned-sites benchmark based on number_of_facilities proxy; no site-count ML model.
site_benchmarks_v1,0a97519bd78f561a,phase_ta_rare|phase=PHASE1/PHASE2|ta=REPRODUCTIVE|rare=0,PHASE1/PHASE2,,REPRODUCTIVE,0,phase_ta_rare,16,1.0,1.0,1.25,2.5,True,2026-06-02T14:51:50+00:00,positive completed registry-derived facility-count proxy; percentiles used without winsorization,Deterministic S2 planned-sites benchmark based on number_of_facilities proxy; no site-count ML model.
site_benchmarks_v1,0a97519bd78f561a,phase_ta_rare|phase=PHASE1/PHASE2|ta=RESPIRATORY|rare=0,PHASE1/PHASE2,,RESPIRATORY,0,phase_ta_rare,47,1.0,2.0,6.5,12.0,True,2026-06-02T14:51:50+00:00,positive completed registry-derived facility-count proxy; percentiles used without winsorization,Deterministic S2 planned-sites benchmark based on number_of_facilities proxy; no site-count ML model.
site_benchmarks_v1,0a97519bd78f561a,phase_ta_rare|phase=PHASE1/PHASE2|ta=RESPIRATORY|rare=1,PHASE1/PHASE2,,RESPIRATORY,1,phase_ta_rare,15,3.5,11.0,24.0,34.0,True,2026-06-02T14:51:50+00:00,positive completed registry-derived facility-count proxy; percentiles used without winsorization,Deterministic S2 planned-sites benchmark based on number_of_facilities proxy; no site-count ML model.
site_benchmarks_v1,0a97519bd78f561a,phase_ta_rare|phase=PHASE1/PHASE2|ta=UNCLASSIFIED|rare=0,PHASE1/PHASE2,,UNCLASSIFIED,0,phase_ta_rare,1,1.0,1.0,1.0,1.0,True,2026-06-02T14:51:50+00:00,positive completed registry-derived facility-count proxy; percentiles used without winsorization,Deterministic S2 planned-sites benchmark based on number_of_facilities proxy; no site-count ML model.
site_benchmarks_v1,0a97519bd78f561a,phase_ta_rare|phase=PHASE2|ta=CARDIOVASCULAR|rare=0,PHASE2,,CARDIOVASCULAR,0,phase_ta_rare,402,4.0,15.0,36.0,77.8,False,2026-06-02T14:51:50+00:00,positive completed registry-derived facility-count proxy; percentiles used without winsorization,Deterministic S2 planned-sites benchmark based on number_of_facilities proxy; no site-count ML model.
site_benchmarks_v1,0a97519bd78f561a,phase_ta_rare|phase=PHASE2|ta=CARDIOVASCULAR|rare=1,PHASE2,,CARDIOVASCULAR,1,phase_ta_rare,33,4.0,8.0,14.0,34.4,True,2026-06-02T14:51:50+00:00,positive completed registry-derived facility-count proxy; percentiles used without winsorization,Deterministic S2 planned-sites benchmark based on number_of_facilities proxy; no site-count ML model.
site_benchmarks_v1,0a97519bd78f561a,phase_ta_rare|phase=PHASE2|ta=DENTAL|rare=0,PHASE2,,DENTAL,0,phase_ta_rare,81,1.0,1.0,1.0,3.0,False,2026-06-02T14:51:50+00:00,positive completed registry-derived facility-count proxy; percentiles used without winsorization,Deterministic S2 planned-sites benchmark based on number_of_facilities proxy; no site-count ML model.
site_benchmarks_v1,0a97519bd78f561a,phase_ta_rare|phase=PHASE2|ta=DENTAL|rare=1,PHASE2,,DENTAL,1,phase_ta_rare,1,1.0,1.0,1.0,1.0,True,2026-06-02T14:51:50+00:00,positive completed registry-derived facility-count proxy; percentiles used without winsorization,Deterministic S2 planned-sites benchmark based on number_of_facilities proxy; no site-count ML model.
site_benchmarks_v1,0a97519bd78f561a,phase_ta_rare|phase=PHASE2|ta=DERMATOLOGY|rare=0,PHASE2,,DERMATOLOGY,0,phase_ta_rare,807,2.0,8.0,20.0,41.4,False,2026-06-02T14:51:50+00:00,positive completed registry-derived facility-count proxy; percentiles used without winsorization,Deterministic S2 planned-sites benchmark based on number_of_facilities proxy; no site-count ML model.
site_benchmarks_v1,0a97519bd78f561a,phase_ta_rare|phase=PHASE2|ta=DERMATOLOGY|rare=1,PHASE2,,DERMATOLOGY,1,phase_ta_rare,36,2.0,8.0,19.25,35.5,True,2026-06-02T14:51:50+00:00,positive completed registry-derived facility-count proxy; percentiles used without winsorization,Deterministic S2 planned-sites benchmark based on number_of_facilities proxy; no site-count ML model.
site_benchmarks_v1,0a97519bd78f561a,phase_ta_rare|phase=PHASE2|ta=EAR/NOSE/THROAT|rare=0,PHASE2,,EAR/NOSE/THROAT,0,phase_ta_rare,48,1.0,3.5,13.5,16.6,True,2026-06-02T14:51:50+00:00,positive completed registry-derived facility-count proxy; percentiles used without winsorization,Deterministic S2 planned-sites benchmark based on number_of_facilities proxy; no site-count ML model.
site_benchmarks_v1,0a97519bd78f561a,phase_ta_rare|phase=PHASE2|ta=EAR/NOSE/THROAT|rare=1,PHASE2,,EAR/NOSE/THROAT,1,phase_ta_rare,1,1.0,1.0,1.0,1.0,True,2026-06-02T14:51:50+00:00,positive completed registry-derived facility-count proxy; percentiles used without winsorization,Deterministic S2 planned-sites benchmark based on number_of_facilities proxy; no site-count ML model.
site_benchmarks_v1,0a97519bd78f561a,phase_ta_rare|phase=PHASE2|ta=GASTROINTESTINAL|rare=0,PHASE2,,GASTROINTESTINAL,0,phase_ta_rare,694,3.0,17.0,41.0,81.7,False,2026-06-02T14:51:50+00:00,positive completed registry-derived facility-count proxy; percentiles used without winsorization,Deterministic S2 planned-sites benchmark based on number_of_facilities proxy; no site-count ML model.
site_benchmarks_v1,0a97519bd78f561a,phase_ta_rare|phase=PHASE2|ta=GASTROINTESTINAL|rare=1,PHASE2,,GASTROINTESTINAL,1,phase_ta_rare,47,4.0,13.0,23.5,40.8,True,2026-06-02T14:51:50+00:00,positive completed registry-derived facility-count proxy; percentiles used without winsorization,Deterministic S2 planned-sites benchmark based on number_of_facilities proxy; no site-count ML model.
site_benchmarks_v1,0a97519bd78f561a,phase_ta_rare|phase=PHASE2|ta=GENETIC|rare=0,PHASE2,,GENETIC,0,phase_ta_rare,6,10.75,24.5,36.75,63.0,True,2026-06-02T14:51:50+00:00,positive completed registry-derived facility-count proxy; percentiles used without winsorization,Deterministic S2 planned-sites benchmark based on number_of_facilities proxy; no site-count ML model.
site_benchmarks_v1,0a97519bd78f561a,phase_ta_rare|phase=PHASE2|ta=GENETIC|rare=1,PHASE2,,GENETIC,1,phase_ta_rare,116,4.0,7.0,14.25,24.5,False,2026-06-02T14:51:50+00:00,positive completed registry-derived facility-count proxy; percentiles used without winsorization,Deterministic S2 planned-sites benchmark based on number_of_facilities proxy; no site-count ML model.
site_benchmarks_v1,0a97519bd78f561a,phase_ta_rare|phase=PHASE2|ta=HEMATOLOGY|rare=0,PHASE2,,HEMATOLOGY,0,phase_ta_rare,72,6.0,15.5,33.0,53.7,False,2026-06-02T14:51:50+00:00,positive completed registry-derived facility-count proxy; percentiles used without winsorization,Deterministic S2 planned-sites benchmark based on number_of_facilities proxy; no site-count ML model.
site_benchmarks_v1,0a97519bd78f561a,phase_ta_rare|phase=PHASE2|ta=HEMATOLOGY|rare=1,PHASE2,,HEMATOLOGY,1,phase_ta_rare,142,4.0,10.5,21.0,31.9,False,2026-06-02T14:51:50+00:00,positive completed registry-derived facility-count proxy; percentiles used without winsorization,Deterministic S2 planned-sites benchmark based on number_of_facilities proxy; no site-count ML model.
site_benchmarks_v1,0a97519bd78f561a,phase_ta_rare|phase=PHASE2|ta=IMMUNOLOGY|rare=0,PHASE2,,IMMUNOLOGY,0,phase_ta_rare,63,9.0,25.0,82.5,126.6,False,2026-06-02T14:51:50+00:00,positive completed registry-derived facility-count proxy; percentiles used without winsorization,Deterministic S2 planned-sites benchmark based on number_of_facilities proxy; no site-count ML model.
site_benchmarks_v1,0a97519bd78f561a,phase_ta_rare|phase=PHASE2|ta=IMMUNOLOGY|rare=1,PHASE2,,IMMUNOLOGY,1,phase_ta_rare,73,6.0,13.0,34.0,62.0,False,2026-06-02T14:51:50+00:00,positive completed registry-derived facility-count proxy; percentiles used without winsorization,Deterministic S2 planned-sites benchmark based on number_of_facilities proxy; no site-count ML model.
site_benchmarks_v1,0a97519bd78f561a,phase_ta_rare|phase=PHASE2|ta=INFECTIONS|rare=0,PHASE2,,INFECTIONS,0,phase_ta_rare,839,1.0,6.0,16.0,35.0,False,2026-06-02T14:51:50+00:00,positive completed registry-derived facility-count proxy; percentiles used without winsorization,Deterministic S2 planned-sites benchmark based on number_of_facilities proxy; no site-count ML model.
site_benchmarks_v1,0a97519bd78f561a,phase_ta_rare|phase=PHASE2|ta=INFECTIONS|rare=1,PHASE2,,INFECTIONS,1,phase_ta_rare,12,2.0,4.5,7.0,17.8,True,2026-06-02T14:51:50+00:00,positive completed registry-derived facility-count proxy; percentiles used without winsorization,Deterministic S2 planned-sites benchmark based on number_of_facilities proxy; no site-count ML model.
site_benchmarks_v1,0a97519bd78f561a,phase_ta_rare|phase=PHASE2|ta=METABOLIC|rare=0,PHASE2,,METABOLIC,0,phase_ta_rare,512,1.0,10.5,30.0,61.9,False,2026-06-02T14:51:50+00:00,positive completed registry-derived facility-count proxy; percentiles used without winsorization,Deterministic S2 planned-sites benchmark based on number_of_facilities proxy; no site-count ML model.
site_benchmarks_v1,0a97519bd78f561a,phase_ta_rare|phase=PHASE2|ta=METABOLIC|rare=1,PHASE2,,METABOLIC,1,phase_ta_rare,42,3.25,8.5,23.5,33.0,True,2026-06-02T14:51:50+00:00,positive completed registry-derived facility-count proxy; percentiles used without winsorization,Deterministic S2 planned-sites benchmark based on number_of_facilities proxy; no site-count ML model.
site_benchmarks_v1,0a97519bd78f561a,phase_ta_rare|phase=PHASE2|ta=MUSCULOSKELETAL|rare=0,PHASE2,,MUSCULOSKELETAL,0,phase_ta_rare,494,3.0,13.0,34.0,56.7,False,2026-06-02T14:51:50+00:00,positive completed registry-derived facility-count proxy; percentiles used without winsorization,Deterministic S2 planned-sites benchmark based on number_of_facilities proxy; no site-count ML model.
site_benchmarks_v1,0a97519bd78f561a,phase_ta_rare|phase=PHASE2|ta=MUSCULOSKELETAL|rare=1,PHASE2,,MUSCULOSKELETAL,1,phase_ta_rare,47,4.0,8.0,12.0,16.4,True,2026-06-02T14:51:50+00:00,positive completed registry-derived facility-count proxy; percentiles used without winsorization,Deterministic S2 planned-sites benchmark based on number_of_facilities proxy; no site-count ML model.
site_benchmarks_v1,0a97519bd78f561a,phase_ta_rare|phase=PHASE2|ta=NEUROLOGY|rare=0,PHASE2,,NEUROLOGY,0,phase_ta_rare,568,4.0,13.0,33.0,58.6,False,2026-06-02T14:51:50+00:00,positive completed registry-derived facility-count proxy; percentiles used without winsorization,Deterministic S2 planned-sites benchmark based on number_of_facilities proxy; no site-count ML model.
site_benchmarks_v1,0a97519bd78f561a,phase_ta_rare|phase=PHASE2|ta=NEUROLOGY|rare=1,PHASE2,,NEUROLOGY,1,phase_ta_rare,145,2.0,8.0,21.0,40.6,False,2026-06-02T14:51:50+00:00,positive completed registry-derived facility-count proxy; percentiles used without winsorization,Deterministic S2 planned-sites benchmark based on number_of_facilities proxy; no site-count ML model.
site_benchmarks_v1,0a97519bd78f561a,phase_ta_rare|phase=PHASE2|ta=ONCOLOGY|rare=0,PHASE2,,ONCOLOGY,0,phase_ta_rare,1387,6.0,17.0,36.0,64.4,False,2026-06-02T14:51:50+00:00,positive completed registry-derived facility-count proxy; percentiles used without winsorization,Deterministic S2 planned-sites benchmark based on number_of_facilities proxy; no site-count ML model.
site_benchmarks_v1,0a97519bd78f561a,phase_ta_rare|phase=PHASE2|ta=ONCOLOGY|rare=1,PHASE2,,ONCOLOGY,1,phase_ta_rare,146,6.0,15.0,32.0,55.0,False,2026-06-02T14:51:50+00:00,positive completed registry-derived facility-count proxy; percentiles used without winsorization,Deterministic S2 planned-sites benchmark based on number_of_facilities proxy; no site-count ML model.
site_benchmarks_v1,0a97519bd78f561a,phase_ta_rare|phase=PHASE2|ta=OPHTHALMOLOGY|rare=0,PHASE2,,OPHTHALMOLOGY,0,phase_ta_rare,417,1.0,6.0,16.0,35.0,False,2026-06-02T14:51:50+00:00,positive completed registry-derived facility-count proxy; percentiles used without winsorization,Deterministic S2 planned-sites benchmark based on number_of_facilities proxy; no site-count ML model.
site_benchmarks_v1,0a97519bd78f561a,phase_ta_rare|phase=PHASE2|ta=OPHTHALMOLOGY|rare=1,PHASE2,,OPHTHALMOLOGY,1,phase_ta_rare,29,1.0,5.0,12.0,23.4,True,2026-06-02T14:51:50+00:00,positive completed registry-derived facility-count proxy; percentiles used without winsorization,Deterministic S2 planned-sites benchmark based on number_of_facilities proxy; no site-count ML model.
site_benchmarks_v1,0a97519bd78f561a,phase_ta_rare|phase=PHASE2|ta=PSYCHIATRY|rare=0,PHASE2,,PSYCHIATRY,0,phase_ta_rare,350,3.0,15.0,31.0,54.0,False,2026-06-02T14:51:50+00:00,positive completed registry-derived facility-count proxy; percentiles used without winsorization,Deterministic S2 planned-sites benchmark based on number_of_facilities proxy; no site-count ML model.
site_benchmarks_v1,0a97519bd78f561a,phase_ta_rare|phase=PHASE2|ta=PSYCHIATRY|rare=1,PHASE2,,PSYCHIATRY,1,phase_ta_rare,7,1.0,4.0,22.0,43.2,True,2026-06-02T14:51:50+00:00,positive completed registry-derived facility-count proxy; percentiles used without winsorization,Deterministic S2 planned-sites benchmark based on number_of_facilities proxy; no site-count ML model.
site_benchmarks_v1,0a97519bd78f561a,phase_ta_rare|phase=PHASE2|ta=RENAL/UROLOGY|rare=0,PHASE2,,RENAL/UROLOGY,0,phase_ta_rare,313,3.0,16.0,38.0,71.0,False,2026-06-02T14:51:50+00:00,positive completed registry-derived facility-count proxy; percentiles used without winsorization,Deterministic S2 planned-sites benchmark based on number_of_facilities proxy; no site-count ML model.
site_benchmarks_v1,0a97519bd78f561a,phase_ta_rare|phase=PHASE2|ta=RENAL/UROLOGY|rare=1,PHASE2,,RENAL/UROLOGY,1,phase_ta_rare,45,7.0,17.0,35.0,55.2,True,2026-06-02T14:51:50+00:00,positive completed registry-derived facility-count proxy; percentiles used without winsorization,Deterministic S2 planned-sites benchmark based on number_of_facilities proxy; no site-count ML model.
site_benchmarks_v1,0a97519bd78f561a,phase_ta_rare|phase=PHASE2|ta=REPRODUCTIVE|rare=0,PHASE2,,REPRODUCTIVE,0,phase_ta_rare,141,1.0,8.0,23.0,53.0,False,2026-06-02T14:51:50+00:00,positive completed registry-derived facility-count proxy; percentiles used without winsorization,Deterministic S2 planned-sites benchmark based on number_of_facilities proxy; no site-count ML model.
site_benchmarks_v1,0a97519bd78f561a,phase_ta_rare|phase=PHASE2|ta=RESPIRATORY|rare=0,PHASE2,,RESPIRATORY,0,phase_ta_rare,617,1.0,8.0,29.0,71.0,False,2026-06-02T14:51:50+00:00,positive completed registry-derived facility-count proxy; percentiles used without winsorization,Deterministic S2 planned-sites benchmark based on number_of_facilities proxy; no site-count ML model.
site_benchmarks_v1,0a97519bd78f561a,phase_ta_rare|phase=PHASE2|ta=RESPIRATORY|rare=1,PHASE2,,RESPIRATORY,1,phase_ta_rare,50,9.25,22.0,37.0,65.1,False,2026-06-02T14:51:50+00:00,positive completed registry-derived facility-count proxy; percentiles used without winsorization,Deterministic S2 planned-sites benchmark based on number_of_facilities proxy; no site-count ML model.
site_benchmarks_v1,0a97519bd78f561a,phase_ta_rare|phase=PHASE2|ta=UNCLASSIFIED|rare=0,PHASE2,,UNCLASSIFIED,0,phase_ta_rare,30,1.0,2.0,9.5,18.0,True,2026-06-02T14:51:50+00:00,positive completed registry-derived facility-count proxy; percentiles used without winsorization,Deterministic S2 planned-sites benchmark based on number_of_facilities proxy; no site-count ML model.
site_benchmarks_v1,0a97519bd78f561a,phase_ta_rare|phase=PHASE2|ta=UNCLASSIFIED|rare=1,PHASE2,,UNCLASSIFIED,1,phase_ta_rare,1,1.0,1.0,1.0,1.0,True,2026-06-02T14:51:50+00:00,positive completed registry-derived facility-count proxy; percentiles used without winsorization,Deterministic S2 planned-sites benchmark based on number_of_facilities proxy; no site-count ML model.
site_benchmarks_v1,0a97519bd78f561a,phase_ta_rare|phase=PHASE2/PHASE3|ta=CARDIOVASCULAR|rare=0,PHASE2/PHASE3,,CARDIOVASCULAR,0,phase_ta_rare,19,2.5,16.0,89.0,109.6,True,2026-06-02T14:51:50+00:00,positive completed registry-derived facility-count proxy; percentiles used without winsorization,Deterministic S2 planned-sites benchmark based on number_of_facilities proxy; no site-count ML model.
site_benchmarks_v1,0a97519bd78f561a,phase_ta_rare|phase=PHASE2/PHASE3|ta=CARDIOVASCULAR|rare=1,PHASE2/PHASE3,,CARDIOVASCULAR,1,phase_ta_rare,2,26.0,40.0,54.0,62.4,True,2026-06-02T14:51:50+00:00,positive completed registry-derived facility-count proxy; percentiles used without winsorization,Deterministic S2 planned-sites benchmark based on number_of_facilities proxy; no site-count ML model.
site_benchmarks_v1,0a97519bd78f561a,phase_ta_rare|phase=PHASE2/PHASE3|ta=DENTAL|rare=0,PHASE2/PHASE3,,DENTAL,0,phase_ta_rare,2,1.0,1.0,1.0,1.0,True,2026-06-02T14:51:50+00:00,positive completed registry-derived facility-count proxy; percentiles used without winsorization,Deterministic S2 planned-sites benchmark based on number_of_facilities proxy; no site-count ML model.
site_benchmarks_v1,0a97519bd78f561a,phase_ta_rare|phase=PHASE2/PHASE3|ta=DERMATOLOGY|rare=0,PHASE2/PHASE3,,DERMATOLOGY,0,phase_ta_rare,24,3.0,12.5,29.25,73.8,True,2026-06-02T14:51:50+00:00,positive completed registry-derived facility-count proxy; percentiles used without winsorization,Deterministic S2 planned-sites benchmark based on number_of_facilities proxy; no site-count ML model.
site_benchmarks_v1,0a97519bd78f561a,phase_ta_rare|phase=PHASE2/PHASE3|ta=DERMATOLOGY|rare=1,PHASE2/PHASE3,,DERMATOLOGY,1,phase_ta_rare,5,17.0,53.0,70.0,105.4,True,2026-06-02T14:51:50+00:00,positive completed registry-derived facility-count proxy; percentiles used without winsorization,Deterministic S2 planned-sites benchmark based on number_of_facilities proxy; no site-count ML model.
site_benchmarks_v1,0a97519bd78f561a,phase_ta_rare|phase=PHASE2/PHASE3|ta=EAR/NOSE/THROAT|rare=0,PHASE2/PHASE3,,EAR/NOSE/THROAT,0,phase_ta_rare,3,6.5,12.0,19.0,23.2,True,2026-06-02T14:51:50+00:00,positive completed registry-derived facility-count proxy; percentiles used without winsorization,Deterministic S2 planned-sites benchmark based on number_of_facilities proxy; no site-count ML model.
site_benchmarks_v1,0a97519bd78f561a,phase_ta_rare|phase=PHASE2/PHASE3|ta=GASTROINTESTINAL|rare=0,PHASE2/PHASE3,,GASTROINTESTINAL,0,phase_ta_rare,32,2.5,17.5,51.0,77.5,True,2026-06-02T14:51:50+00:00,positive completed registry-derived facility-count proxy; percentiles used without winsorization,Deterministic S2 planned-sites benchmark based on number_of_facilities proxy; no site-count ML model.
site_benchmarks_v1,0a97519bd78f561a,phase_ta_rare|phase=PHASE2/PHASE3|ta=GASTROINTESTINAL|rare=1,PHASE2/PHASE3,,GASTROINTESTINAL,1,phase_ta_rare,2,9.25,15.5,21.75,25.5,True,2026-06-02T14:51:50+00:00,positive completed registry-derived facility-count proxy; percentiles used without winsorization,Deterministic S2 planned-sites benchmark based on number_of_facilities proxy; no site-count ML model.
site_benchmarks_v1,0a97519bd78f561a,phase_ta_rare|phase=PHASE2/PHASE3|ta=GENETIC|rare=0,PHASE2/PHASE3,,GENETIC,0,phase_ta_rare,1,1.0,1.0,1.0,1.0,True,2026-06-02T14:51:50+00:00,positive completed registry-derived facility-count proxy; percentiles used without winsorization,Deterministic S2 planned-sites benchmark based on number_of_facilities proxy; no site-count ML model.
site_benchmarks_v1,0a97519bd78f561a,phase_ta_rare|phase=PHASE2/PHASE3|ta=GENETIC|rare=1,PHASE2/PHASE3,,GENETIC,1,phase_ta_rare,16,6.75,9.5,17.5,22.0,True,2026-06-02T14:51:50+00:00,positive completed registry-derived facility-count proxy; percentiles used without winsorization,Deterministic S2 planned-sites benchmark based on number_of_facilities proxy; no site-count ML model.
site_benchmarks_v1,0a97519bd78f561a,phase_ta_rare|phase=PHASE2/PHASE3|ta=HEMATOLOGY|rare=0,PHASE2/PHASE3,,HEMATOLOGY,0,phase_ta_rare,2,4.5,8.0,11.5,13.6,True,2026-06-02T14:51:50+00:00,positive completed registry-derived facility-count proxy; percentiles used without winsorization,Deterministic S2 planned-sites benchmark based on number_of_facilities proxy; no site-count ML model.
site_benchmarks_v1,0a97519bd78f561a,phase_ta_rare|phase=PHASE2/PHASE3|ta=HEMATOLOGY|rare=1,PHASE2/PHASE3,,HEMATOLOGY,1,phase_ta_rare,19,7.0,14.0,34.0,59.4,True,2026-06-02T14:51:50+00:00,positive completed registry-derived facility-count proxy; percentiles used without winsorization,Deterministic S2 planned-sites benchmark based on number_of_facilities proxy; no site-count ML model.
site_benchmarks_v1,0a97519bd78f561a,phase_ta_rare|phase=PHASE2/PHASE3|ta=IMMUNOLOGY|rare=1,PHASE2/PHASE3,,IMMUNOLOGY,1,phase_ta_rare,9,12.0,18.0,34.0,49.4,True,2026-06-02T14:51:50+00:00,positive completed registry-derived facility-count proxy; percentiles used without winsorization,Deterministic S2 planned-sites benchmark based on number_of_facilities proxy; no site-count ML model.
site_benchmarks_v1,0a97519bd78f561a,phase_ta_rare|phase=PHASE2/PHASE3|ta=INFECTIONS|rare=0,PHASE2/PHASE3,,INFECTIONS,0,phase_ta_rare,112,3.0,12.0,35.0,71.5,False,2026-06-02T14:51:50+00:00,positive completed registry-derived facility-count proxy; percentiles used without winsorization,Deterministic S2 planned-sites benchmark based on number_of_facilities proxy; no site-count ML model.
site_benchmarks_v1,0a97519bd78f561a,phase_ta_rare|phase=PHASE2/PHASE3|ta=INFECTIONS|rare=1,PHASE2/PHASE3,,INFECTIONS,1,phase_ta_rare,1,22.0,22.0,22.0,22.0,True,2026-06-02T14:51:50+00:00,positive completed registry-derived facility-count proxy; percentiles used without winsorization,Deterministic S2 planned-sites benchmark based on number_of_facilities proxy; no site-count ML model.
site_benchmarks_v1,0a97519bd78f561a,phase_ta_rare|phase=PHASE2/PHASE3|ta=METABOLIC|rare=0,PHASE2/PHASE3,,METABOLIC,0,phase_ta_rare,11,1.0,1.0,17.0,55.0,True,2026-06-02T14:51:50+00:00,positive completed registry-derived facility-count proxy; percentiles used without winsorization,Deterministic S2 planned-sites benchmark based on number_of_facilities proxy; no site-count ML model.
site_benchmarks_v1,0a97519bd78f561a,phase_ta_rare|phase=PHASE2/PHASE3|ta=METABOLIC|rare=1,PHASE2/PHASE3,,METABOLIC,1,phase_ta_rare,5,3.0,21.0,27.0,37.2,True,2026-06-02T14:51:50+00:00,positive completed registry-derived facility-count proxy; percentiles used without winsorization,Deterministic S2 planned-sites benchmark based on number_of_facilities proxy; no site-count ML model.
site_benchmarks_v1,0a97519bd78f561a,phase_ta_rare|phase=PHASE2/PHASE3|ta=MUSCULOSKELETAL|rare=0,PHASE2/PHASE3,,MUSCULOSKELETAL,0,phase_ta_rare,19,9.5,27.0,61.0,72.4,True,2026-06-02T14:51:50+00:00,positive completed registry-derived facility-count proxy; percentiles used without winsorization,Deterministic S2 planned-sites benchmark based on number_of_facilities proxy; no site-count ML model.
site_benchmarks_v1,0a97519bd78f561a,phase_ta_rare|phase=PHASE2/PHASE3|ta=MUSCULOSKELETAL|rare=1,PHASE2/PHASE3,,MUSCULOSKELETAL,1,phase_ta_rare,5,38.0,44.0,45.0,80.4,True,2026-06-02T14:51:50+00:00,positive completed registry-derived facility-count proxy; percentiles used without winsorization,Deterministic S2 planned-sites benchmark based on number_of_facilities proxy; no site-count ML model.
site_benchmarks_v1,0a97519bd78f561a,phase_ta_rare|phase=PHASE2/PHASE3|ta=NEUROLOGY|rare=0,PHASE2/PHASE3,,NEUROLOGY,0,phase_ta_rare,46,5.5,24.5,56.25,82.0,True,2026-06-02T14:51:50+00:00,positive completed registry-derived facility-count proxy; percentiles used without winsorization,Deterministic S2 planned-sites benchmark based on number_of_facilities proxy; no site-count ML model.
site_benchmarks_v1,0a97519bd78f561a,phase_ta_rare|phase=PHASE2/PHASE3|ta=NEUROLOGY|rare=1,PHASE2/PHASE3,,NEUROLOGY,1,phase_ta_rare,10,4.25,13.0,40.0,62.9,True,2026-06-02T14:51:50+00:00,positive completed registry-derived facility-count proxy; percentiles used without winsorization,Deterministic S2 planned-sites benchmark based on number_of_facilities proxy; no site-count ML model.
site_benchmarks_v1,0a97519bd78f561a,phase_ta_rare|phase=PHASE2/PHASE3|ta=ONCOLOGY|rare=0,PHASE2/PHASE3,,ONCOLOGY,0,phase_ta_rare,34,9.25,35.5,79.25,137.0,True,2026-06-02T14:51:50+00:00,positive completed registry-derived facility-count proxy; percentiles used without winsorization,Deterministic S2 planned-sites benchmark based on number_of_facilities proxy; no site-count ML model.
site_benchmarks_v1,0a97519bd78f561a,phase_ta_rare|phase=PHASE2/PHASE3|ta=ONCOLOGY|rare=1,PHASE2/PHASE3,,ONCOLOGY,1,phase_ta_rare,8,15.75,42.5,62.0,82.4,True,2026-06-02T14:51:50+00:00,positive completed registry-derived facility-count proxy; percentiles used without winsorization,Deterministic S2 planned-sites benchmark based on number_of_facilities proxy; no site-count ML model.
site_benchmarks_v1,0a97519bd78f561a,phase_ta_rare|phase=PHASE2/PHASE3|ta=OPHTHALMOLOGY|rare=0,PHASE2/PHASE3,,OPHTHALMOLOGY,0,phase_ta_rare,25,1.0,1.0,9.0,20.4,True,2026-06-02T14:51:50+00:00,positive completed registry-derived facility-count proxy; percentiles used without winsorization,Deterministic S2 planned-sites benchmark based on number_of_facilities proxy; no site-count ML model.
site_benchmarks_v1,0a97519bd78f561a,phase_ta_rare|phase=PHASE2/PHASE3|ta=OPHTHALMOLOGY|rare=1,PHASE2/PHASE3,,OPHTHALMOLOGY,1,phase_ta_rare,1,3.0,3.0,3.0,3.0,True,2026-06-02T14:51:50+00:00,positive completed registry-derived facility-count proxy; percentiles used without winsorization,Deterministic S2 planned-sites benchmark based on number_of_facilities proxy; no site-count ML model.
site_benchmarks_v1,0a97519bd78f561a,phase_ta_rare|phase=PHASE2/PHASE3|ta=PSYCHIATRY|rare=0,PHASE2/PHASE3,,PSYCHIATRY,0,phase_ta_rare,30,1.0,8.5,42.25,58.3,True,2026-06-02T14:51:50+00:00,positive completed registry-derived facility-count proxy; percentiles used without winsorization,Deterministic S2 planned-sites benchmark based on number_of_facilities proxy; no site-count ML model.
site_benchmarks_v1,0a97519bd78f561a,phase_ta_rare|phase=PHASE2/PHASE3|ta=RENAL/UROLOGY|rare=0,PHASE2/PHASE3,,RENAL/UROLOGY,0,phase_ta_rare,23,1.0,20.0,47.5,67.2,True,2026-06-02T14:51:50+00:00,positive completed registry-derived facility-count proxy; percentiles used without winsorization,Deterministic S2 planned-sites benchmark based on number_of_facilities proxy; no site-count ML model.
site_benchmarks_v1,0a97519bd78f561a,phase_ta_rare|phase=PHASE2/PHASE3|ta=RENAL/UROLOGY|rare=1,PHASE2/PHASE3,,RENAL/UROLOGY,1,phase_ta_rare,1,63.0,63.0,63.0,63.0,True,2026-06-02T14:51:50+00:00,positive completed registry-derived facility-count proxy; percentiles used without winsorization,Deterministic S2 planned-sites benchmark based on number_of_facilities proxy; no site-count ML model.
site_benchmarks_v1,0a97519bd78f561a,phase_ta_rare|phase=PHASE2/PHASE3|ta=REPRODUCTIVE|rare=0,PHASE2/PHASE3,,REPRODUCTIVE,0,phase_ta_rare,4,2.5,3.5,6.75,11.7,True,2026-06-02T14:51:50+00:00,positive completed registry-derived facility-count proxy; percentiles used without winsorization,Deterministic S2 planned-sites benchmark based on number_of_facilities proxy; no site-count ML model.
site_benchmarks_v1,0a97519bd78f561a,phase_ta_rare|phase=PHASE2/PHASE3|ta=RESPIRATORY|rare=0,PHASE2/PHASE3,,RESPIRATORY,0,phase_ta_rare,21,1.0,19.0,55.0,82.0,True,2026-06-02T14:51:50+00:00,positive completed registry-derived facility-count proxy; percentiles used without winsorization,Deterministic S2 planned-sites benchmark based on number_of_facilities proxy; no site-count ML model.
site_benchmarks_v1,0a97519bd78f561a,phase_ta_rare|phase=PHASE2/PHASE3|ta=RESPIRATORY|rare=1,PHASE2/PHASE3,,RESPIRATORY,1,phase_ta_rare,2,7.5,9.0,10.5,11.4,True,2026-06-02T14:51:50+00:00,positive completed registry-derived facility-count proxy; percentiles used without winsorization,Deterministic S2 planned-sites benchmark based on number_of_facilities proxy; no site-count ML model.
site_benchmarks_v1,0a97519bd78f561a,phase_ta_rare|phase=PHASE2/PHASE3|ta=UNCLASSIFIED|rare=0,PHASE2/PHASE3,,UNCLASSIFIED,0,phase_ta_rare,6,4.5,13.0,14.0,18.5,True,2026-06-02T14:51:50+00:00,positive completed registry-derived facility-count proxy; percentiles used without winsorization,Deterministic S2 planned-sites benchmark based on number_of_facilities proxy; no site-count ML model.
site_benchmarks_v1,0a97519bd78f561a,phase_ta_rare|phase=PHASE3|ta=CARDIOVASCULAR|rare=0,PHASE3,,CARDIOVASCULAR,0,phase_ta_rare,492,2.0,27.0,94.0,318.8,False,2026-06-02T14:51:50+00:00,positive completed registry-derived facility-count proxy; percentiles used without winsorization,Deterministic S2 planned-sites benchmark based on number_of_facilities proxy; no site-count ML model.
site_benchmarks_v1,0a97519bd78f561a,phase_ta_rare|phase=PHASE3|ta=CARDIOVASCULAR|rare=1,PHASE3,,CARDIOVASCULAR,1,phase_ta_rare,37,17.0,42.0,71.0,121.6,True,2026-06-02T14:51:50+00:00,positive completed registry-derived facility-count proxy; percentiles used without winsorization,Deterministic S2 planned-sites benchmark based on number_of_facilities proxy; no site-count ML model.
site_benchmarks_v1,0a97519bd78f561a,phase_ta_rare|phase=PHASE3|ta=DENTAL|rare=0,PHASE3,,DENTAL,0,phase_ta_rare,104,1.0,1.0,1.25,6.0,False,2026-06-02T14:51:50+00:00,positive completed registry-derived facility-count proxy; percentiles used without winsorization,Deterministic S2 planned-sites benchmark based on number_of_facilities proxy; no site-count ML model.
site_benchmarks_v1,0a97519bd78f561a,phase_ta_rare|phase=PHASE3|ta=DERMATOLOGY|rare=0,PHASE3,,DERMATOLOGY,0,phase_ta_rare,732,4.0,23.0,52.0,93.9,False,2026-06-02T14:51:50+00:00,positive completed registry-derived facility-count proxy; percentiles used without winsorization,Deterministic S2 planned-sites benchmark based on number_of_facilities proxy; no site-count ML model.
site_benchmarks_v1,0a97519bd78f561a,phase_ta_rare|phase=PHASE3|ta=DERMATOLOGY|rare=1,PHASE3,,DERMATOLOGY,1,phase_ta_rare,21,6.0,20.0,68.0,108.0,True,2026-06-02T14:51:50+00:00,positive completed registry-derived facility-count proxy; percentiles used without winsorization,Deterministic S2 planned-sites benchmark based on number_of_facilities proxy; no site-count ML model.
site_benchmarks_v1,0a97519bd78f561a,phase_ta_rare|phase=PHASE3|ta=EAR/NOSE/THROAT|rare=0,PHASE3,,EAR/NOSE/THROAT,0,phase_ta_rare,40,1.0,1.0,5.25,30.9,True,2026-06-02T14:51:50+00:00,positive completed registry-derived facility-count proxy; percentiles used without winsorization,Deterministic S2 planned-sites benchmark based on number_of_facilities proxy; no site-count ML model.
site_benchmarks_v1,0a97519bd78f561a,phase_ta_rare|phase=PHASE3|ta=EAR/NOSE/THROAT|rare=1,PHASE3,,EAR/NOSE/THROAT,1,phase_ta_rare,1,12.0,12.0,12.0,12.0,True,2026-06-02T14:51:50+00:00,positive completed registry-derived facility-count proxy; percentiles used without winsorization,Deterministic S2 planned-sites benchmark based on number_of_facilities proxy; no site-count ML model.
site_benchmarks_v1,0a97519bd78f561a,phase_ta_rare|phase=PHASE3|ta=GASTROINTESTINAL|rare=0,PHASE3,,GASTROINTESTINAL,0,phase_ta_rare,529,4.0,26.0,73.0,151.4,False,2026-06-02T14:51:50+00:00,positive completed registry-derived facility-count proxy; percentiles used without winsorization,Deterministic S2 planned-sites benchmark based on number_of_facilities proxy; no site-count ML model.
site_benchmarks_v1,0a97519bd78f561a,phase_ta_rare|phase=PHASE3|ta=GASTROINTESTINAL|rare=1,PHASE3,,GASTROINTESTINAL,1,phase_ta_rare,49,8.0,23.0,45.0,73.4,True,2026-06-02T14:51:50+00:00,positive completed registry-derived facility-count proxy; percentiles used without winsorization,Deterministic S2 planned-sites benchmark based on number_of_facilities proxy; no site-count ML model.
site_benchmarks_v1,0a97519bd78f561a,phase_ta_rare|phase=PHASE3|ta=GENETIC|rare=0,PHASE3,,GENETIC,0,phase_ta_rare,6,34.5,42.5,45.25,49.5,True,2026-06-02T14:51:50+00:00,positive completed registry-derived facility-count proxy; percentiles used without winsorization,Deterministic S2 planned-sites benchmark based on number_of_facilities proxy; no site-count ML model.
site_benchmarks_v1,0a97519bd78f561a,phase_ta_rare|phase=PHASE3|ta=GENETIC|rare=1,PHASE3,,GENETIC,1,phase_ta_rare,136,5.75,19.0,31.25,59.0,False,2026-06-02T14:51:50+00:00,positive completed registry-derived facility-count proxy; percentiles used without winsorization,Deterministic S2 planned-sites benchmark based on number_of_facilities proxy; no site-count ML model.
site_benchmarks_v1,0a97519bd78f561a,phase_ta_rare|phase=PHASE3|ta=HEMATOLOGY|rare=0,PHASE3,,HEMATOLOGY,0,phase_ta_rare,70,6.25,24.0,58.0,115.3,False,2026-06-02T14:51:50+00:00,positive completed registry-derived facility-count proxy; percentiles used without winsorization,Deterministic S2 planned-sites benchmark based on number_of_facilities proxy; no site-count ML model.
site_benchmarks_v1,0a97519bd78f561a,phase_ta_rare|phase=PHASE3|ta=HEMATOLOGY|rare=1,PHASE3,,HEMATOLOGY,1,phase_ta_rare,194,11.0,28.0,52.75,87.0,False,2026-06-02T14:51:50+00:00,positive completed registry-derived facility-count proxy; percentiles used without winsorization,Deterministic S2 planned-sites benchmark based on number_of_facilities proxy; no site-count ML model.
site_benchmarks_v1,0a97519bd78f561a,phase_ta_rare|phase=PHASE3|ta=IMMUNOLOGY|rare=0,PHASE3,,IMMUNOLOGY,0,phase_ta_rare,37,26.0,65.0,141.0,187.8,True,2026-06-02T14:51:50+00:00,positive completed registry-derived facility-count proxy; percentiles used without winsorization,Deterministic S2 planned-sites benchmark based on number_of_facilities proxy; no site-count ML model.
site_benchmarks_v1,0a97519bd78f561a,phase_ta_rare|phase=PHASE3|ta=IMMUNOLOGY|rare=1,PHASE3,,IMMUNOLOGY,1,phase_ta_rare,79,9.0,15.0,38.0,65.2,False,2026-06-02T14:51:50+00:00,positive completed registry-derived facility-count proxy; percentiles used without winsorization,Deterministic S2 planned-sites benchmark based on number_of_facilities proxy; no site-count ML model.
site_benchmarks_v1,0a97519bd78f561a,phase_ta_rare|phase=PHASE3|ta=INFECTIONS|rare=0,PHASE3,,INFECTIONS,0,phase_ta_rare,1003,3.0,14.0,40.5,89.8,False,2026-06-02T14:51:50+00:00,positive completed registry-derived facility-count proxy; percentiles used without winsorization,Deterministic S2 planned-sites benchmark based on number_of_facilities proxy; no site-count ML model.
site_benchmarks_v1,0a97519bd78f561a,phase_ta_rare|phase=PHASE3|ta=INFECTIONS|rare=1,PHASE3,,INFECTIONS,1,phase_ta_rare,14,2.5,13.5,23.5,57.5,True,2026-06-02T14:51:50+00:00,positive completed registry-derived facility-count proxy; percentiles used without winsorization,Deterministic S2 planned-sites benchmark based on number_of_facilities proxy; no site-count ML model.
site_benchmarks_v1,0a97519bd78f561a,phase_ta_rare|phase=PHASE3|ta=METABOLIC|rare=0,PHASE3,,METABOLIC,0,phase_ta_rare,716,10.75,42.0,95.0,164.0,False,2026-06-02T14:51:50+00:00,positive completed registry-derived facility-count proxy; percentiles used without winsorization,Deterministic S2 planned-sites benchmark based on number_of_facilities proxy; no site-count ML model.
site_benchmarks_v1,0a97519bd78f561a,phase_ta_rare|phase=PHASE3|ta=METABOLIC|rare=1,PHASE3,,METABOLIC,1,phase_ta_rare,64,10.0,29.0,46.25,67.4,False,2026-06-02T14:51:50+00:00,positive completed registry-derived facility-count proxy; percentiles used without winsorization,Deterministic S2 planned-sites benchmark based on number_of_facilities proxy; no site-count ML model.
site_benchmarks_v1,0a97519bd78f561a,phase_ta_rare|phase=PHASE3|ta=MUSCULOSKELETAL|rare=0,PHASE3,,MUSCULOSKELETAL,0,phase_ta_rare,628,5.0,28.0,75.25,139.0,False,2026-06-02T14:51:50+00:00,positive completed registry-derived facility-count proxy; percentiles used without winsorization,Deterministic S2 planned-sites benchmark based on number_of_facilities proxy; no site-count ML model.
site_benchmarks_v1,0a97519bd78f561a,phase_ta_rare|phase=PHASE3|ta=MUSCULOSKELETAL|rare=1,PHASE3,,MUSCULOSKELETAL,1,phase_ta_rare,41,16.0,39.0,55.0,76.0,True,2026-06-02T14:51:50+00:00,positive completed registry-derived facility-count proxy; percentiles used without winsorization,Deterministic S2 planned-sites benchmark based on number_of_facilities proxy; no site-count ML model.
site_benchmarks_v1,0a97519bd78f561a,phase_ta_rare|phase=PHASE3|ta=NEUROLOGY|rare=0,PHASE3,,NEUROLOGY,0,phase_ta_rare,521,12.0,33.0,76.0,127.0,False,2026-06-02T14:51:50+00:00,positive completed registry-derived facility-count proxy; percentiles used without winsorization,Deterministic S2 planned-sites benchmark based on number_of_facilities proxy; no site-count ML model.
site_benchmarks_v1,0a97519bd78f561a,phase_ta_rare|phase=PHASE3|ta=NEUROLOGY|rare=1,PHASE3,,NEUROLOGY,1,phase_ta_rare,117,12.0,33.0,58.0,81.4,False,2026-06-02T14:51:50+00:00,positive completed registry-derived facility-count proxy; percentiles used without winsorization,Deterministic S2 planned-sites benchmark based on number_of_facilities proxy; no site-count ML model.
site_benchmarks_v1,0a97519bd78f561a,phase_ta_rare|phase=PHASE3|ta=ONCOLOGY|rare=0,PHASE3,,ONCOLOGY,0,phase_ta_rare,870,19.0,78.0,151.0,210.0,False,2026-06-02T14:51:50+00:00,positive completed registry-derived facility-count proxy; percentiles used without winsorization,Deterministic S2 planned-sites benchmark based on number_of_facilities proxy; no site-count ML model.
site_benchmarks_v1,0a97519bd78f561a,phase_ta_rare|phase=PHASE3|ta=ONCOLOGY|rare=1,PHASE3,,ONCOLOGY,1,phase_ta_rare,45,25.0,48.0,73.0,148.2,True,2026-06-02T14:51:50+00:00,positive completed registry-derived facility-count proxy; percentiles used without winsorization,Deterministic S2 planned-sites benchmark based on number_of_facilities proxy; no site-count ML model.
site_benchmarks_v1,0a97519bd78f561a,phase_ta_rare|phase=PHASE3|ta=OPHTHALMOLOGY|rare=0,PHASE3,,OPHTHALMOLOGY,0,phase_ta_rare,417,1.0,10.0,39.0,81.4,False,2026-06-02T14:51:50+00:00,positive completed registry-derived facility-count proxy; percentiles used without winsorization,Deterministic S2 planned-sites benchmark based on number_of_facilities proxy; no site-count ML model.
site_benchmarks_v1,0a97519bd78f561a,phase_ta_rare|phase=PHASE3|ta=OPHTHALMOLOGY|rare=1,PHASE3,,OPHTHALMOLOGY,1,phase_ta_rare,23,9.0,28.0,45.5,56.0,True,2026-06-02T14:51:50+00:00,positive completed registry-derived facility-count proxy; percentiles used without winsorization,Deterministic S2 planned-sites benchmark based on number_of_facilities proxy; no site-count ML model.
site_benchmarks_v1,0a97519bd78f561a,phase_ta_rare|phase=PHASE3|ta=PSYCHIATRY|rare=0,PHASE3,,PSYCHIATRY,0,phase_ta_rare,431,15.0,38.0,63.5,102.0,False,2026-06-02T14:51:50+00:00,positive completed registry-derived facility-count proxy; percentiles used without winsorization,Deterministic S2 planned-sites benchmark based on number_of_facilities proxy; no site-count ML model.
site_benchmarks_v1,0a97519bd78f561a,phase_ta_rare|phase=PHASE3|ta=PSYCHIATRY|rare=1,PHASE3,,PSYCHIATRY,1,phase_ta_rare,1,24.0,24.0,24.0,24.0,True,2026-06-02T14:51:50+00:00,positive completed registry-derived facility-count proxy; percentiles used without winsorization,Deterministic S2 planned-sites benchmark based on number_of_facilities proxy; no site-count ML model.
site_benchmarks_v1,0a97519bd78f561a,phase_ta_rare|phase=PHASE3|ta=RENAL/UROLOGY|rare=0,PHASE3,,RENAL/UROLOGY,0,phase_ta_rare,347,5.0,28.0,56.5,118.0,False,2026-06-02T14:51:50+00:00,positive completed registry-derived facility-count proxy; percentiles used without winsorization,Deterministic S2 planned-sites benchmark based on number_of_facilities proxy; no site-count ML model.
site_benchmarks_v1,0a97519bd78f561a,phase_ta_rare|phase=PHASE3|ta=RENAL/UROLOGY|rare=1,PHASE3,,RENAL/UROLOGY,1,phase_ta_rare,19,9.5,37.0,151.0,213.2,True,2026-06-02T14:51:50+00:00,positive completed registry-derived facility-count proxy; percentiles used without winsorization,Deterministic S2 planned-sites benchmark based on number_of_facilities proxy; no site-count ML model.
site_benchmarks_v1,0a97519bd78f561a,phase_ta_rare|phase=PHASE3|ta=REPRODUCTIVE|rare=0,PHASE3,,REPRODUCTIVE,0,phase_ta_rare,192,7.75,26.0,62.25,100.0,False,2026-06-02T14:51:50+00:00,positive completed registry-derived facility-count proxy; percentiles used without winsorization,Deterministic S2 planned-sites benchmark based on number_of_facilities proxy; no site-count ML model.
site_benchmarks_v1,0a97519bd78f561a,phase_ta_rare|phase=PHASE3|ta=REPRODUCTIVE|rare=1,PHASE3,,REPRODUCTIVE,1,phase_ta_rare,2,15.5,17.0,18.5,19.4,True,2026-06-02T14:51:50+00:00,positive completed registry-derived facility-count proxy; percentiles used without winsorization,Deterministic S2 planned-sites benchmark based on number_of_facilities proxy; no site-count ML model.
site_benchmarks_v1,0a97519bd78f561a,phase_ta_rare|phase=PHASE3|ta=RESPIRATORY|rare=0,PHASE3,,RESPIRATORY,0,phase_ta_rare,607,6.0,39.0,98.0,180.0,False,2026-06-02T14:51:50+00:00,positive completed registry-derived facility-count proxy; percentiles used without winsorization,Deterministic S2 planned-sites benchmark based on number_of_facilities proxy; no site-count ML model.
site_benchmarks_v1,0a97519bd78f561a,phase_ta_rare|phase=PHASE3|ta=RESPIRATORY|rare=1,PHASE3,,RESPIRATORY,1,phase_ta_rare,34,20.75,42.5,97.5,146.8,True,2026-06-02T14:51:50+00:00,positive completed registry-derived facility-count proxy; percentiles used without winsorization,Deterministic S2 planned-sites benchmark based on number_of_facilities proxy; no site-count ML model.
site_benchmarks_v1,0a97519bd78f561a,phase_ta_rare|phase=PHASE3|ta=UNCLASSIFIED|rare=0,PHASE3,,UNCLASSIFIED,0,phase_ta_rare,56,1.75,11.5,21.5,34.5,False,2026-06-02T14:51:50+00:00,positive completed registry-derived facility-count proxy; percentiles used without winsorization,Deterministic S2 planned-sites benchmark based on number_of_facilities proxy; no site-count ML model.
